Build started 4/24/2026 4:24:09 PM.
Logging verbosity is set to: Detailed.     0>Process = "C:\Program Files\dotnet\dotnet.exe"
       MSBuild executable path = "C:\Program Files\dotnet\sdk\10.0.102\MSBuild.dll"
       Command line arguments = "C:\Program Files\dotnet\sdk\10.0.102\MSBuild.dll -maxcpucount --verbosity:m -tlp:default=auto --property:NuGetInteractive=true --restoreProperty:NuGetInteractive=true --restoreProperty:EnableDefaultCompileItems=false --restoreProperty:EnableDefaultEmbeddedResourceItems=false --restoreProperty:EnableDefaultNoneItems=false FoodStreetPoiAdmin\FoodStreetPoiAdmin.csproj /flp:LogFile=errors.log -consoleloggerparameters:Summary -restore -distributedlogger:Microsoft.DotNet.Cli.Commands.MSBuild.MSBuildLogger,C:\Program Files\dotnet\sdk\10.0.102\dotnet.dll*Microsoft.DotNet.Cli.Commands.MSBuild.MSBuildForwardingLogger,C:\Program Files\dotnet\sdk\10.0.102\dotnet.dll -nologo"
       Current directory = "E:\Study_project\C#\FoodStreet\FoodStreet"
       MSBuild version = "18.0.7+445250245"
       Based on the Windows registry key LongPathsEnabled, the LongPaths feature is disabled.
       Based on the Windows registry key VerifiedAndReputablePolicyState, SAC state = 0: turned off.
       The SDK "Microsoft.NET.Sdk.Web" was successfully resolved by the "DefaultSdkResolver" resolver to location "C:\Program Files\dotnet\sdk\10.0.102\Sdks\Microsoft.NET.Sdk.Web\Sdk" and version "".
       Assembly loaded during Evaluation: NuGet.Frameworks, Version=7.0.2.0, Culture=neutral, PublicKeyToken=31bf3856ad364e35 (location: C:\Program Files\dotnet\sdk\10.0.102\NuGet.Frameworks.dll, MVID: 49dfecd1-88f8-4b59-9e85-1a519567a742, AssemblyLoadContext: Assembly.LoadFile(C:\Program Files\dotnet\sdk\10.0.102\NuGet.Frameworks.dll))
       The SDK "Microsoft.NET.Sdk" was successfully resolved by the "DefaultSdkResolver" resolver to location "C:\Program Files\dotnet\sdk\10.0.102\Sdks\Microsoft.NET.Sdk\Sdk" and version "".
       C:\Program Files\dotnet\sdk\10.0.102\Sdks\Microsoft.NET.Sdk\Sdk\Sdk.props(49,11): message : Property 'MSBuildExtensionsPath' with value 'C:\Program Files\dotnet\sdk\10.0.102\' expanded from the environment.
       C:\Program Files\dotnet\sdk\10.0.102\Current\Microsoft.Common.props(60,5): message : Property reassignment: $(MSBuildProjectExtensionsPath)="E:\Study_project\C#\FoodStreet\FoodStreet\FoodStreetPoiAdmin\obj\" (previous value: "obj\") at C:\Program Files\dotnet\sdk\10.0.102\Current\Microsoft.Common.props (60,5)
       C:\Program Files\dotnet\sdk\10.0.102\Current\Microsoft.Common.props(84,119): message : Property 'MSBuildUserExtensionsPath' with value 'C:\Users\lenovo\AppData\Local\Microsoft\MSBuild' expanded from the environment.
       Assembly loaded during Evaluation: System.Threading.Tasks.Parallel, Version=10.0.0.0, Culture=neutral, PublicKeyToken=b03f5f7f11d50a3a (location: C:\Program Files\dotnet\shared\Microsoft.NETCore.App\10.0.2\System.Threading.Tasks.Parallel.dll, MVID: c827d93a-622c-403f-b635-e7389c8accaa, AssemblyLoadContext: Default)
       C:\Program Files\dotnet\sdk\10.0.102\Sdks\Microsoft.NET.Sdk\targets\Microsoft.NET.Sdk.props(90,5): message : Property reassignment: $(AssemblySearchPaths)="{CandidateAssemblyFiles};{HintPathFromItem}" (previous value: "{CandidateAssemblyFiles}") at C:\Program Files\dotnet\sdk\10.0.102\Sdks\Microsoft.NET.Sdk\targets\Microsoft.NET.Sdk.props (90,5)
       C:\Program Files\dotnet\sdk\10.0.102\Sdks\Microsoft.NET.Sdk\targets\Microsoft.NET.Sdk.props(91,5): message : Property reassignment: $(AssemblySearchPaths)="{CandidateAssemblyFiles};{HintPathFromItem};{TargetFrameworkDirectory}" (previous value: "{CandidateAssemblyFiles};{HintPathFromItem}") at C:\Program Files\dotnet\sdk\10.0.102\Sdks\Microsoft.NET.Sdk\targets\Microsoft.NET.Sdk.props (91,5)
       C:\Program Files\dotnet\sdk\10.0.102\Sdks\Microsoft.NET.Sdk\targets\Microsoft.NET.Sdk.props(92,5): message : Property reassignment: $(AssemblySearchPaths)="{CandidateAssemblyFiles};{HintPathFromItem};{TargetFrameworkDirectory};{RawFileName}" (previous value: "{CandidateAssemblyFiles};{HintPathFromItem};{TargetFrameworkDirectory}") at C:\Program Files\dotnet\sdk\10.0.102\Sdks\Microsoft.NET.Sdk\targets\Microsoft.NET.Sdk.props (92,5)
       The "DefaultSdkResolver" resolver attempted to resolve the SDK "Microsoft.NET.SDK.WorkloadAutoImportPropsLocator".
       Warnings: null
       Errors: MSB4276: The default SDK resolver failed to resolve SDK "Microsoft.NET.SDK.WorkloadAutoImportPropsLocator" because directory "C:\Program Files\dotnet\sdk\10.0.102\Sdks\Microsoft.NET.SDK.WorkloadAutoImportPropsLocator\Sdk" did not exist.
       Assembly loaded during Evaluation: Microsoft.Build.NuGetSdkResolver, Version=7.0.2.0, Culture=neutral, PublicKeyToken=31bf3856ad364e35 (location: C:\Program Files\dotnet\sdk\10.0.102\Microsoft.Build.NuGetSdkResolver.dll, MVID: 9c3f2b84-100e-4a53-8b3c-dbc6cc5ca608, AssemblyLoadContext: MSBuild plugin C:\Program Files\dotnet\sdk\10.0.102\Microsoft.Build.NuGetSdkResolver.dll)
       Assembly loaded during Evaluation: System.Reflection.Metadata, Version=10.0.0.0, Culture=neutral, PublicKeyToken=b03f5f7f11d50a3a (location: C:\Program Files\dotnet\shared\Microsoft.NETCore.App\10.0.2\System.Reflection.Metadata.dll, MVID: 68d9d628-f4a5-4465-b005-eacae216eec5, AssemblyLoadContext: Default)
       Assembly loaded during Evaluation: NuGet.Common, Version=7.0.2.0, Culture=neutral, PublicKeyToken=31bf3856ad364e35 (location: C:\Program Files\dotnet\sdk\10.0.102\NuGet.Common.dll, MVID: 0ebddcbc-c0d1-4562-9772-1cc3c243691f, AssemblyLoadContext: MSBuild plugin C:\Program Files\dotnet\sdk\10.0.102\Microsoft.Build.NuGetSdkResolver.dll)
       Assembly loaded during Evaluation: Microsoft.NET.Sdk.WorkloadMSBuildSdkResolver, Version=10.0.102.0, Culture=neutral, PublicKeyToken=31bf3856ad364e35 (location: C:\Program Files\dotnet\sdk\10.0.102\Microsoft.NET.Sdk.WorkloadMSBuildSdkResolver.dll, MVID: 0e66cf43-0163-4488-bd51-f0846c45fc40, AssemblyLoadContext: MSBuild plugin C:\Program Files\dotnet\sdk\10.0.102\Microsoft.NET.Sdk.WorkloadMSBuildSdkResolver.dll)
       Assembly loaded during Evaluation: Microsoft.DotNet.Cli.Utils, Version=10.0.102.0, Culture=neutral, PublicKeyToken=adb9793829ddae60 (location: C:\Program Files\dotnet\sdk\10.0.102\Microsoft.DotNet.Cli.Utils.dll, MVID: cae0198e-8b37-4d9c-86e8-b59957899232, AssemblyLoadContext: MSBuild plugin C:\Program Files\dotnet\sdk\10.0.102\Microsoft.NET.Sdk.WorkloadMSBuildSdkResolver.dll)
       Assembly loaded during Evaluation: Microsoft.NET.Sdk.WorkloadManifestReader, Version=10.0.102.0, Culture=neutral, PublicKeyToken=adb9793829ddae60 (location: C:\Program Files\dotnet\sdk\10.0.102\Microsoft.NET.Sdk.WorkloadManifestReader.dll, MVID: f3389ec6-0253-4ad5-bd68-28bf0a66ae27, AssemblyLoadContext: MSBuild plugin C:\Program Files\dotnet\sdk\10.0.102\Microsoft.NET.Sdk.WorkloadMSBuildSdkResolver.dll)
       Assembly loaded during Evaluation: Microsoft.Deployment.DotNet.Releases, Version=2.0.0.0, Culture=neutral, PublicKeyToken=31bf3856ad364e35 (location: C:\Program Files\dotnet\sdk\10.0.102\Microsoft.Deployment.DotNet.Releases.dll, MVID: 80b7d375-dc3e-433d-9d6a-803f8910de16, AssemblyLoadContext: MSBuild plugin C:\Program Files\dotnet\sdk\10.0.102\Microsoft.NET.Sdk.WorkloadMSBuildSdkResolver.dll)
       The SDK "Microsoft.NET.SDK.WorkloadAutoImportPropsLocator" was successfully resolved by the "Microsoft.DotNet.MSBuildWorkloadSdkResolver" resolver to location "C:\Program Files\dotnet\packs\Microsoft.Android.Sdk.Windows\36.1.53\Sdk" and version "null".
       The SDK "Microsoft.NET.Sdk.Razor" was successfully resolved by the "DefaultSdkResolver" resolver to location "C:\Program Files\dotnet\sdk\10.0.102\Sdks\Microsoft.NET.Sdk.Razor\Sdk" and version "".
       The SDK "Microsoft.NET.Sdk.StaticWebAssets" was successfully resolved by the "DefaultSdkResolver" resolver to location "C:\Program Files\dotnet\sdk\10.0.102\Sdks\Microsoft.NET.Sdk.StaticWebAssets\Sdk" and version "".
       C:\Program Files\dotnet\sdk\10.0.102\Sdks\Microsoft.NET.Sdk.StaticWebAssets\Sdk\Sdk.StaticWebAssets.StaticAssets.ProjectSystem.props(23,5): message : Property reassignment: $(DefaultItemExcludes)=";**\node_modules\**;node_modules\**;**\jspm_packages\**;jspm_packages\**" (previous value: ";**\node_modules\**;node_modules\**") at C:\Program Files\dotnet\sdk\10.0.102\Sdks\Microsoft.NET.Sdk.StaticWebAssets\Sdk\Sdk.StaticWebAssets.StaticAssets.ProjectSystem.props (23,5)
       C:\Program Files\dotnet\sdk\10.0.102\Sdks\Microsoft.NET.Sdk.StaticWebAssets\Sdk\Sdk.StaticWebAssets.StaticAssets.ProjectSystem.props(24,5): message : Property reassignment: $(DefaultItemExcludes)=";**\node_modules\**;node_modules\**;**\jspm_packages\**;jspm_packages\**;**\bower_components\**;bower_components\**" (previous value: ";**\node_modules\**;node_modules\**;**\jspm_packages\**;jspm_packages\**") at C:\Program Files\dotnet\sdk\10.0.102\Sdks\Microsoft.NET.Sdk.StaticWebAssets\Sdk\Sdk.StaticWebAssets.StaticAssets.ProjectSystem.props (24,5)
       C:\Program Files\dotnet\sdk\10.0.102\Sdks\Microsoft.NET.Sdk.StaticWebAssets\Sdk\Sdk.StaticWebAssets.StaticAssets.ProjectSystem.props(25,5): message : Property reassignment: $(DefaultItemExcludes)=";**\node_modules\**;node_modules\**;**\jspm_packages\**;jspm_packages\**;**\bower_components\**;bower_components\**;**\packages.lock.json" (previous value: ";**\node_modules\**;node_modules\**;**\jspm_packages\**;jspm_packages\**;**\bower_components\**;bower_components\**") at C:\Program Files\dotnet\sdk\10.0.102\Sdks\Microsoft.NET.Sdk.StaticWebAssets\Sdk\Sdk.StaticWebAssets.StaticAssets.ProjectSystem.props (25,5)
       The SDK "Microsoft.NET.Sdk.Web.ProjectSystem" was successfully resolved by the "DefaultSdkResolver" resolver to location "C:\Program Files\dotnet\sdk\10.0.102\Sdks\Microsoft.NET.Sdk.Web.ProjectSystem\Sdk" and version "".
       C:\Program Files\dotnet\sdk\10.0.102\Sdks\Microsoft.NET.Sdk.Web.ProjectSystem\targets\Microsoft.NET.Sdk.Web.ProjectSystem.props(16,5): message : Property reassignment: $(OutputType)="Exe" (previous value: "Library") at C:\Program Files\dotnet\sdk\10.0.102\Sdks\Microsoft.NET.Sdk.Web.ProjectSystem\targets\Microsoft.NET.Sdk.Web.ProjectSystem.props (16,5)
       The SDK "Microsoft.NET.Sdk.Publish" was successfully resolved by the "DefaultSdkResolver" resolver to location "C:\Program Files\dotnet\sdk\10.0.102\Sdks\Microsoft.NET.Sdk.Publish\Sdk" and version "".
       E:\Study_project\C#\FoodStreet\FoodStreet\FoodStreetPoiAdmin\FoodStreetPoiAdmin.csproj(6,5): message : Property reassignment: $(DefaultItemExcludes)=";**\node_modules\**;node_modules\**;**\jspm_packages\**;jspm_packages\**;**\bower_components\**;bower_components\**;**\packages.lock.json;bin_verify*/**;**/bin_verify*/**" (previous value: ";**\node_modules\**;node_modules\**;**\jspm_packages\**;jspm_packages\**;**\bower_components\**;bower_components\**;**\packages.lock.json") at E:\Study_project\C#\FoodStreet\FoodStreet\FoodStreetPoiAdmin\FoodStreetPoiAdmin.csproj (6,5)
       C:\Program Files\dotnet\sdk\10.0.102\Sdks\Microsoft.NET.Sdk\targets\Microsoft.NET.Sdk.ImportPublishProfile.targets(28,5): message : Property reassignment: $(PublishProfileImported)="false" (previous value: "true") at C:\Program Files\dotnet\sdk\10.0.102\Sdks\Microsoft.NET.Sdk\targets\Microsoft.NET.Sdk.ImportPublishProfile.targets (28,5)
       C:\Program Files\dotnet\sdk\10.0.102\Sdks\Microsoft.NET.Sdk\targets\Microsoft.NET.TargetFrameworkInference.targets(81,5): message : Property reassignment: $(TargetPlatformVersion)="" (previous value: "0.0") at C:\Program Files\dotnet\sdk\10.0.102\Sdks\Microsoft.NET.Sdk\targets\Microsoft.NET.TargetFrameworkInference.targets (81,5)
       C:\Program Files\dotnet\sdk\10.0.102\Sdks\Microsoft.NET.Sdk\targets\Microsoft.NET.DefaultOutputPaths.targets(126,5): message : Property reassignment: $(DefaultItemExcludes)=";**\node_modules\**;node_modules\**;**\jspm_packages\**;jspm_packages\**;**\bower_components\**;bower_components\**;**\packages.lock.json;bin_verify*/**;**/bin_verify*/**;bin\Debug\/**" (previous value: ";**\node_modules\**;node_modules\**;**\jspm_packages\**;jspm_packages\**;**\bower_components\**;bower_components\**;**\packages.lock.json;bin_verify*/**;**/bin_verify*/**") at C:\Program Files\dotnet\sdk\10.0.102\Sdks\Microsoft.NET.Sdk\targets\Microsoft.NET.DefaultOutputPaths.targets (126,5)
       C:\Program Files\dotnet\sdk\10.0.102\Sdks\Microsoft.NET.Sdk\targets\Microsoft.NET.DefaultOutputPaths.targets(127,5): message : Property reassignment: $(DefaultItemExcludes)=";**\node_modules\**;node_modules\**;**\jspm_packages\**;jspm_packages\**;**\bower_components\**;bower_components\**;**\packages.lock.json;bin_verify*/**;**/bin_verify*/**;bin\Debug\/**;obj\Debug\/**" (previous value: ";**\node_modules\**;node_modules\**;**\jspm_packages\**;jspm_packages\**;**\bower_components\**;bower_components\**;**\packages.lock.json;bin_verify*/**;**/bin_verify*/**;bin\Debug\/**") at C:\Program Files\dotnet\sdk\10.0.102\Sdks\Microsoft.NET.Sdk\targets\Microsoft.NET.DefaultOutputPaths.targets (127,5)
       C:\Program Files\dotnet\sdk\10.0.102\Sdks\Microsoft.NET.Sdk\targets\Microsoft.NET.DefaultOutputPaths.targets(142,5): message : Property reassignment: $(OutputPath)="bin\Debug\net10.0\" (previous value: "bin\Debug\") at C:\Program Files\dotnet\sdk\10.0.102\Sdks\Microsoft.NET.Sdk\targets\Microsoft.NET.DefaultOutputPaths.targets (142,5)
       C:\Program Files\dotnet\sdk\10.0.102\Sdks\Microsoft.NET.Sdk\targets\Microsoft.NET.DefaultOutputPaths.targets(147,5): message : Property reassignment: $(IntermediateOutputPath)="obj\Debug\net10.0\" (previous value: "obj\Debug\") at C:\Program Files\dotnet\sdk\10.0.102\Sdks\Microsoft.NET.Sdk\targets\Microsoft.NET.DefaultOutputPaths.targets (147,5)
       The "DefaultSdkResolver" resolver attempted to resolve the SDK "Microsoft.NET.SDK.WorkloadManifestTargetsLocator".
       Warnings: null
       Errors: MSB4276: The default SDK resolver failed to resolve SDK "Microsoft.NET.SDK.WorkloadManifestTargetsLocator" because directory "C:\Program Files\dotnet\sdk\10.0.102\Sdks\Microsoft.NET.SDK.WorkloadManifestTargetsLocator\Sdk" did not exist.
       The SDK "Microsoft.NET.SDK.WorkloadManifestTargetsLocator" was successfully resolved by the "Microsoft.DotNet.MSBuildWorkloadSdkResolver" resolver to location "C:\Program Files\dotnet\sdk-manifests\10.0.100\microsoft.net.sdk.android\36.1.53" and version "null".
       C:\Program Files\dotnet\sdk\10.0.102\Sdks\Microsoft.NET.Sdk\targets\Microsoft.NET.Sdk.BeforeCommon.targets(371,5): message : Property reassignment: $(RoslynTargetsPath)="C:\Program Files\dotnet\sdk\10.0.102\Sdks\Microsoft.NET.Sdk\targets\..\..\..\Roslyn" (previous value: "C:\Program Files\dotnet\sdk\10.0.102\Roslyn") at C:\Program Files\dotnet\sdk\10.0.102\Sdks\Microsoft.NET.Sdk\targets\Microsoft.NET.Sdk.BeforeCommon.targets (371,5)
       Assembly loaded during Evaluation: System.Threading.ThreadPool, Version=10.0.0.0, Culture=neutral, PublicKeyToken=b03f5f7f11d50a3a (location: C:\Program Files\dotnet\shared\Microsoft.NETCore.App\10.0.2\System.Threading.ThreadPool.dll, MVID: cf89d91e-2e3e-40ac-9fb6-b69fd96cf813, AssemblyLoadContext: Default)
       C:\Program Files\dotnet\sdk\10.0.102\Roslyn\Microsoft.Managed.Core.targets(6,5): message : Property reassignment: $(_BuildTasksDirectory)="C:\Program Files\dotnet\sdk\10.0.102\Sdks\Microsoft.NET.Sdk\targets\..\..\..\Roslyn\" (previous value: "C:\Program Files\dotnet\sdk\10.0.102\Roslyn\") at C:\Program Files\dotnet\sdk\10.0.102\Roslyn\Microsoft.Managed.Core.targets (6,5)
       C:\Program Files\dotnet\sdk\10.0.102\Roslyn\Microsoft.CSharp.Core.targets(200,5): message : Property reassignment: $(CommandLineArgsForDesignTimeEvaluation)="-langversion:14.0 -define:TRACE" (previous value: "-langversion:14.0") at C:\Program Files\dotnet\sdk\10.0.102\Roslyn\Microsoft.CSharp.Core.targets (200,5)
       Assembly loaded during Evaluation: Microsoft.Build.Utilities.Core, Version=15.1.0.0, Culture=neutral, PublicKeyToken=b03f5f7f11d50a3a (location: C:\Program Files\dotnet\sdk\10.0.102\Microsoft.Build.Utilities.Core.dll, MVID: 1b1ea269-399d-4129-bea4-5e805d608f5b, AssemblyLoadContext: Default)
       Assembly loaded during Evaluation: System.Net.Sockets, Version=10.0.0.0, Culture=neutral, PublicKeyToken=b03f5f7f11d50a3a (location: C:\Program Files\dotnet\shared\Microsoft.NETCore.App\10.0.2\System.Net.Sockets.dll, MVID: a998f3e7-b6d3-4053-bc42-71b3465d447b, AssemblyLoadContext: Default)
       C:\Program Files\dotnet\sdk\10.0.102\Microsoft.Common.CurrentVersion.targets(175,5): message : Property reassignment: $(_DebugSymbolsProduced)="true" (previous value: "false") at C:\Program Files\dotnet\sdk\10.0.102\Microsoft.Common.CurrentVersion.targets (175,5)
       C:\Program Files\dotnet\sdk\10.0.102\Microsoft.Common.CurrentVersion.targets(185,5): message : Property reassignment: $(_DocumentationFileProduced)="false" (previous value: "true") at C:\Program Files\dotnet\sdk\10.0.102\Microsoft.Common.CurrentVersion.targets (185,5)
       C:\Program Files\dotnet\sdk\10.0.102\Microsoft.Common.CurrentVersion.targets(392,5): message : Property reassignment: $(MSBuildCopyMarkerName)="FoodStre.2476A410" (previous value: "FoodStreetPoiAdmin.csproj") at C:\Program Files\dotnet\sdk\10.0.102\Microsoft.Common.CurrentVersion.targets (392,5)
       C:\Program Files\dotnet\sdk\10.0.102\Microsoft.Common.CurrentVersion.targets(393,5): message : Property reassignment: $(MSBuildCopyMarkerName)="FoodStre.2476A410.Up2Date" (previous value: "FoodStre.2476A410") at C:\Program Files\dotnet\sdk\10.0.102\Microsoft.Common.CurrentVersion.targets (393,5)
       C:\Program Files\dotnet\sdk\10.0.102\Microsoft.Common.CurrentVersion.targets(541,5): message : Property reassignment: $(ProcessorArchitecture)="msil" (previous value: "") at C:\Program Files\dotnet\sdk\10.0.102\Microsoft.Common.CurrentVersion.targets (541,5)
       C:\Program Files\dotnet\sdk\10.0.102\Microsoft.Common.CurrentVersion.targets(580,5): message : Property reassignment: $(DelaySign)="" (previous value: "false") at C:\Program Files\dotnet\sdk\10.0.102\Microsoft.Common.CurrentVersion.targets (580,5)
       C:\Program Files\dotnet\sdk\10.0.102\Microsoft.Common.CurrentVersion.targets(2606,5): message : Property 'LOCALAPPDATA' with value 'C:\Users\lenovo\AppData\Local' expanded from the environment.
       C:\Program Files\dotnet\sdk\10.0.102\Microsoft.Common.CurrentVersion.targets(3934,5): message : Property reassignment: $(_SGenGenerateSerializationAssembliesConfig)="Auto" (previous value: "") at C:\Program Files\dotnet\sdk\10.0.102\Microsoft.Common.CurrentVersion.targets (3934,5)
       C:\Program Files\dotnet\sdk\10.0.102\Microsoft.Common.CurrentVersion.targets(3935,5): message : Property reassignment: $(_SGenGenerateSerializationAssembliesConfig)="Off" (previous value: "Auto") at C:\Program Files\dotnet\sdk\10.0.102\Microsoft.Common.CurrentVersion.targets (3935,5)
       C:\Program Files\dotnet\sdk\10.0.102\Microsoft.Common.CurrentVersion.targets(5146,5): message : Property reassignment: $(_TargetsThatPrepareProjectReferences)="
       C:\Program Files\dotnet\sdk\10.0.102\Microsoft.Common.CurrentVersion.targets(5146,5): message :       AssignProjectConfiguration;
       C:\Program Files\dotnet\sdk\10.0.102\Microsoft.Common.CurrentVersion.targets(5146,5): message :       _SplitProjectReferencesByFileExistence
       C:\Program Files\dotnet\sdk\10.0.102\Microsoft.Common.CurrentVersion.targets(5146,5): message :     " (previous value: "_SplitProjectReferencesByFileExistence") at C:\Program Files\dotnet\sdk\10.0.102\Microsoft.Common.CurrentVersion.targets (5146,5)
       C:\Program Files\dotnet\sdk\10.0.102\Microsoft.Common.CurrentVersion.targets(6959,5): message : Property 'MSBuildExtensionsPath32' with value 'C:\Program Files\dotnet\sdk\10.0.102' expanded from the environment.
       Assembly loaded during Evaluation: System.Threading.Overlapped, Version=10.0.0.0, Culture=neutral, PublicKeyToken=b03f5f7f11d50a3a (location: C:\Program Files\dotnet\shared\Microsoft.NETCore.App\10.0.2\System.Threading.Overlapped.dll, MVID: cab44302-4208-432e-8181-7e537a9f3d26, AssemblyLoadContext: Default)
       The "NuGetInteractive" property is a global property, and cannot be modified.
       C:\Program Files\dotnet\sdk\10.0.102\Sdks\Microsoft.NET.Sdk\targets\Microsoft.PackageDependencyResolution.targets(24,5): message : Property reassignment: $(ProjectAssetsFile)="E:\Study_project\C#\FoodStreet\FoodStreet\FoodStreetPoiAdmin\obj\project.assets.json" (previous value: "E:\Study_project\C#\FoodStreet\FoodStreet\FoodStreetPoiAdmin\obj\/project.assets.json") at C:\Program Files\dotnet\sdk\10.0.102\Sdks\Microsoft.NET.Sdk\targets\Microsoft.PackageDependencyResolution.targets (24,5)
       C:\Program Files\dotnet\sdk\10.0.102\Sdks\Microsoft.NET.Sdk\targets\Microsoft.PackageDependencyResolution.targets(29,5): message : Property reassignment: $(ProjectAssetsCacheFile)="E:\Study_project\C#\FoodStreet\FoodStreet\FoodStreetPoiAdmin\obj\Debug\net10.0\FoodStreetPoiAdmin.assets.cache" (previous value: "obj\Debug\net10.0\FoodStreetPoiAdmin.assets.cache") at C:\Program Files\dotnet\sdk\10.0.102\Sdks\Microsoft.NET.Sdk\targets\Microsoft.PackageDependencyResolution.targets (29,5)
       C:\Program Files\dotnet\sdk\10.0.102\Sdks\Microsoft.NET.Sdk\targets\Microsoft.PackageDependencyResolution.targets(80,5): message : Property reassignment: $(ResolveAssemblyReferencesDependsOn)="
       C:\Program Files\dotnet\sdk\10.0.102\Sdks\Microsoft.NET.Sdk\targets\Microsoft.PackageDependencyResolution.targets(80,5): message :       
       C:\Program Files\dotnet\sdk\10.0.102\Sdks\Microsoft.NET.Sdk\targets\Microsoft.PackageDependencyResolution.targets(80,5): message :       ResolveProjectReferences;
       C:\Program Files\dotnet\sdk\10.0.102\Sdks\Microsoft.NET.Sdk\targets\Microsoft.PackageDependencyResolution.targets(80,5): message :       FindInvalidProjectReferences;
       C:\Program Files\dotnet\sdk\10.0.102\Sdks\Microsoft.NET.Sdk\targets\Microsoft.PackageDependencyResolution.targets(80,5): message :       GetFrameworkPaths;
       C:\Program Files\dotnet\sdk\10.0.102\Sdks\Microsoft.NET.Sdk\targets\Microsoft.PackageDependencyResolution.targets(80,5): message :       GetReferenceAssemblyPaths;
       C:\Program Files\dotnet\sdk\10.0.102\Sdks\Microsoft.NET.Sdk\targets\Microsoft.PackageDependencyResolution.targets(80,5): message :       PrepareForBuild;
       C:\Program Files\dotnet\sdk\10.0.102\Sdks\Microsoft.NET.Sdk\targets\Microsoft.PackageDependencyResolution.targets(80,5): message :       ResolveSDKReferences;
       C:\Program Files\dotnet\sdk\10.0.102\Sdks\Microsoft.NET.Sdk\targets\Microsoft.PackageDependencyResolution.targets(80,5): message :       ExpandSDKReferences;
       C:\Program Files\dotnet\sdk\10.0.102\Sdks\Microsoft.NET.Sdk\targets\Microsoft.PackageDependencyResolution.targets(80,5): message :     ;
       C:\Program Files\dotnet\sdk\10.0.102\Sdks\Microsoft.NET.Sdk\targets\Microsoft.PackageDependencyResolution.targets(80,5): message :       ResolvePackageDependenciesForBuild;
       C:\Program Files\dotnet\sdk\10.0.102\Sdks\Microsoft.NET.Sdk\targets\Microsoft.PackageDependencyResolution.targets(80,5): message :       _HandlePackageFileConflicts;
       C:\Program Files\dotnet\sdk\10.0.102\Sdks\Microsoft.NET.Sdk\targets\Microsoft.PackageDependencyResolution.targets(80,5): message :     " (previous value: "
       C:\Program Files\dotnet\sdk\10.0.102\Sdks\Microsoft.NET.Sdk\targets\Microsoft.PackageDependencyResolution.targets(80,5): message :       ResolveProjectReferences;
       C:\Program Files\dotnet\sdk\10.0.102\Sdks\Microsoft.NET.Sdk\targets\Microsoft.PackageDependencyResolution.targets(80,5): message :       FindInvalidProjectReferences;
       C:\Program Files\dotnet\sdk\10.0.102\Sdks\Microsoft.NET.Sdk\targets\Microsoft.PackageDependencyResolution.targets(80,5): message :       GetFrameworkPaths;
       C:\Program Files\dotnet\sdk\10.0.102\Sdks\Microsoft.NET.Sdk\targets\Microsoft.PackageDependencyResolution.targets(80,5): message :       GetReferenceAssemblyPaths;
       C:\Program Files\dotnet\sdk\10.0.102\Sdks\Microsoft.NET.Sdk\targets\Microsoft.PackageDependencyResolution.targets(80,5): message :       PrepareForBuild;
       C:\Program Files\dotnet\sdk\10.0.102\Sdks\Microsoft.NET.Sdk\targets\Microsoft.PackageDependencyResolution.targets(80,5): message :       ResolveSDKReferences;
       C:\Program Files\dotnet\sdk\10.0.102\Sdks\Microsoft.NET.Sdk\targets\Microsoft.PackageDependencyResolution.targets(80,5): message :       ExpandSDKReferences;
       C:\Program Files\dotnet\sdk\10.0.102\Sdks\Microsoft.NET.Sdk\targets\Microsoft.PackageDependencyResolution.targets(80,5): message :     ") at C:\Program Files\dotnet\sdk\10.0.102\Sdks\Microsoft.NET.Sdk\targets\Microsoft.PackageDependencyResolution.targets (80,5)
       C:\Program Files\dotnet\sdk\10.0.102\Sdks\Microsoft.NET.Sdk\targets\Microsoft.PackageDependencyResolution.targets(86,5): message : Property reassignment: $(PrepareResourcesDependsOn)="
       C:\Program Files\dotnet\sdk\10.0.102\Sdks\Microsoft.NET.Sdk\targets\Microsoft.PackageDependencyResolution.targets(86,5): message :       ResolvePackageDependenciesForBuild;
       C:\Program Files\dotnet\sdk\10.0.102\Sdks\Microsoft.NET.Sdk\targets\Microsoft.PackageDependencyResolution.targets(86,5): message :       _HandlePackageFileConflicts;
       C:\Program Files\dotnet\sdk\10.0.102\Sdks\Microsoft.NET.Sdk\targets\Microsoft.PackageDependencyResolution.targets(86,5): message :       
       C:\Program Files\dotnet\sdk\10.0.102\Sdks\Microsoft.NET.Sdk\targets\Microsoft.PackageDependencyResolution.targets(86,5): message :       ;
       C:\Program Files\dotnet\sdk\10.0.102\Sdks\Microsoft.NET.Sdk\targets\Microsoft.PackageDependencyResolution.targets(86,5): message :       PrepareResourceNames;
       C:\Program Files\dotnet\sdk\10.0.102\Sdks\Microsoft.NET.Sdk\targets\Microsoft.PackageDependencyResolution.targets(86,5): message :       ResGen;
       C:\Program Files\dotnet\sdk\10.0.102\Sdks\Microsoft.NET.Sdk\targets\Microsoft.PackageDependencyResolution.targets(86,5): message :       CompileLicxFiles
       C:\Program Files\dotnet\sdk\10.0.102\Sdks\Microsoft.NET.Sdk\targets\Microsoft.PackageDependencyResolution.targets(86,5): message :     
       C:\Program Files\dotnet\sdk\10.0.102\Sdks\Microsoft.NET.Sdk\targets\Microsoft.PackageDependencyResolution.targets(86,5): message :     " (previous value: "
       C:\Program Files\dotnet\sdk\10.0.102\Sdks\Microsoft.NET.Sdk\targets\Microsoft.PackageDependencyResolution.targets(86,5): message :       ;
       C:\Program Files\dotnet\sdk\10.0.102\Sdks\Microsoft.NET.Sdk\targets\Microsoft.PackageDependencyResolution.targets(86,5): message :       PrepareResourceNames;
       C:\Program Files\dotnet\sdk\10.0.102\Sdks\Microsoft.NET.Sdk\targets\Microsoft.PackageDependencyResolution.targets(86,5): message :       ResGen;
       C:\Program Files\dotnet\sdk\10.0.102\Sdks\Microsoft.NET.Sdk\targets\Microsoft.PackageDependencyResolution.targets(86,5): message :       CompileLicxFiles
       C:\Program Files\dotnet\sdk\10.0.102\Sdks\Microsoft.NET.Sdk\targets\Microsoft.PackageDependencyResolution.targets(86,5): message :     ") at C:\Program Files\dotnet\sdk\10.0.102\Sdks\Microsoft.NET.Sdk\targets\Microsoft.PackageDependencyResolution.targets (86,5)
       The "EnableDefaultCompileItems" property is a global property, and cannot be modified.
       The "EnableDefaultEmbeddedResourceItems" property is a global property, and cannot be modified.
       The "EnableDefaultNoneItems" property is a global property, and cannot be modified.
       C:\Program Files\dotnet\sdk\10.0.102\Sdks\Microsoft.NET.Sdk\targets\Microsoft.NET.Sdk.DefaultItems.targets(35,5): message : Property reassignment: $(DefaultItemExcludes)=";**\node_modules\**;node_modules\**;**\jspm_packages\**;jspm_packages\**;**\bower_components\**;bower_components\**;**\packages.lock.json;bin_verify*/**;**/bin_verify*/**;bin\Debug\/**;obj\Debug\/**;bin\/**" (previous value: ";**\node_modules\**;node_modules\**;**\jspm_packages\**;jspm_packages\**;**\bower_components\**;bower_components\**;**\packages.lock.json;bin_verify*/**;**/bin_verify*/**;bin\Debug\/**;obj\Debug\/**") at C:\Program Files\dotnet\sdk\10.0.102\Sdks\Microsoft.NET.Sdk\targets\Microsoft.NET.Sdk.DefaultItems.targets (35,5)
       C:\Program Files\dotnet\sdk\10.0.102\Sdks\Microsoft.NET.Sdk\targets\Microsoft.NET.Sdk.DefaultItems.targets(37,5): message : Property reassignment: $(DefaultItemExcludes)=";**\node_modules\**;node_modules\**;**\jspm_packages\**;jspm_packages\**;**\bower_components\**;bower_components\**;**\packages.lock.json;bin_verify*/**;**/bin_verify*/**;bin\Debug\/**;obj\Debug\/**;bin\/**;obj\/**" (previous value: ";**\node_modules\**;node_modules\**;**\jspm_packages\**;jspm_packages\**;**\bower_components\**;bower_components\**;**\packages.lock.json;bin_verify*/**;**/bin_verify*/**;bin\Debug\/**;obj\Debug\/**;bin\/**") at C:\Program Files\dotnet\sdk\10.0.102\Sdks\Microsoft.NET.Sdk\targets\Microsoft.NET.Sdk.DefaultItems.targets (37,5)
       C:\Program Files\dotnet\sdk\10.0.102\Sdks\Microsoft.NET.Sdk\targets\Microsoft.NET.Sdk.DefaultItems.targets(40,5): message : Property reassignment: $(DefaultItemExcludes)=";**\node_modules\**;node_modules\**;**\jspm_packages\**;jspm_packages\**;**\bower_components\**;bower_components\**;**\packages.lock.json;bin_verify*/**;**/bin_verify*/**;bin\Debug\/**;obj\Debug\/**;bin\/**;obj\/**;**/*.user" (previous value: ";**\node_modules\**;node_modules\**;**\jspm_packages\**;jspm_packages\**;**\bower_components\**;bower_components\**;**\packages.lock.json;bin_verify*/**;**/bin_verify*/**;bin\Debug\/**;obj\Debug\/**;bin\/**;obj\/**") at C:\Program Files\dotnet\sdk\10.0.102\Sdks\Microsoft.NET.Sdk\targets\Microsoft.NET.Sdk.DefaultItems.targets (40,5)
       C:\Program Files\dotnet\sdk\10.0.102\Sdks\Microsoft.NET.Sdk\targets\Microsoft.NET.Sdk.DefaultItems.targets(41,5): message : Property reassignment: $(DefaultItemExcludes)=";**\node_modules\**;node_modules\**;**\jspm_packages\**;jspm_packages\**;**\bower_components\**;bower_components\**;**\packages.lock.json;bin_verify*/**;**/bin_verify*/**;bin\Debug\/**;obj\Debug\/**;bin\/**;obj\/**;**/*.user;**/*.*proj" (previous value: ";**\node_modules\**;node_modules\**;**\jspm_packages\**;jspm_packages\**;**\bower_components\**;bower_components\**;**\packages.lock.json;bin_verify*/**;**/bin_verify*/**;bin\Debug\/**;obj\Debug\/**;bin\/**;obj\/**;**/*.user") at C:\Program Files\dotnet\sdk\10.0.102\Sdks\Microsoft.NET.Sdk\targets\Microsoft.NET.Sdk.DefaultItems.targets (41,5)
       C:\Program Files\dotnet\sdk\10.0.102\Sdks\Microsoft.NET.Sdk\targets\Microsoft.NET.Sdk.DefaultItems.targets(42,5): message : Property reassignment: $(DefaultItemExcludes)=";**\node_modules\**;node_modules\**;**\jspm_packages\**;jspm_packages\**;**\bower_components\**;bower_components\**;**\packages.lock.json;bin_verify*/**;**/bin_verify*/**;bin\Debug\/**;obj\Debug\/**;bin\/**;obj\/**;**/*.user;**/*.*proj;**/*.sln" (previous value: ";**\node_modules\**;node_modules\**;**\jspm_packages\**;jspm_packages\**;**\bower_components\**;bower_components\**;**\packages.lock.json;bin_verify*/**;**/bin_verify*/**;bin\Debug\/**;obj\Debug\/**;bin\/**;obj\/**;**/*.user;**/*.*proj") at C:\Program Files\dotnet\sdk\10.0.102\Sdks\Microsoft.NET.Sdk\targets\Microsoft.NET.Sdk.DefaultItems.targets (42,5)
       C:\Program Files\dotnet\sdk\10.0.102\Sdks\Microsoft.NET.Sdk\targets\Microsoft.NET.Sdk.DefaultItems.targets(43,5): message : Property reassignment: $(DefaultItemExcludes)=";**\node_modules\**;node_modules\**;**\jspm_packages\**;jspm_packages\**;**\bower_components\**;bower_components\**;**\packages.lock.json;bin_verify*/**;**/bin_verify*/**;bin\Debug\/**;obj\Debug\/**;bin\/**;obj\/**;**/*.user;**/*.*proj;**/*.sln;**/*.slnx" (previous value: ";**\node_modules\**;node_modules\**;**\jspm_packages\**;jspm_packages\**;**\bower_components\**;bower_components\**;**\packages.lock.json;bin_verify*/**;**/bin_verify*/**;bin\Debug\/**;obj\Debug\/**;bin\/**;obj\/**;**/*.user;**/*.*proj;**/*.sln") at C:\Program Files\dotnet\sdk\10.0.102\Sdks\Microsoft.NET.Sdk\targets\Microsoft.NET.Sdk.DefaultItems.targets (43,5)
       C:\Program Files\dotnet\sdk\10.0.102\Sdks\Microsoft.NET.Sdk\targets\Microsoft.NET.Sdk.DefaultItems.targets(44,5): message : Property reassignment: $(DefaultItemExcludes)=";**\node_modules\**;node_modules\**;**\jspm_packages\**;jspm_packages\**;**\bower_components\**;bower_components\**;**\packages.lock.json;bin_verify*/**;**/bin_verify*/**;bin\Debug\/**;obj\Debug\/**;bin\/**;obj\/**;**/*.user;**/*.*proj;**/*.sln;**/*.slnx;**/*.vssscc" (previous value: ";**\node_modules\**;node_modules\**;**\jspm_packages\**;jspm_packages\**;**\bower_components\**;bower_components\**;**\packages.lock.json;bin_verify*/**;**/bin_verify*/**;bin\Debug\/**;obj\Debug\/**;bin\/**;obj\/**;**/*.user;**/*.*proj;**/*.sln;**/*.slnx") at C:\Program Files\dotnet\sdk\10.0.102\Sdks\Microsoft.NET.Sdk\targets\Microsoft.NET.Sdk.DefaultItems.targets (44,5)
       C:\Program Files\dotnet\sdk\10.0.102\Sdks\Microsoft.NET.Sdk\targets\Microsoft.NET.Sdk.DefaultItems.targets(45,5): message : Property reassignment: $(DefaultItemExcludes)=";**\node_modules\**;node_modules\**;**\jspm_packages\**;jspm_packages\**;**\bower_components\**;bower_components\**;**\packages.lock.json;bin_verify*/**;**/bin_verify*/**;bin\Debug\/**;obj\Debug\/**;bin\/**;obj\/**;**/*.user;**/*.*proj;**/*.sln;**/*.slnx;**/*.vssscc;**/.DS_Store" (previous value: ";**\node_modules\**;node_modules\**;**\jspm_packages\**;jspm_packages\**;**\bower_components\**;bower_components\**;**\packages.lock.json;bin_verify*/**;**/bin_verify*/**;bin\Debug\/**;obj\Debug\/**;bin\/**;obj\/**;**/*.user;**/*.*proj;**/*.sln;**/*.slnx;**/*.vssscc") at C:\Program Files\dotnet\sdk\10.0.102\Sdks\Microsoft.NET.Sdk\targets\Microsoft.NET.Sdk.DefaultItems.targets (45,5)
       C:\Program Files\dotnet\sdk\10.0.102\Sdks\Microsoft.NET.Sdk\targets\Microsoft.NET.Sdk.FrameworkReferenceResolution.targets(14,5): message : Property reassignment: $(ResolveAssemblyReferencesDependsOn)="
       C:\Program Files\dotnet\sdk\10.0.102\Sdks\Microsoft.NET.Sdk\targets\Microsoft.NET.Sdk.FrameworkReferenceResolution.targets(14,5): message :       
       C:\Program Files\dotnet\sdk\10.0.102\Sdks\Microsoft.NET.Sdk\targets\Microsoft.NET.Sdk.FrameworkReferenceResolution.targets(14,5): message :       
       C:\Program Files\dotnet\sdk\10.0.102\Sdks\Microsoft.NET.Sdk\targets\Microsoft.NET.Sdk.FrameworkReferenceResolution.targets(14,5): message :       ResolveProjectReferences;
       C:\Program Files\dotnet\sdk\10.0.102\Sdks\Microsoft.NET.Sdk\targets\Microsoft.NET.Sdk.FrameworkReferenceResolution.targets(14,5): message :       FindInvalidProjectReferences;
       C:\Program Files\dotnet\sdk\10.0.102\Sdks\Microsoft.NET.Sdk\targets\Microsoft.NET.Sdk.FrameworkReferenceResolution.targets(14,5): message :       GetFrameworkPaths;
       C:\Program Files\dotnet\sdk\10.0.102\Sdks\Microsoft.NET.Sdk\targets\Microsoft.NET.Sdk.FrameworkReferenceResolution.targets(14,5): message :       GetReferenceAssemblyPaths;
       C:\Program Files\dotnet\sdk\10.0.102\Sdks\Microsoft.NET.Sdk\targets\Microsoft.NET.Sdk.FrameworkReferenceResolution.targets(14,5): message :       PrepareForBuild;
       C:\Program Files\dotnet\sdk\10.0.102\Sdks\Microsoft.NET.Sdk\targets\Microsoft.NET.Sdk.FrameworkReferenceResolution.targets(14,5): message :       ResolveSDKReferences;
       C:\Program Files\dotnet\sdk\10.0.102\Sdks\Microsoft.NET.Sdk\targets\Microsoft.NET.Sdk.FrameworkReferenceResolution.targets(14,5): message :       ExpandSDKReferences;
       C:\Program Files\dotnet\sdk\10.0.102\Sdks\Microsoft.NET.Sdk\targets\Microsoft.NET.Sdk.FrameworkReferenceResolution.targets(14,5): message :     ;
       C:\Program Files\dotnet\sdk\10.0.102\Sdks\Microsoft.NET.Sdk\targets\Microsoft.NET.Sdk.FrameworkReferenceResolution.targets(14,5): message :       ResolvePackageDependenciesForBuild;
       C:\Program Files\dotnet\sdk\10.0.102\Sdks\Microsoft.NET.Sdk\targets\Microsoft.NET.Sdk.FrameworkReferenceResolution.targets(14,5): message :       _HandlePackageFileConflicts;
       C:\Program Files\dotnet\sdk\10.0.102\Sdks\Microsoft.NET.Sdk\targets\Microsoft.NET.Sdk.FrameworkReferenceResolution.targets(14,5): message :     ;
       C:\Program Files\dotnet\sdk\10.0.102\Sdks\Microsoft.NET.Sdk\targets\Microsoft.NET.Sdk.FrameworkReferenceResolution.targets(14,5): message :       ResolveTargetingPackAssets;
       C:\Program Files\dotnet\sdk\10.0.102\Sdks\Microsoft.NET.Sdk\targets\Microsoft.NET.Sdk.FrameworkReferenceResolution.targets(14,5): message :     " (previous value: "
       C:\Program Files\dotnet\sdk\10.0.102\Sdks\Microsoft.NET.Sdk\targets\Microsoft.NET.Sdk.FrameworkReferenceResolution.targets(14,5): message :       
       C:\Program Files\dotnet\sdk\10.0.102\Sdks\Microsoft.NET.Sdk\targets\Microsoft.NET.Sdk.FrameworkReferenceResolution.targets(14,5): message :       ResolveProjectReferences;
       C:\Program Files\dotnet\sdk\10.0.102\Sdks\Microsoft.NET.Sdk\targets\Microsoft.NET.Sdk.FrameworkReferenceResolution.targets(14,5): message :       FindInvalidProjectReferences;
       C:\Program Files\dotnet\sdk\10.0.102\Sdks\Microsoft.NET.Sdk\targets\Microsoft.NET.Sdk.FrameworkReferenceResolution.targets(14,5): message :       GetFrameworkPaths;
       C:\Program Files\dotnet\sdk\10.0.102\Sdks\Microsoft.NET.Sdk\targets\Microsoft.NET.Sdk.FrameworkReferenceResolution.targets(14,5): message :       GetReferenceAssemblyPaths;
       C:\Program Files\dotnet\sdk\10.0.102\Sdks\Microsoft.NET.Sdk\targets\Microsoft.NET.Sdk.FrameworkReferenceResolution.targets(14,5): message :       PrepareForBuild;
       C:\Program Files\dotnet\sdk\10.0.102\Sdks\Microsoft.NET.Sdk\targets\Microsoft.NET.Sdk.FrameworkReferenceResolution.targets(14,5): message :       ResolveSDKReferences;
       C:\Program Files\dotnet\sdk\10.0.102\Sdks\Microsoft.NET.Sdk\targets\Microsoft.NET.Sdk.FrameworkReferenceResolution.targets(14,5): message :       ExpandSDKReferences;
       C:\Program Files\dotnet\sdk\10.0.102\Sdks\Microsoft.NET.Sdk\targets\Microsoft.NET.Sdk.FrameworkReferenceResolution.targets(14,5): message :     ;
       C:\Program Files\dotnet\sdk\10.0.102\Sdks\Microsoft.NET.Sdk\targets\Microsoft.NET.Sdk.FrameworkReferenceResolution.targets(14,5): message :       ResolvePackageDependenciesForBuild;
       C:\Program Files\dotnet\sdk\10.0.102\Sdks\Microsoft.NET.Sdk\targets\Microsoft.NET.Sdk.FrameworkReferenceResolution.targets(14,5): message :       _HandlePackageFileConflicts;
       C:\Program Files\dotnet\sdk\10.0.102\Sdks\Microsoft.NET.Sdk\targets\Microsoft.NET.Sdk.FrameworkReferenceResolution.targets(14,5): message :     ") at C:\Program Files\dotnet\sdk\10.0.102\Sdks\Microsoft.NET.Sdk\targets\Microsoft.NET.Sdk.FrameworkReferenceResolution.targets (14,5)
       C:\Program Files\dotnet\sdk\10.0.102\Sdks\Microsoft.NET.Sdk\targets\Microsoft.NET.Sdk.targets(44,5): message : Property reassignment: $(_GenerateRuntimeConfigurationPropertyInputsCache)="E:\Study_project\C#\FoodStreet\FoodStreet\FoodStreetPoiAdmin\obj\Debug\net10.0\FoodStreetPoiAdmin.genruntimeconfig.cache" (previous value: "obj\Debug\net10.0\FoodStreetPoiAdmin.genruntimeconfig.cache") at C:\Program Files\dotnet\sdk\10.0.102\Sdks\Microsoft.NET.Sdk\targets\Microsoft.NET.Sdk.targets (44,5)
       C:\Program Files\dotnet\sdk\10.0.102\Sdks\Microsoft.NET.Sdk\targets\Microsoft.NET.Sdk.targets(46,5): message : Property reassignment: $(_GeneratePublishDependencyFilePropertyInputsCache)="E:\Study_project\C#\FoodStreet\FoodStreet\FoodStreetPoiAdmin\obj\Debug\net10.0\FoodStreetPoiAdmin.genpublishdeps.cache" (previous value: "obj\Debug\net10.0\FoodStreetPoiAdmin.genpublishdeps.cache") at C:\Program Files\dotnet\sdk\10.0.102\Sdks\Microsoft.NET.Sdk\targets\Microsoft.NET.Sdk.targets (46,5)
       C:\Program Files\dotnet\sdk\10.0.102\Sdks\Microsoft.NET.Sdk\targets\Microsoft.NET.Sdk.targets(48,5): message : Property reassignment: $(_GenerateSingleFileBundlePropertyInputsCache)="E:\Study_project\C#\FoodStreet\FoodStreet\FoodStreetPoiAdmin\obj\Debug\net10.0\FoodStreetPoiAdmin.genbundle.cache" (previous value: "obj\Debug\net10.0\FoodStreetPoiAdmin.genbundle.cache") at C:\Program Files\dotnet\sdk\10.0.102\Sdks\Microsoft.NET.Sdk\targets\Microsoft.NET.Sdk.targets (48,5)
       C:\Program Files\dotnet\sdk\10.0.102\Sdks\Microsoft.NET.Sdk\targets\Microsoft.NET.Sdk.targets(81,5): message : Property reassignment: $(GenerateRuntimeConfigDevFile)="false" (previous value: "true") at C:\Program Files\dotnet\sdk\10.0.102\Sdks\Microsoft.NET.Sdk\targets\Microsoft.NET.Sdk.targets (81,5)
       C:\Program Files\dotnet\sdk\10.0.102\Sdks\Microsoft.NET.Sdk\targets\Microsoft.NET.Sdk.targets(98,5): message : Property 'USERPROFILE' with value 'C:\Users\lenovo' expanded from the environment.
       C:\Program Files\dotnet\sdk\10.0.102\Sdks\Microsoft.NET.Sdk\targets\Microsoft.NET.Sdk.targets(98,5): message : Property reassignment: $(_DefaultUserProfileRuntimeStorePath)="C:\Users\lenovo" (previous value: "") at C:\Program Files\dotnet\sdk\10.0.102\Sdks\Microsoft.NET.Sdk\targets\Microsoft.NET.Sdk.targets (98,5)
       C:\Program Files\dotnet\sdk\10.0.102\Sdks\Microsoft.NET.Sdk\targets\Microsoft.NET.Sdk.targets(99,5): message : Property reassignment: $(_DefaultUserProfileRuntimeStorePath)="C:\Users\lenovo\.dotnet\store" (previous value: "C:\Users\lenovo") at C:\Program Files\dotnet\sdk\10.0.102\Sdks\Microsoft.NET.Sdk\targets\Microsoft.NET.Sdk.targets (99,5)
       C:\Program Files\dotnet\sdk\10.0.102\Sdks\Microsoft.NET.Sdk\targets\Microsoft.NET.Sdk.targets(144,5): message : Property reassignment: $(AvailablePlatforms)="Any CPU,x86,x64,ARM32" (previous value: "Any CPU,x86,x64") at C:\Program Files\dotnet\sdk\10.0.102\Sdks\Microsoft.NET.Sdk\targets\Microsoft.NET.Sdk.targets (144,5)
       C:\Program Files\dotnet\sdk\10.0.102\Sdks\Microsoft.NET.Sdk\targets\Microsoft.NET.Sdk.targets(148,5): message : Property reassignment: $(AvailablePlatforms)="Any CPU,x86,x64,ARM32,ARM64" (previous value: "Any CPU,x86,x64,ARM32") at C:\Program Files\dotnet\sdk\10.0.102\Sdks\Microsoft.NET.Sdk\targets\Microsoft.NET.Sdk.targets (148,5)
       C:\Program Files\dotnet\sdk\10.0.102\Sdks\Microsoft.NET.Sdk\targets\Microsoft.NET.Sdk.targets(204,5): message : Property reassignment: $(CoreBuildDependsOn)="
       C:\Program Files\dotnet\sdk\10.0.102\Sdks\Microsoft.NET.Sdk\targets\Microsoft.NET.Sdk.targets(204,5): message :       _CheckForBuildWithNoBuild;
       C:\Program Files\dotnet\sdk\10.0.102\Sdks\Microsoft.NET.Sdk\targets\Microsoft.NET.Sdk.targets(204,5): message :       
       C:\Program Files\dotnet\sdk\10.0.102\Sdks\Microsoft.NET.Sdk\targets\Microsoft.NET.Sdk.targets(204,5): message :       BuildOnlySettings;
       C:\Program Files\dotnet\sdk\10.0.102\Sdks\Microsoft.NET.Sdk\targets\Microsoft.NET.Sdk.targets(204,5): message :       PrepareForBuild;
       C:\Program Files\dotnet\sdk\10.0.102\Sdks\Microsoft.NET.Sdk\targets\Microsoft.NET.Sdk.targets(204,5): message :       PreBuildEvent;
       C:\Program Files\dotnet\sdk\10.0.102\Sdks\Microsoft.NET.Sdk\targets\Microsoft.NET.Sdk.targets(204,5): message :       ResolveReferences;
       C:\Program Files\dotnet\sdk\10.0.102\Sdks\Microsoft.NET.Sdk\targets\Microsoft.NET.Sdk.targets(204,5): message :       PrepareResources;
       C:\Program Files\dotnet\sdk\10.0.102\Sdks\Microsoft.NET.Sdk\targets\Microsoft.NET.Sdk.targets(204,5): message :       ResolveKeySource;
       C:\Program Files\dotnet\sdk\10.0.102\Sdks\Microsoft.NET.Sdk\targets\Microsoft.NET.Sdk.targets(204,5): message :       Compile;
       C:\Program Files\dotnet\sdk\10.0.102\Sdks\Microsoft.NET.Sdk\targets\Microsoft.NET.Sdk.targets(204,5): message :       ExportWindowsMDFile;
       C:\Program Files\dotnet\sdk\10.0.102\Sdks\Microsoft.NET.Sdk\targets\Microsoft.NET.Sdk.targets(204,5): message :       UnmanagedUnregistration;
       C:\Program Files\dotnet\sdk\10.0.102\Sdks\Microsoft.NET.Sdk\targets\Microsoft.NET.Sdk.targets(204,5): message :       GenerateSerializationAssemblies;
       C:\Program Files\dotnet\sdk\10.0.102\Sdks\Microsoft.NET.Sdk\targets\Microsoft.NET.Sdk.targets(204,5): message :       CreateSatelliteAssemblies;
       C:\Program Files\dotnet\sdk\10.0.102\Sdks\Microsoft.NET.Sdk\targets\Microsoft.NET.Sdk.targets(204,5): message :       GenerateManifests;
       C:\Program Files\dotnet\sdk\10.0.102\Sdks\Microsoft.NET.Sdk\targets\Microsoft.NET.Sdk.targets(204,5): message :       GetTargetPath;
       C:\Program Files\dotnet\sdk\10.0.102\Sdks\Microsoft.NET.Sdk\targets\Microsoft.NET.Sdk.targets(204,5): message :       PrepareForRun;
       C:\Program Files\dotnet\sdk\10.0.102\Sdks\Microsoft.NET.Sdk\targets\Microsoft.NET.Sdk.targets(204,5): message :       UnmanagedRegistration;
       C:\Program Files\dotnet\sdk\10.0.102\Sdks\Microsoft.NET.Sdk\targets\Microsoft.NET.Sdk.targets(204,5): message :       IncrementalClean;
       C:\Program Files\dotnet\sdk\10.0.102\Sdks\Microsoft.NET.Sdk\targets\Microsoft.NET.Sdk.targets(204,5): message :       PostBuildEvent
       C:\Program Files\dotnet\sdk\10.0.102\Sdks\Microsoft.NET.Sdk\targets\Microsoft.NET.Sdk.targets(204,5): message :     ;
       C:\Program Files\dotnet\sdk\10.0.102\Sdks\Microsoft.NET.Sdk\targets\Microsoft.NET.Sdk.targets(204,5): message :       GenerateBuildDependencyFile;
       C:\Program Files\dotnet\sdk\10.0.102\Sdks\Microsoft.NET.Sdk\targets\Microsoft.NET.Sdk.targets(204,5): message :       GenerateBuildRuntimeConfigurationFiles
       C:\Program Files\dotnet\sdk\10.0.102\Sdks\Microsoft.NET.Sdk\targets\Microsoft.NET.Sdk.targets(204,5): message :     " (previous value: "
       C:\Program Files\dotnet\sdk\10.0.102\Sdks\Microsoft.NET.Sdk\targets\Microsoft.NET.Sdk.targets(204,5): message :       BuildOnlySettings;
       C:\Program Files\dotnet\sdk\10.0.102\Sdks\Microsoft.NET.Sdk\targets\Microsoft.NET.Sdk.targets(204,5): message :       PrepareForBuild;
       C:\Program Files\dotnet\sdk\10.0.102\Sdks\Microsoft.NET.Sdk\targets\Microsoft.NET.Sdk.targets(204,5): message :       PreBuildEvent;
       C:\Program Files\dotnet\sdk\10.0.102\Sdks\Microsoft.NET.Sdk\targets\Microsoft.NET.Sdk.targets(204,5): message :       ResolveReferences;
       C:\Program Files\dotnet\sdk\10.0.102\Sdks\Microsoft.NET.Sdk\targets\Microsoft.NET.Sdk.targets(204,5): message :       PrepareResources;
       C:\Program Files\dotnet\sdk\10.0.102\Sdks\Microsoft.NET.Sdk\targets\Microsoft.NET.Sdk.targets(204,5): message :       ResolveKeySource;
       C:\Program Files\dotnet\sdk\10.0.102\Sdks\Microsoft.NET.Sdk\targets\Microsoft.NET.Sdk.targets(204,5): message :       Compile;
       C:\Program Files\dotnet\sdk\10.0.102\Sdks\Microsoft.NET.Sdk\targets\Microsoft.NET.Sdk.targets(204,5): message :       ExportWindowsMDFile;
       C:\Program Files\dotnet\sdk\10.0.102\Sdks\Microsoft.NET.Sdk\targets\Microsoft.NET.Sdk.targets(204,5): message :       UnmanagedUnregistration;
       C:\Program Files\dotnet\sdk\10.0.102\Sdks\Microsoft.NET.Sdk\targets\Microsoft.NET.Sdk.targets(204,5): message :       GenerateSerializationAssemblies;
       C:\Program Files\dotnet\sdk\10.0.102\Sdks\Microsoft.NET.Sdk\targets\Microsoft.NET.Sdk.targets(204,5): message :       CreateSatelliteAssemblies;
       C:\Program Files\dotnet\sdk\10.0.102\Sdks\Microsoft.NET.Sdk\targets\Microsoft.NET.Sdk.targets(204,5): message :       GenerateManifests;
       C:\Program Files\dotnet\sdk\10.0.102\Sdks\Microsoft.NET.Sdk\targets\Microsoft.NET.Sdk.targets(204,5): message :       GetTargetPath;
       C:\Program Files\dotnet\sdk\10.0.102\Sdks\Microsoft.NET.Sdk\targets\Microsoft.NET.Sdk.targets(204,5): message :       PrepareForRun;
       C:\Program Files\dotnet\sdk\10.0.102\Sdks\Microsoft.NET.Sdk\targets\Microsoft.NET.Sdk.targets(204,5): message :       UnmanagedRegistration;
       C:\Program Files\dotnet\sdk\10.0.102\Sdks\Microsoft.NET.Sdk\targets\Microsoft.NET.Sdk.targets(204,5): message :       IncrementalClean;
       C:\Program Files\dotnet\sdk\10.0.102\Sdks\Microsoft.NET.Sdk\targets\Microsoft.NET.Sdk.targets(204,5): message :       PostBuildEvent
       C:\Program Files\dotnet\sdk\10.0.102\Sdks\Microsoft.NET.Sdk\targets\Microsoft.NET.Sdk.targets(204,5): message :     ") at C:\Program Files\dotnet\sdk\10.0.102\Sdks\Microsoft.NET.Sdk\targets\Microsoft.NET.Sdk.targets (204,5)
       C:\Program Files\dotnet\sdk\10.0.102\Sdks\Microsoft.NET.Sdk\targets\Microsoft.NET.Sdk.targets(213,5): message : Property reassignment: $(CoreCleanDependsOn)="
       C:\Program Files\dotnet\sdk\10.0.102\Sdks\Microsoft.NET.Sdk\targets\Microsoft.NET.Sdk.targets(213,5): message :       _SdkBeforeClean;
       C:\Program Files\dotnet\sdk\10.0.102\Sdks\Microsoft.NET.Sdk\targets\Microsoft.NET.Sdk.targets(213,5): message :       
       C:\Program Files\dotnet\sdk\10.0.102\Sdks\Microsoft.NET.Sdk\targets\Microsoft.NET.Sdk.targets(213,5): message :     " (previous value: "") at C:\Program Files\dotnet\sdk\10.0.102\Sdks\Microsoft.NET.Sdk\targets\Microsoft.NET.Sdk.targets (213,5)
       C:\Program Files\dotnet\sdk\10.0.102\Sdks\Microsoft.NET.Sdk\targets\Microsoft.NET.Sdk.targets(220,5): message : Property reassignment: $(RebuildDependsOn)="
       C:\Program Files\dotnet\sdk\10.0.102\Sdks\Microsoft.NET.Sdk\targets\Microsoft.NET.Sdk.targets(220,5): message :       _SdkBeforeRebuild;
       C:\Program Files\dotnet\sdk\10.0.102\Sdks\Microsoft.NET.Sdk\targets\Microsoft.NET.Sdk.targets(220,5): message :       
       C:\Program Files\dotnet\sdk\10.0.102\Sdks\Microsoft.NET.Sdk\targets\Microsoft.NET.Sdk.targets(220,5): message :       BeforeRebuild;
       C:\Program Files\dotnet\sdk\10.0.102\Sdks\Microsoft.NET.Sdk\targets\Microsoft.NET.Sdk.targets(220,5): message :       Clean;
       C:\Program Files\dotnet\sdk\10.0.102\Sdks\Microsoft.NET.Sdk\targets\Microsoft.NET.Sdk.targets(220,5): message :       Build;
       C:\Program Files\dotnet\sdk\10.0.102\Sdks\Microsoft.NET.Sdk\targets\Microsoft.NET.Sdk.targets(220,5): message :       AfterRebuild;
       C:\Program Files\dotnet\sdk\10.0.102\Sdks\Microsoft.NET.Sdk\targets\Microsoft.NET.Sdk.targets(220,5): message :     
       C:\Program Files\dotnet\sdk\10.0.102\Sdks\Microsoft.NET.Sdk\targets\Microsoft.NET.Sdk.targets(220,5): message :     " (previous value: "
       C:\Program Files\dotnet\sdk\10.0.102\Sdks\Microsoft.NET.Sdk\targets\Microsoft.NET.Sdk.targets(220,5): message :       BeforeRebuild;
       C:\Program Files\dotnet\sdk\10.0.102\Sdks\Microsoft.NET.Sdk\targets\Microsoft.NET.Sdk.targets(220,5): message :       Clean;
       C:\Program Files\dotnet\sdk\10.0.102\Sdks\Microsoft.NET.Sdk\targets\Microsoft.NET.Sdk.targets(220,5): message :       Build;
       C:\Program Files\dotnet\sdk\10.0.102\Sdks\Microsoft.NET.Sdk\targets\Microsoft.NET.Sdk.targets(220,5): message :       AfterRebuild;
       C:\Program Files\dotnet\sdk\10.0.102\Sdks\Microsoft.NET.Sdk\targets\Microsoft.NET.Sdk.targets(220,5): message :     ") at C:\Program Files\dotnet\sdk\10.0.102\Sdks\Microsoft.NET.Sdk\targets\Microsoft.NET.Sdk.targets (220,5)
       C:\Program Files\dotnet\sdk\10.0.102\Sdks\Microsoft.NET.Sdk\targets\Microsoft.NET.Sdk.targets(799,5): message : Property reassignment: $(CompileDependsOn)="
       C:\Program Files\dotnet\sdk\10.0.102\Sdks\Microsoft.NET.Sdk\targets\Microsoft.NET.Sdk.targets(799,5): message :       
       C:\Program Files\dotnet\sdk\10.0.102\Sdks\Microsoft.NET.Sdk\targets\Microsoft.NET.Sdk.targets(799,5): message :       ResolveReferences;
       C:\Program Files\dotnet\sdk\10.0.102\Sdks\Microsoft.NET.Sdk\targets\Microsoft.NET.Sdk.targets(799,5): message :       ResolveKeySource;
       C:\Program Files\dotnet\sdk\10.0.102\Sdks\Microsoft.NET.Sdk\targets\Microsoft.NET.Sdk.targets(799,5): message :       SetWin32ManifestProperties;
       C:\Program Files\dotnet\sdk\10.0.102\Sdks\Microsoft.NET.Sdk\targets\Microsoft.NET.Sdk.targets(799,5): message :       _SetPreferNativeArm64Win32ManifestProperties;
       C:\Program Files\dotnet\sdk\10.0.102\Sdks\Microsoft.NET.Sdk\targets\Microsoft.NET.Sdk.targets(799,5): message :       FindReferenceAssembliesForReferences;
       C:\Program Files\dotnet\sdk\10.0.102\Sdks\Microsoft.NET.Sdk\targets\Microsoft.NET.Sdk.targets(799,5): message :       _GenerateCompileInputs;
       C:\Program Files\dotnet\sdk\10.0.102\Sdks\Microsoft.NET.Sdk\targets\Microsoft.NET.Sdk.targets(799,5): message :       BeforeCompile;
       C:\Program Files\dotnet\sdk\10.0.102\Sdks\Microsoft.NET.Sdk\targets\Microsoft.NET.Sdk.targets(799,5): message :       _TimeStampBeforeCompile;
       C:\Program Files\dotnet\sdk\10.0.102\Sdks\Microsoft.NET.Sdk\targets\Microsoft.NET.Sdk.targets(799,5): message :       _GenerateCompileDependencyCache;
       C:\Program Files\dotnet\sdk\10.0.102\Sdks\Microsoft.NET.Sdk\targets\Microsoft.NET.Sdk.targets(799,5): message :       CoreCompile;
       C:\Program Files\dotnet\sdk\10.0.102\Sdks\Microsoft.NET.Sdk\targets\Microsoft.NET.Sdk.targets(799,5): message :       _TimeStampAfterCompile;
       C:\Program Files\dotnet\sdk\10.0.102\Sdks\Microsoft.NET.Sdk\targets\Microsoft.NET.Sdk.targets(799,5): message :       AfterCompile;
       C:\Program Files\dotnet\sdk\10.0.102\Sdks\Microsoft.NET.Sdk\targets\Microsoft.NET.Sdk.targets(799,5): message :     ;
       C:\Program Files\dotnet\sdk\10.0.102\Sdks\Microsoft.NET.Sdk\targets\Microsoft.NET.Sdk.targets(799,5): message :       _CreateAppHost;
       C:\Program Files\dotnet\sdk\10.0.102\Sdks\Microsoft.NET.Sdk\targets\Microsoft.NET.Sdk.targets(799,5): message :       _CreateComHost;
       C:\Program Files\dotnet\sdk\10.0.102\Sdks\Microsoft.NET.Sdk\targets\Microsoft.NET.Sdk.targets(799,5): message :       _GetIjwHostPaths;
       C:\Program Files\dotnet\sdk\10.0.102\Sdks\Microsoft.NET.Sdk\targets\Microsoft.NET.Sdk.targets(799,5): message :     " (previous value: "
       C:\Program Files\dotnet\sdk\10.0.102\Sdks\Microsoft.NET.Sdk\targets\Microsoft.NET.Sdk.targets(799,5): message :       ResolveReferences;
       C:\Program Files\dotnet\sdk\10.0.102\Sdks\Microsoft.NET.Sdk\targets\Microsoft.NET.Sdk.targets(799,5): message :       ResolveKeySource;
       C:\Program Files\dotnet\sdk\10.0.102\Sdks\Microsoft.NET.Sdk\targets\Microsoft.NET.Sdk.targets(799,5): message :       SetWin32ManifestProperties;
       C:\Program Files\dotnet\sdk\10.0.102\Sdks\Microsoft.NET.Sdk\targets\Microsoft.NET.Sdk.targets(799,5): message :       _SetPreferNativeArm64Win32ManifestProperties;
       C:\Program Files\dotnet\sdk\10.0.102\Sdks\Microsoft.NET.Sdk\targets\Microsoft.NET.Sdk.targets(799,5): message :       FindReferenceAssembliesForReferences;
       C:\Program Files\dotnet\sdk\10.0.102\Sdks\Microsoft.NET.Sdk\targets\Microsoft.NET.Sdk.targets(799,5): message :       _GenerateCompileInputs;
       C:\Program Files\dotnet\sdk\10.0.102\Sdks\Microsoft.NET.Sdk\targets\Microsoft.NET.Sdk.targets(799,5): message :       BeforeCompile;
       C:\Program Files\dotnet\sdk\10.0.102\Sdks\Microsoft.NET.Sdk\targets\Microsoft.NET.Sdk.targets(799,5): message :       _TimeStampBeforeCompile;
       C:\Program Files\dotnet\sdk\10.0.102\Sdks\Microsoft.NET.Sdk\targets\Microsoft.NET.Sdk.targets(799,5): message :       _GenerateCompileDependencyCache;
       C:\Program Files\dotnet\sdk\10.0.102\Sdks\Microsoft.NET.Sdk\targets\Microsoft.NET.Sdk.targets(799,5): message :       CoreCompile;
       C:\Program Files\dotnet\sdk\10.0.102\Sdks\Microsoft.NET.Sdk\targets\Microsoft.NET.Sdk.targets(799,5): message :       _TimeStampAfterCompile;
       C:\Program Files\dotnet\sdk\10.0.102\Sdks\Microsoft.NET.Sdk\targets\Microsoft.NET.Sdk.targets(799,5): message :       AfterCompile;
       C:\Program Files\dotnet\sdk\10.0.102\Sdks\Microsoft.NET.Sdk\targets\Microsoft.NET.Sdk.targets(799,5): message :     ") at C:\Program Files\dotnet\sdk\10.0.102\Sdks\Microsoft.NET.Sdk\targets\Microsoft.NET.Sdk.targets (799,5)
       C:\Program Files\dotnet\sdk\10.0.102\Sdks\Microsoft.NET.Sdk\targets\Microsoft.NET.Sdk.targets(1131,5): message : Property reassignment: $(CreateSatelliteAssembliesDependsOn)="
       C:\Program Files\dotnet\sdk\10.0.102\Sdks\Microsoft.NET.Sdk\targets\Microsoft.NET.Sdk.targets(1131,5): message :       
       C:\Program Files\dotnet\sdk\10.0.102\Sdks\Microsoft.NET.Sdk\targets\Microsoft.NET.Sdk.targets(1131,5): message :       ;
       C:\Program Files\dotnet\sdk\10.0.102\Sdks\Microsoft.NET.Sdk\targets\Microsoft.NET.Sdk.targets(1131,5): message :       _GenerateSatelliteAssemblyInputs;
       C:\Program Files\dotnet\sdk\10.0.102\Sdks\Microsoft.NET.Sdk\targets\Microsoft.NET.Sdk.targets(1131,5): message :       ComputeIntermediateSatelliteAssemblies;
       C:\Program Files\dotnet\sdk\10.0.102\Sdks\Microsoft.NET.Sdk\targets\Microsoft.NET.Sdk.targets(1131,5): message :       GenerateSatelliteAssemblies
       C:\Program Files\dotnet\sdk\10.0.102\Sdks\Microsoft.NET.Sdk\targets\Microsoft.NET.Sdk.targets(1131,5): message :     ;
       C:\Program Files\dotnet\sdk\10.0.102\Sdks\Microsoft.NET.Sdk\targets\Microsoft.NET.Sdk.targets(1131,5): message :       CoreGenerateSatelliteAssemblies
       C:\Program Files\dotnet\sdk\10.0.102\Sdks\Microsoft.NET.Sdk\targets\Microsoft.NET.Sdk.targets(1131,5): message :     " (previous value: "
       C:\Program Files\dotnet\sdk\10.0.102\Sdks\Microsoft.NET.Sdk\targets\Microsoft.NET.Sdk.targets(1131,5): message :       ;
       C:\Program Files\dotnet\sdk\10.0.102\Sdks\Microsoft.NET.Sdk\targets\Microsoft.NET.Sdk.targets(1131,5): message :       _GenerateSatelliteAssemblyInputs;
       C:\Program Files\dotnet\sdk\10.0.102\Sdks\Microsoft.NET.Sdk\targets\Microsoft.NET.Sdk.targets(1131,5): message :       ComputeIntermediateSatelliteAssemblies;
       C:\Program Files\dotnet\sdk\10.0.102\Sdks\Microsoft.NET.Sdk\targets\Microsoft.NET.Sdk.targets(1131,5): message :       GenerateSatelliteAssemblies
       C:\Program Files\dotnet\sdk\10.0.102\Sdks\Microsoft.NET.Sdk\targets\Microsoft.NET.Sdk.targets(1131,5): message :     ") at C:\Program Files\dotnet\sdk\10.0.102\Sdks\Microsoft.NET.Sdk\targets\Microsoft.NET.Sdk.targets (1131,5)
       C:\Program Files\dotnet\sdk\10.0.102\Sdks\Microsoft.SourceLink.GitLab\build\Microsoft.SourceLink.GitLab.targets(12,5): message : Property reassignment: $(SourceLinkUrlInitializerTargets)=";_InitializeGitHubSourceLinkUrl;_InitializeGitLabSourceLinkUrl" (previous value: ";_InitializeGitHubSourceLinkUrl") at C:\Program Files\dotnet\sdk\10.0.102\Sdks\Microsoft.SourceLink.GitLab\build\Microsoft.SourceLink.GitLab.targets (12,5)
       C:\Program Files\dotnet\sdk\10.0.102\Sdks\Microsoft.SourceLink.GitLab\build\Microsoft.SourceLink.GitLab.targets(13,5): message : Property reassignment: $(SourceControlManagerUrlTranslationTargets)=";TranslateGitHubUrlsInSourceControlInformation;TranslateGitLabUrlsInSourceControlInformation" (previous value: ";TranslateGitHubUrlsInSourceControlInformation") at C:\Program Files\dotnet\sdk\10.0.102\Sdks\Microsoft.SourceLink.GitLab\build\Microsoft.SourceLink.GitLab.targets (13,5)
       C:\Program Files\dotnet\sdk\10.0.102\Sdks\Microsoft.SourceLink.AzureRepos.Git\build\Microsoft.SourceLink.AzureRepos.Git.targets(12,5): message : Property reassignment: $(SourceLinkUrlInitializerTargets)=";_InitializeGitHubSourceLinkUrl;_InitializeGitLabSourceLinkUrl;_InitializeAzureReposGitSourceLinkUrl" (previous value: ";_InitializeGitHubSourceLinkUrl;_InitializeGitLabSourceLinkUrl") at C:\Program Files\dotnet\sdk\10.0.102\Sdks\Microsoft.SourceLink.AzureRepos.Git\build\Microsoft.SourceLink.AzureRepos.Git.targets (12,5)
       C:\Program Files\dotnet\sdk\10.0.102\Sdks\Microsoft.SourceLink.AzureRepos.Git\build\Microsoft.SourceLink.AzureRepos.Git.targets(13,5): message : Property reassignment: $(SourceControlManagerUrlTranslationTargets)=";TranslateGitHubUrlsInSourceControlInformation;TranslateGitLabUrlsInSourceControlInformation;TranslateAzureReposGitUrlsInSourceControlInformation" (previous value: ";TranslateGitHubUrlsInSourceControlInformation;TranslateGitLabUrlsInSourceControlInformation") at C:\Program Files\dotnet\sdk\10.0.102\Sdks\Microsoft.SourceLink.AzureRepos.Git\build\Microsoft.SourceLink.AzureRepos.Git.targets (13,5)
       C:\Program Files\dotnet\sdk\10.0.102\Sdks\Microsoft.SourceLink.Bitbucket.Git\build\Microsoft.SourceLink.Bitbucket.Git.targets(12,5): message : Property reassignment: $(SourceLinkUrlInitializerTargets)=";_InitializeGitHubSourceLinkUrl;_InitializeGitLabSourceLinkUrl;_InitializeAzureReposGitSourceLinkUrl;_InitializeBitbucketGitSourceLinkUrl" (previous value: ";_InitializeGitHubSourceLinkUrl;_InitializeGitLabSourceLinkUrl;_InitializeAzureReposGitSourceLinkUrl") at C:\Program Files\dotnet\sdk\10.0.102\Sdks\Microsoft.SourceLink.Bitbucket.Git\build\Microsoft.SourceLink.Bitbucket.Git.targets (12,5)
       C:\Program Files\dotnet\sdk\10.0.102\Sdks\Microsoft.SourceLink.Bitbucket.Git\build\Microsoft.SourceLink.Bitbucket.Git.targets(13,5): message : Property reassignment: $(SourceControlManagerUrlTranslationTargets)=";TranslateGitHubUrlsInSourceControlInformation;TranslateGitLabUrlsInSourceControlInformation;TranslateAzureReposGitUrlsInSourceControlInformation;TranslateBitbucketGitUrlsInSourceControlInformation" (previous value: ";TranslateGitHubUrlsInSourceControlInformation;TranslateGitLabUrlsInSourceControlInformation;TranslateAzureReposGitUrlsInSourceControlInformation") at C:\Program Files\dotnet\sdk\10.0.102\Sdks\Microsoft.SourceLink.Bitbucket.Git\build\Microsoft.SourceLink.Bitbucket.Git.targets (13,5)
       C:\Program Files\dotnet\sdk\10.0.102\Sdks\Microsoft.NET.Sdk\targets\Microsoft.NET.DesignerSupport.targets(21,5): message : Property reassignment: $(DesignerRuntimeImplementationProjectOutputGroupDependsOn)="
       C:\Program Files\dotnet\sdk\10.0.102\Sdks\Microsoft.NET.Sdk\targets\Microsoft.NET.DesignerSupport.targets(21,5): message :       
       C:\Program Files\dotnet\sdk\10.0.102\Sdks\Microsoft.NET.Sdk\targets\Microsoft.NET.DesignerSupport.targets(21,5): message :       ;
       C:\Program Files\dotnet\sdk\10.0.102\Sdks\Microsoft.NET.Sdk\targets\Microsoft.NET.DesignerSupport.targets(21,5): message :       
       C:\Program Files\dotnet\sdk\10.0.102\Sdks\Microsoft.NET.Sdk\targets\Microsoft.NET.DesignerSupport.targets(21,5): message :       ;
       C:\Program Files\dotnet\sdk\10.0.102\Sdks\Microsoft.NET.Sdk\targets\Microsoft.NET.DesignerSupport.targets(21,5): message :       BuildOnlySettings;
       C:\Program Files\dotnet\sdk\10.0.102\Sdks\Microsoft.NET.Sdk\targets\Microsoft.NET.DesignerSupport.targets(21,5): message :       PrepareForBuild;
       C:\Program Files\dotnet\sdk\10.0.102\Sdks\Microsoft.NET.Sdk\targets\Microsoft.NET.DesignerSupport.targets(21,5): message :       AssignTargetPaths;
       C:\Program Files\dotnet\sdk\10.0.102\Sdks\Microsoft.NET.Sdk\targets\Microsoft.NET.DesignerSupport.targets(21,5): message :       ResolveReferences
       C:\Program Files\dotnet\sdk\10.0.102\Sdks\Microsoft.NET.Sdk\targets\Microsoft.NET.DesignerSupport.targets(21,5): message :     
       C:\Program Files\dotnet\sdk\10.0.102\Sdks\Microsoft.NET.Sdk\targets\Microsoft.NET.DesignerSupport.targets(21,5): message :     ;
       C:\Program Files\dotnet\sdk\10.0.102\Sdks\Microsoft.NET.Sdk\targets\Microsoft.NET.DesignerSupport.targets(21,5): message :       _GenerateDesignerDepsFile;
       C:\Program Files\dotnet\sdk\10.0.102\Sdks\Microsoft.NET.Sdk\targets\Microsoft.NET.DesignerSupport.targets(21,5): message :       _GenerateDesignerRuntimeConfigFile;
       C:\Program Files\dotnet\sdk\10.0.102\Sdks\Microsoft.NET.Sdk\targets\Microsoft.NET.DesignerSupport.targets(21,5): message :       GetCopyToOutputDirectoryItems;
       C:\Program Files\dotnet\sdk\10.0.102\Sdks\Microsoft.NET.Sdk\targets\Microsoft.NET.DesignerSupport.targets(21,5): message :       _GatherDesignerShadowCopyFiles;
       C:\Program Files\dotnet\sdk\10.0.102\Sdks\Microsoft.NET.Sdk\targets\Microsoft.NET.DesignerSupport.targets(21,5): message :     " (previous value: "
       C:\Program Files\dotnet\sdk\10.0.102\Sdks\Microsoft.NET.Sdk\targets\Microsoft.NET.DesignerSupport.targets(21,5): message :       ;
       C:\Program Files\dotnet\sdk\10.0.102\Sdks\Microsoft.NET.Sdk\targets\Microsoft.NET.DesignerSupport.targets(21,5): message :       
       C:\Program Files\dotnet\sdk\10.0.102\Sdks\Microsoft.NET.Sdk\targets\Microsoft.NET.DesignerSupport.targets(21,5): message :       ;
       C:\Program Files\dotnet\sdk\10.0.102\Sdks\Microsoft.NET.Sdk\targets\Microsoft.NET.DesignerSupport.targets(21,5): message :       BuildOnlySettings;
       C:\Program Files\dotnet\sdk\10.0.102\Sdks\Microsoft.NET.Sdk\targets\Microsoft.NET.DesignerSupport.targets(21,5): message :       PrepareForBuild;
       C:\Program Files\dotnet\sdk\10.0.102\Sdks\Microsoft.NET.Sdk\targets\Microsoft.NET.DesignerSupport.targets(21,5): message :       AssignTargetPaths;
       C:\Program Files\dotnet\sdk\10.0.102\Sdks\Microsoft.NET.Sdk\targets\Microsoft.NET.DesignerSupport.targets(21,5): message :       ResolveReferences
       C:\Program Files\dotnet\sdk\10.0.102\Sdks\Microsoft.NET.Sdk\targets\Microsoft.NET.DesignerSupport.targets(21,5): message :     
       C:\Program Files\dotnet\sdk\10.0.102\Sdks\Microsoft.NET.Sdk\targets\Microsoft.NET.DesignerSupport.targets(21,5): message :     ") at C:\Program Files\dotnet\sdk\10.0.102\Sdks\Microsoft.NET.Sdk\targets\Microsoft.NET.DesignerSupport.targets (21,5)
       C:\Program Files\dotnet\sdk\10.0.102\Sdks\Microsoft.NET.Sdk\targets\Microsoft.NET.Sdk.CSharp.targets(31,5): message : Property reassignment: $(DefineConstants)="TRACE;DEBUG" (previous value: "TRACE") at C:\Program Files\dotnet\sdk\10.0.102\Sdks\Microsoft.NET.Sdk\targets\Microsoft.NET.Sdk.CSharp.targets (31,5)
       C:\Program Files\dotnet\sdk\10.0.102\Sdks\Microsoft.NET.Sdk\targets\Microsoft.NET.Sdk.CSharp.targets(45,5): message : Property reassignment: $(WarningsAsErrors)=";NU1605;SYSLIB0011" (previous value: ";NU1605") at C:\Program Files\dotnet\sdk\10.0.102\Sdks\Microsoft.NET.Sdk\targets\Microsoft.NET.Sdk.CSharp.targets (45,5)
       C:\Program Files\dotnet\sdk\10.0.102\NuGet.Build.Tasks.Pack.targets(34,5): message : Property reassignment: $(PackageDescription)="Package Description" (previous value: "") at C:\Program Files\dotnet\sdk\10.0.102\NuGet.Build.Tasks.Pack.targets (34,5)
       C:\Program Files\dotnet\sdk\10.0.102\NuGet.Build.Tasks.Pack.targets(59,5): message : Property reassignment: $(GenerateNuspecDependsOn)="Build;_LoadPackInputItems; _GetTargetFrameworksOutput; _WalkEachTargetPerFramework; _GetPackageFiles; " (previous value: "_LoadPackInputItems; _GetTargetFrameworksOutput; _WalkEachTargetPerFramework; _GetPackageFiles; ") at C:\Program Files\dotnet\sdk\10.0.102\NuGet.Build.Tasks.Pack.targets (59,5)
       C:\Program Files\dotnet\sdk\10.0.102\Sdks\Microsoft.NET.Sdk\Sdk\Sdk.targets(59,5): message : Property reassignment: $(_IsNotSetContainersTargetsDir)="true" (previous value: "false") at C:\Program Files\dotnet\sdk\10.0.102\Sdks\Microsoft.NET.Sdk\Sdk\Sdk.targets (59,5)
       C:\Program Files\dotnet\sdk\10.0.102\Containers\build\Microsoft.NET.Build.Containers.targets(5,5): message : Property reassignment: $(_IsSDKContainerAllowedVersion)="true" (previous value: "false") at C:\Program Files\dotnet\sdk\10.0.102\Containers\build\Microsoft.NET.Build.Containers.targets (5,5)
       C:\Program Files\dotnet\sdk\10.0.102\Containers\build\Microsoft.NET.Build.Containers.targets(15,5): message : Property reassignment: $(_ContainerIsTargetingNet8TFM)="true" (previous value: "false") at C:\Program Files\dotnet\sdk\10.0.102\Containers\build\Microsoft.NET.Build.Containers.targets (15,5)
       C:\Program Files\dotnet\sdk\10.0.102\Sdks\Microsoft.NET.Sdk.StaticWebAssets\targets\Sdk.StaticWebAssets.CurrentVersion.targets(37,18): message : Property 'DOTNET_HOST_PATH' with value 'C:\Program Files\dotnet\dotnet.exe' expanded from the environment.
       C:\Program Files\dotnet\sdk\10.0.102\Sdks\Microsoft.NET.Sdk.StaticWebAssets\targets\Microsoft.NET.Sdk.StaticWebAssets.targets(286,5): message : Property reassignment: $(PrepareForRunDependsOn)="StaticWebAssetsPrepareForRun;
       C:\Program Files\dotnet\sdk\10.0.102\Sdks\Microsoft.NET.Sdk.StaticWebAssets\targets\Microsoft.NET.Sdk.StaticWebAssets.targets(286,5): message :       CopyFilesToOutputDirectory
       C:\Program Files\dotnet\sdk\10.0.102\Sdks\Microsoft.NET.Sdk.StaticWebAssets\targets\Microsoft.NET.Sdk.StaticWebAssets.targets(286,5): message :     " (previous value: "
       C:\Program Files\dotnet\sdk\10.0.102\Sdks\Microsoft.NET.Sdk.StaticWebAssets\targets\Microsoft.NET.Sdk.StaticWebAssets.targets(286,5): message :       CopyFilesToOutputDirectory
       C:\Program Files\dotnet\sdk\10.0.102\Sdks\Microsoft.NET.Sdk.StaticWebAssets\targets\Microsoft.NET.Sdk.StaticWebAssets.targets(286,5): message :     ") at C:\Program Files\dotnet\sdk\10.0.102\Sdks\Microsoft.NET.Sdk.StaticWebAssets\targets\Microsoft.NET.Sdk.StaticWebAssets.targets (286,5)
       C:\Program Files\dotnet\sdk\10.0.102\Sdks\Microsoft.NET.Sdk.StaticWebAssets\targets\Microsoft.NET.Sdk.StaticWebAssets.targets(323,5): message : Property reassignment: $(GetCopyToOutputDirectoryItemsDependsOn)="
       C:\Program Files\dotnet\sdk\10.0.102\Sdks\Microsoft.NET.Sdk.StaticWebAssets\targets\Microsoft.NET.Sdk.StaticWebAssets.targets(323,5): message :       AssignTargetPaths;
       C:\Program Files\dotnet\sdk\10.0.102\Sdks\Microsoft.NET.Sdk.StaticWebAssets\targets\Microsoft.NET.Sdk.StaticWebAssets.targets(323,5): message :       
       C:\Program Files\dotnet\sdk\10.0.102\Sdks\Microsoft.NET.Sdk.StaticWebAssets\targets\Microsoft.NET.Sdk.StaticWebAssets.targets(323,5): message :       AssignProjectConfiguration;
       C:\Program Files\dotnet\sdk\10.0.102\Sdks\Microsoft.NET.Sdk.StaticWebAssets\targets\Microsoft.NET.Sdk.StaticWebAssets.targets(323,5): message :       _SplitProjectReferencesByFileExistence
       C:\Program Files\dotnet\sdk\10.0.102\Sdks\Microsoft.NET.Sdk.StaticWebAssets\targets\Microsoft.NET.Sdk.StaticWebAssets.targets(323,5): message :     ;
       C:\Program Files\dotnet\sdk\10.0.102\Sdks\Microsoft.NET.Sdk.StaticWebAssets\targets\Microsoft.NET.Sdk.StaticWebAssets.targets(323,5): message :       _GetProjectReferenceTargetFrameworkProperties;
       C:\Program Files\dotnet\sdk\10.0.102\Sdks\Microsoft.NET.Sdk.StaticWebAssets\targets\Microsoft.NET.Sdk.StaticWebAssets.targets(323,5): message :       _PopulateCommonStateForGetCopyToOutputDirectoryItems
       C:\Program Files\dotnet\sdk\10.0.102\Sdks\Microsoft.NET.Sdk.StaticWebAssets\targets\Microsoft.NET.Sdk.StaticWebAssets.targets(323,5): message :     ;AddStaticWebAssetsManifest;AddStaticWebAssetEndpointsBuildManifest" (previous value: "
       C:\Program Files\dotnet\sdk\10.0.102\Sdks\Microsoft.NET.Sdk.StaticWebAssets\targets\Microsoft.NET.Sdk.StaticWebAssets.targets(323,5): message :       AssignTargetPaths;
       C:\Program Files\dotnet\sdk\10.0.102\Sdks\Microsoft.NET.Sdk.StaticWebAssets\targets\Microsoft.NET.Sdk.StaticWebAssets.targets(323,5): message :       
       C:\Program Files\dotnet\sdk\10.0.102\Sdks\Microsoft.NET.Sdk.StaticWebAssets\targets\Microsoft.NET.Sdk.StaticWebAssets.targets(323,5): message :       AssignProjectConfiguration;
       C:\Program Files\dotnet\sdk\10.0.102\Sdks\Microsoft.NET.Sdk.StaticWebAssets\targets\Microsoft.NET.Sdk.StaticWebAssets.targets(323,5): message :       _SplitProjectReferencesByFileExistence
       C:\Program Files\dotnet\sdk\10.0.102\Sdks\Microsoft.NET.Sdk.StaticWebAssets\targets\Microsoft.NET.Sdk.StaticWebAssets.targets(323,5): message :     ;
       C:\Program Files\dotnet\sdk\10.0.102\Sdks\Microsoft.NET.Sdk.StaticWebAssets\targets\Microsoft.NET.Sdk.StaticWebAssets.targets(323,5): message :       _GetProjectReferenceTargetFrameworkProperties;
       C:\Program Files\dotnet\sdk\10.0.102\Sdks\Microsoft.NET.Sdk.StaticWebAssets\targets\Microsoft.NET.Sdk.StaticWebAssets.targets(323,5): message :       _PopulateCommonStateForGetCopyToOutputDirectoryItems
       C:\Program Files\dotnet\sdk\10.0.102\Sdks\Microsoft.NET.Sdk.StaticWebAssets\targets\Microsoft.NET.Sdk.StaticWebAssets.targets(323,5): message :     ") at C:\Program Files\dotnet\sdk\10.0.102\Sdks\Microsoft.NET.Sdk.StaticWebAssets\targets\Microsoft.NET.Sdk.StaticWebAssets.targets (323,5)
       C:\Program Files\dotnet\sdk\10.0.102\Sdks\Microsoft.NET.Sdk.StaticWebAssets\targets\Microsoft.NET.Sdk.StaticWebAssets.Pack.targets(46,5): message : Property reassignment: $(GenerateNuspecDependsOn)="
       C:\Program Files\dotnet\sdk\10.0.102\Sdks\Microsoft.NET.Sdk.StaticWebAssets\targets\Microsoft.NET.Sdk.StaticWebAssets.Pack.targets(46,5): message :       IncludeStaticWebAssetsPackItems;
       C:\Program Files\dotnet\sdk\10.0.102\Sdks\Microsoft.NET.Sdk.StaticWebAssets\targets\Microsoft.NET.Sdk.StaticWebAssets.Pack.targets(46,5): message :       Build;_LoadPackInputItems; _GetTargetFrameworksOutput; _WalkEachTargetPerFramework; _GetPackageFiles; ;
       C:\Program Files\dotnet\sdk\10.0.102\Sdks\Microsoft.NET.Sdk.StaticWebAssets\targets\Microsoft.NET.Sdk.StaticWebAssets.Pack.targets(46,5): message :     " (previous value: "Build;_LoadPackInputItems; _GetTargetFrameworksOutput; _WalkEachTargetPerFramework; _GetPackageFiles; ") at C:\Program Files\dotnet\sdk\10.0.102\Sdks\Microsoft.NET.Sdk.StaticWebAssets\targets\Microsoft.NET.Sdk.StaticWebAssets.Pack.targets (46,5)
       C:\Program Files\dotnet\sdk\10.0.102\Sdks\Microsoft.NET.Sdk.StaticWebAssets\targets\Microsoft.NET.Sdk.StaticWebAssets.Pack.targets(55,5): message : Property reassignment: $(IncludeStaticWebAssetsPackItemsDependsOn)="
       C:\Program Files\dotnet\sdk\10.0.102\Sdks\Microsoft.NET.Sdk.StaticWebAssets\targets\Microsoft.NET.Sdk.StaticWebAssets.Pack.targets(55,5): message :       Build;
       C:\Program Files\dotnet\sdk\10.0.102\Sdks\Microsoft.NET.Sdk.StaticWebAssets\targets\Microsoft.NET.Sdk.StaticWebAssets.Pack.targets(55,5): message :       ResolveStaticWebAssetsConfiguration;LoadStaticWebAssetsBuildManifest
       C:\Program Files\dotnet\sdk\10.0.102\Sdks\Microsoft.NET.Sdk.StaticWebAssets\targets\Microsoft.NET.Sdk.StaticWebAssets.Pack.targets(55,5): message :     ;
       C:\Program Files\dotnet\sdk\10.0.102\Sdks\Microsoft.NET.Sdk.StaticWebAssets\targets\Microsoft.NET.Sdk.StaticWebAssets.Pack.targets(55,5): message :     " (previous value: "
       C:\Program Files\dotnet\sdk\10.0.102\Sdks\Microsoft.NET.Sdk.StaticWebAssets\targets\Microsoft.NET.Sdk.StaticWebAssets.Pack.targets(55,5): message :       ResolveStaticWebAssetsConfiguration;LoadStaticWebAssetsBuildManifest
       C:\Program Files\dotnet\sdk\10.0.102\Sdks\Microsoft.NET.Sdk.StaticWebAssets\targets\Microsoft.NET.Sdk.StaticWebAssets.Pack.targets(55,5): message :     ") at C:\Program Files\dotnet\sdk\10.0.102\Sdks\Microsoft.NET.Sdk.StaticWebAssets\targets\Microsoft.NET.Sdk.StaticWebAssets.Pack.targets (55,5)
       C:\Program Files\dotnet\sdk\10.0.102\Sdks\Microsoft.NET.Sdk.StaticWebAssets\targets\Microsoft.NET.Sdk.StaticWebAssets.ScopedCss.targets(55,3): message : Property reassignment: $(ResolveStaticWebAssetsInputsDependsOn)="
       C:\Program Files\dotnet\sdk\10.0.102\Sdks\Microsoft.NET.Sdk.StaticWebAssets\targets\Microsoft.NET.Sdk.StaticWebAssets.ScopedCss.targets(55,3): message :     
       C:\Program Files\dotnet\sdk\10.0.102\Sdks\Microsoft.NET.Sdk.StaticWebAssets\targets\Microsoft.NET.Sdk.StaticWebAssets.ScopedCss.targets(55,3): message :       ResolveCoreStaticWebAssets;
       C:\Program Files\dotnet\sdk\10.0.102\Sdks\Microsoft.NET.Sdk.StaticWebAssets\targets\Microsoft.NET.Sdk.StaticWebAssets.ScopedCss.targets(55,3): message :       GenerateComputedBuildStaticWebAssets;
       C:\Program Files\dotnet\sdk\10.0.102\Sdks\Microsoft.NET.Sdk.StaticWebAssets\targets\Microsoft.NET.Sdk.StaticWebAssets.ScopedCss.targets(55,3): message :       
       C:\Program Files\dotnet\sdk\10.0.102\Sdks\Microsoft.NET.Sdk.StaticWebAssets\targets\Microsoft.NET.Sdk.StaticWebAssets.ScopedCss.targets(55,3): message :     ;
       C:\Program Files\dotnet\sdk\10.0.102\Sdks\Microsoft.NET.Sdk.StaticWebAssets\targets\Microsoft.NET.Sdk.StaticWebAssets.ScopedCss.targets(55,3): message :     ResolveScopedCssAssets;
       C:\Program Files\dotnet\sdk\10.0.102\Sdks\Microsoft.NET.Sdk.StaticWebAssets\targets\Microsoft.NET.Sdk.StaticWebAssets.ScopedCss.targets(55,3): message :   " (previous value: "
       C:\Program Files\dotnet\sdk\10.0.102\Sdks\Microsoft.NET.Sdk.StaticWebAssets\targets\Microsoft.NET.Sdk.StaticWebAssets.ScopedCss.targets(55,3): message :       ResolveCoreStaticWebAssets;
       C:\Program Files\dotnet\sdk\10.0.102\Sdks\Microsoft.NET.Sdk.StaticWebAssets\targets\Microsoft.NET.Sdk.StaticWebAssets.ScopedCss.targets(55,3): message :       GenerateComputedBuildStaticWebAssets;
       C:\Program Files\dotnet\sdk\10.0.102\Sdks\Microsoft.NET.Sdk.StaticWebAssets\targets\Microsoft.NET.Sdk.StaticWebAssets.ScopedCss.targets(55,3): message :       
       C:\Program Files\dotnet\sdk\10.0.102\Sdks\Microsoft.NET.Sdk.StaticWebAssets\targets\Microsoft.NET.Sdk.StaticWebAssets.ScopedCss.targets(55,3): message :     ") at C:\Program Files\dotnet\sdk\10.0.102\Sdks\Microsoft.NET.Sdk.StaticWebAssets\targets\Microsoft.NET.Sdk.StaticWebAssets.ScopedCss.targets (55,3)
       C:\Program Files\dotnet\sdk\10.0.102\Sdks\Microsoft.NET.Sdk.StaticWebAssets\targets\Microsoft.NET.Sdk.StaticWebAssets.ScopedCss.targets(88,3): message : Property reassignment: $(GenerateComputedBuildStaticWebAssetsDependsOn)="
       C:\Program Files\dotnet\sdk\10.0.102\Sdks\Microsoft.NET.Sdk.StaticWebAssets\targets\Microsoft.NET.Sdk.StaticWebAssets.ScopedCss.targets(88,3): message :     ResolveCoreStaticWebAssets;;
       C:\Program Files\dotnet\sdk\10.0.102\Sdks\Microsoft.NET.Sdk.StaticWebAssets\targets\Microsoft.NET.Sdk.StaticWebAssets.ScopedCss.targets(88,3): message :     BundleScopedCssFiles;
       C:\Program Files\dotnet\sdk\10.0.102\Sdks\Microsoft.NET.Sdk.StaticWebAssets\targets\Microsoft.NET.Sdk.StaticWebAssets.ScopedCss.targets(88,3): message :   " (previous value: "ResolveCoreStaticWebAssets;") at C:\Program Files\dotnet\sdk\10.0.102\Sdks\Microsoft.NET.Sdk.StaticWebAssets\targets\Microsoft.NET.Sdk.StaticWebAssets.ScopedCss.targets (88,3)
       C:\Program Files\dotnet\sdk\10.0.102\Sdks\Microsoft.NET.Sdk.StaticWebAssets\targets\Microsoft.NET.Sdk.StaticWebAssets.JSModules.targets(37,5): message : Property reassignment: $(ResolveCoreStaticWebAssetsDependsOn)="
       C:\Program Files\dotnet\sdk\10.0.102\Sdks\Microsoft.NET.Sdk.StaticWebAssets\targets\Microsoft.NET.Sdk.StaticWebAssets.JSModules.targets(37,5): message :       
       C:\Program Files\dotnet\sdk\10.0.102\Sdks\Microsoft.NET.Sdk.StaticWebAssets\targets\Microsoft.NET.Sdk.StaticWebAssets.JSModules.targets(37,5): message :       UpdateExistingPackageStaticWebAssets;
       C:\Program Files\dotnet\sdk\10.0.102\Sdks\Microsoft.NET.Sdk.StaticWebAssets\targets\Microsoft.NET.Sdk.StaticWebAssets.JSModules.targets(37,5): message :       ResolveProjectStaticWebAssets;
       C:\Program Files\dotnet\sdk\10.0.102\Sdks\Microsoft.NET.Sdk.StaticWebAssets\targets\Microsoft.NET.Sdk.StaticWebAssets.JSModules.targets(37,5): message :       ResolveEmbeddedProjectsStaticWebAssets;
       C:\Program Files\dotnet\sdk\10.0.102\Sdks\Microsoft.NET.Sdk.StaticWebAssets\targets\Microsoft.NET.Sdk.StaticWebAssets.JSModules.targets(37,5): message :       ResolveReferencedProjectsStaticWebAssets;
       C:\Program Files\dotnet\sdk\10.0.102\Sdks\Microsoft.NET.Sdk.StaticWebAssets\targets\Microsoft.NET.Sdk.StaticWebAssets.JSModules.targets(37,5): message :       ;
       C:\Program Files\dotnet\sdk\10.0.102\Sdks\Microsoft.NET.Sdk.StaticWebAssets\targets\Microsoft.NET.Sdk.StaticWebAssets.JSModules.targets(37,5): message :     ;
       C:\Program Files\dotnet\sdk\10.0.102\Sdks\Microsoft.NET.Sdk.StaticWebAssets\targets\Microsoft.NET.Sdk.StaticWebAssets.JSModules.targets(37,5): message :       ResolveJsInitializerModuleStaticWebAssets;
       C:\Program Files\dotnet\sdk\10.0.102\Sdks\Microsoft.NET.Sdk.StaticWebAssets\targets\Microsoft.NET.Sdk.StaticWebAssets.JSModules.targets(37,5): message :     " (previous value: "
       C:\Program Files\dotnet\sdk\10.0.102\Sdks\Microsoft.NET.Sdk.StaticWebAssets\targets\Microsoft.NET.Sdk.StaticWebAssets.JSModules.targets(37,5): message :       UpdateExistingPackageStaticWebAssets;
       C:\Program Files\dotnet\sdk\10.0.102\Sdks\Microsoft.NET.Sdk.StaticWebAssets\targets\Microsoft.NET.Sdk.StaticWebAssets.JSModules.targets(37,5): message :       ResolveProjectStaticWebAssets;
       C:\Program Files\dotnet\sdk\10.0.102\Sdks\Microsoft.NET.Sdk.StaticWebAssets\targets\Microsoft.NET.Sdk.StaticWebAssets.JSModules.targets(37,5): message :       ResolveEmbeddedProjectsStaticWebAssets;
       C:\Program Files\dotnet\sdk\10.0.102\Sdks\Microsoft.NET.Sdk.StaticWebAssets\targets\Microsoft.NET.Sdk.StaticWebAssets.JSModules.targets(37,5): message :       ResolveReferencedProjectsStaticWebAssets;
       C:\Program Files\dotnet\sdk\10.0.102\Sdks\Microsoft.NET.Sdk.StaticWebAssets\targets\Microsoft.NET.Sdk.StaticWebAssets.JSModules.targets(37,5): message :       ;
       C:\Program Files\dotnet\sdk\10.0.102\Sdks\Microsoft.NET.Sdk.StaticWebAssets\targets\Microsoft.NET.Sdk.StaticWebAssets.JSModules.targets(37,5): message :     ") at C:\Program Files\dotnet\sdk\10.0.102\Sdks\Microsoft.NET.Sdk.StaticWebAssets\targets\Microsoft.NET.Sdk.StaticWebAssets.JSModules.targets (37,5)
       C:\Program Files\dotnet\sdk\10.0.102\Sdks\Microsoft.NET.Sdk.StaticWebAssets\targets\Microsoft.NET.Sdk.StaticWebAssets.JSModules.targets(42,5): message : Property reassignment: $(ResolveCoreStaticWebAssetsDependsOn)="
       C:\Program Files\dotnet\sdk\10.0.102\Sdks\Microsoft.NET.Sdk.StaticWebAssets\targets\Microsoft.NET.Sdk.StaticWebAssets.JSModules.targets(42,5): message :       
       C:\Program Files\dotnet\sdk\10.0.102\Sdks\Microsoft.NET.Sdk.StaticWebAssets\targets\Microsoft.NET.Sdk.StaticWebAssets.JSModules.targets(42,5): message :       
       C:\Program Files\dotnet\sdk\10.0.102\Sdks\Microsoft.NET.Sdk.StaticWebAssets\targets\Microsoft.NET.Sdk.StaticWebAssets.JSModules.targets(42,5): message :       UpdateExistingPackageStaticWebAssets;
       C:\Program Files\dotnet\sdk\10.0.102\Sdks\Microsoft.NET.Sdk.StaticWebAssets\targets\Microsoft.NET.Sdk.StaticWebAssets.JSModules.targets(42,5): message :       ResolveProjectStaticWebAssets;
       C:\Program Files\dotnet\sdk\10.0.102\Sdks\Microsoft.NET.Sdk.StaticWebAssets\targets\Microsoft.NET.Sdk.StaticWebAssets.JSModules.targets(42,5): message :       ResolveEmbeddedProjectsStaticWebAssets;
       C:\Program Files\dotnet\sdk\10.0.102\Sdks\Microsoft.NET.Sdk.StaticWebAssets\targets\Microsoft.NET.Sdk.StaticWebAssets.JSModules.targets(42,5): message :       ResolveReferencedProjectsStaticWebAssets;
       C:\Program Files\dotnet\sdk\10.0.102\Sdks\Microsoft.NET.Sdk.StaticWebAssets\targets\Microsoft.NET.Sdk.StaticWebAssets.JSModules.targets(42,5): message :       ;
       C:\Program Files\dotnet\sdk\10.0.102\Sdks\Microsoft.NET.Sdk.StaticWebAssets\targets\Microsoft.NET.Sdk.StaticWebAssets.JSModules.targets(42,5): message :     ;
       C:\Program Files\dotnet\sdk\10.0.102\Sdks\Microsoft.NET.Sdk.StaticWebAssets\targets\Microsoft.NET.Sdk.StaticWebAssets.JSModules.targets(42,5): message :       ResolveJsInitializerModuleStaticWebAssets;
       C:\Program Files\dotnet\sdk\10.0.102\Sdks\Microsoft.NET.Sdk.StaticWebAssets\targets\Microsoft.NET.Sdk.StaticWebAssets.JSModules.targets(42,5): message :     ;
       C:\Program Files\dotnet\sdk\10.0.102\Sdks\Microsoft.NET.Sdk.StaticWebAssets\targets\Microsoft.NET.Sdk.StaticWebAssets.JSModules.targets(42,5): message :       ResolveJSModuleStaticWebAssets;
       C:\Program Files\dotnet\sdk\10.0.102\Sdks\Microsoft.NET.Sdk.StaticWebAssets\targets\Microsoft.NET.Sdk.StaticWebAssets.JSModules.targets(42,5): message :     " (previous value: "
       C:\Program Files\dotnet\sdk\10.0.102\Sdks\Microsoft.NET.Sdk.StaticWebAssets\targets\Microsoft.NET.Sdk.StaticWebAssets.JSModules.targets(42,5): message :       
       C:\Program Files\dotnet\sdk\10.0.102\Sdks\Microsoft.NET.Sdk.StaticWebAssets\targets\Microsoft.NET.Sdk.StaticWebAssets.JSModules.targets(42,5): message :       UpdateExistingPackageStaticWebAssets;
       C:\Program Files\dotnet\sdk\10.0.102\Sdks\Microsoft.NET.Sdk.StaticWebAssets\targets\Microsoft.NET.Sdk.StaticWebAssets.JSModules.targets(42,5): message :       ResolveProjectStaticWebAssets;
       C:\Program Files\dotnet\sdk\10.0.102\Sdks\Microsoft.NET.Sdk.StaticWebAssets\targets\Microsoft.NET.Sdk.StaticWebAssets.JSModules.targets(42,5): message :       ResolveEmbeddedProjectsStaticWebAssets;
       C:\Program Files\dotnet\sdk\10.0.102\Sdks\Microsoft.NET.Sdk.StaticWebAssets\targets\Microsoft.NET.Sdk.StaticWebAssets.JSModules.targets(42,5): message :       ResolveReferencedProjectsStaticWebAssets;
       C:\Program Files\dotnet\sdk\10.0.102\Sdks\Microsoft.NET.Sdk.StaticWebAssets\targets\Microsoft.NET.Sdk.StaticWebAssets.JSModules.targets(42,5): message :       ;
       C:\Program Files\dotnet\sdk\10.0.102\Sdks\Microsoft.NET.Sdk.StaticWebAssets\targets\Microsoft.NET.Sdk.StaticWebAssets.JSModules.targets(42,5): message :     ;
       C:\Program Files\dotnet\sdk\10.0.102\Sdks\Microsoft.NET.Sdk.StaticWebAssets\targets\Microsoft.NET.Sdk.StaticWebAssets.JSModules.targets(42,5): message :       ResolveJsInitializerModuleStaticWebAssets;
       C:\Program Files\dotnet\sdk\10.0.102\Sdks\Microsoft.NET.Sdk.StaticWebAssets\targets\Microsoft.NET.Sdk.StaticWebAssets.JSModules.targets(42,5): message :     ") at C:\Program Files\dotnet\sdk\10.0.102\Sdks\Microsoft.NET.Sdk.StaticWebAssets\targets\Microsoft.NET.Sdk.StaticWebAssets.JSModules.targets (42,5)
       C:\Program Files\dotnet\sdk\10.0.102\Sdks\Microsoft.NET.Sdk.StaticWebAssets\targets\Microsoft.NET.Sdk.StaticWebAssets.JSModules.targets(57,5): message : Property reassignment: $(ResolveStaticWebAssetsInputsDependsOn)="
       C:\Program Files\dotnet\sdk\10.0.102\Sdks\Microsoft.NET.Sdk.StaticWebAssets\targets\Microsoft.NET.Sdk.StaticWebAssets.JSModules.targets(57,5): message :       ResolveJSModuleManifestBuildStaticWebAssets;
       C:\Program Files\dotnet\sdk\10.0.102\Sdks\Microsoft.NET.Sdk.StaticWebAssets\targets\Microsoft.NET.Sdk.StaticWebAssets.JSModules.targets(57,5): message :       
       C:\Program Files\dotnet\sdk\10.0.102\Sdks\Microsoft.NET.Sdk.StaticWebAssets\targets\Microsoft.NET.Sdk.StaticWebAssets.JSModules.targets(57,5): message :     
       C:\Program Files\dotnet\sdk\10.0.102\Sdks\Microsoft.NET.Sdk.StaticWebAssets\targets\Microsoft.NET.Sdk.StaticWebAssets.JSModules.targets(57,5): message :       ResolveCoreStaticWebAssets;
       C:\Program Files\dotnet\sdk\10.0.102\Sdks\Microsoft.NET.Sdk.StaticWebAssets\targets\Microsoft.NET.Sdk.StaticWebAssets.JSModules.targets(57,5): message :       GenerateComputedBuildStaticWebAssets;
       C:\Program Files\dotnet\sdk\10.0.102\Sdks\Microsoft.NET.Sdk.StaticWebAssets\targets\Microsoft.NET.Sdk.StaticWebAssets.JSModules.targets(57,5): message :       
       C:\Program Files\dotnet\sdk\10.0.102\Sdks\Microsoft.NET.Sdk.StaticWebAssets\targets\Microsoft.NET.Sdk.StaticWebAssets.JSModules.targets(57,5): message :     ;
       C:\Program Files\dotnet\sdk\10.0.102\Sdks\Microsoft.NET.Sdk.StaticWebAssets\targets\Microsoft.NET.Sdk.StaticWebAssets.JSModules.targets(57,5): message :     ResolveScopedCssAssets;
       C:\Program Files\dotnet\sdk\10.0.102\Sdks\Microsoft.NET.Sdk.StaticWebAssets\targets\Microsoft.NET.Sdk.StaticWebAssets.JSModules.targets(57,5): message :   
       C:\Program Files\dotnet\sdk\10.0.102\Sdks\Microsoft.NET.Sdk.StaticWebAssets\targets\Microsoft.NET.Sdk.StaticWebAssets.JSModules.targets(57,5): message :     " (previous value: "
       C:\Program Files\dotnet\sdk\10.0.102\Sdks\Microsoft.NET.Sdk.StaticWebAssets\targets\Microsoft.NET.Sdk.StaticWebAssets.JSModules.targets(57,5): message :     
       C:\Program Files\dotnet\sdk\10.0.102\Sdks\Microsoft.NET.Sdk.StaticWebAssets\targets\Microsoft.NET.Sdk.StaticWebAssets.JSModules.targets(57,5): message :       ResolveCoreStaticWebAssets;
       C:\Program Files\dotnet\sdk\10.0.102\Sdks\Microsoft.NET.Sdk.StaticWebAssets\targets\Microsoft.NET.Sdk.StaticWebAssets.JSModules.targets(57,5): message :       GenerateComputedBuildStaticWebAssets;
       C:\Program Files\dotnet\sdk\10.0.102\Sdks\Microsoft.NET.Sdk.StaticWebAssets\targets\Microsoft.NET.Sdk.StaticWebAssets.JSModules.targets(57,5): message :       
       C:\Program Files\dotnet\sdk\10.0.102\Sdks\Microsoft.NET.Sdk.StaticWebAssets\targets\Microsoft.NET.Sdk.StaticWebAssets.JSModules.targets(57,5): message :     ;
       C:\Program Files\dotnet\sdk\10.0.102\Sdks\Microsoft.NET.Sdk.StaticWebAssets\targets\Microsoft.NET.Sdk.StaticWebAssets.JSModules.targets(57,5): message :     ResolveScopedCssAssets;
       C:\Program Files\dotnet\sdk\10.0.102\Sdks\Microsoft.NET.Sdk.StaticWebAssets\targets\Microsoft.NET.Sdk.StaticWebAssets.JSModules.targets(57,5): message :   ") at C:\Program Files\dotnet\sdk\10.0.102\Sdks\Microsoft.NET.Sdk.StaticWebAssets\targets\Microsoft.NET.Sdk.StaticWebAssets.JSModules.targets (57,5)
       C:\Program Files\dotnet\sdk\10.0.102\Sdks\Microsoft.NET.Sdk.StaticWebAssets\targets\Microsoft.NET.Sdk.StaticWebAssets.JSModules.targets(76,5): message : Property reassignment: $(ResolvePublishStaticWebAssetsDependsOn)="
       C:\Program Files\dotnet\sdk\10.0.102\Sdks\Microsoft.NET.Sdk.StaticWebAssets\targets\Microsoft.NET.Sdk.StaticWebAssets.JSModules.targets(76,5): message :       ResolveJSModuleManifestPublishStaticWebAssets;
       C:\Program Files\dotnet\sdk\10.0.102\Sdks\Microsoft.NET.Sdk.StaticWebAssets\targets\Microsoft.NET.Sdk.StaticWebAssets.JSModules.targets(76,5): message :       
       C:\Program Files\dotnet\sdk\10.0.102\Sdks\Microsoft.NET.Sdk.StaticWebAssets\targets\Microsoft.NET.Sdk.StaticWebAssets.JSModules.targets(76,5): message :       ResolveCorePublishStaticWebAssets;
       C:\Program Files\dotnet\sdk\10.0.102\Sdks\Microsoft.NET.Sdk.StaticWebAssets\targets\Microsoft.NET.Sdk.StaticWebAssets.JSModules.targets(76,5): message :       GenerateComputedPublishStaticWebAssets;
       C:\Program Files\dotnet\sdk\10.0.102\Sdks\Microsoft.NET.Sdk.StaticWebAssets\targets\Microsoft.NET.Sdk.StaticWebAssets.JSModules.targets(76,5): message :       ;
       C:\Program Files\dotnet\sdk\10.0.102\Sdks\Microsoft.NET.Sdk.StaticWebAssets\targets\Microsoft.NET.Sdk.StaticWebAssets.JSModules.targets(76,5): message :     
       C:\Program Files\dotnet\sdk\10.0.102\Sdks\Microsoft.NET.Sdk.StaticWebAssets\targets\Microsoft.NET.Sdk.StaticWebAssets.JSModules.targets(76,5): message :     " (previous value: "
       C:\Program Files\dotnet\sdk\10.0.102\Sdks\Microsoft.NET.Sdk.StaticWebAssets\targets\Microsoft.NET.Sdk.StaticWebAssets.JSModules.targets(76,5): message :       ResolveCorePublishStaticWebAssets;
       C:\Program Files\dotnet\sdk\10.0.102\Sdks\Microsoft.NET.Sdk.StaticWebAssets\targets\Microsoft.NET.Sdk.StaticWebAssets.JSModules.targets(76,5): message :       GenerateComputedPublishStaticWebAssets;
       C:\Program Files\dotnet\sdk\10.0.102\Sdks\Microsoft.NET.Sdk.StaticWebAssets\targets\Microsoft.NET.Sdk.StaticWebAssets.JSModules.targets(76,5): message :       ;
       C:\Program Files\dotnet\sdk\10.0.102\Sdks\Microsoft.NET.Sdk.StaticWebAssets\targets\Microsoft.NET.Sdk.StaticWebAssets.JSModules.targets(76,5): message :     ") at C:\Program Files\dotnet\sdk\10.0.102\Sdks\Microsoft.NET.Sdk.StaticWebAssets\targets\Microsoft.NET.Sdk.StaticWebAssets.JSModules.targets (76,5)
       C:\Program Files\dotnet\sdk\10.0.102\Sdks\Microsoft.NET.Sdk.StaticWebAssets\targets\Microsoft.NET.Sdk.StaticWebAssets.Compression.targets(185,5): message : Property reassignment: $(ResolveBuildRelatedStaticWebAssetsDependsOn)="
       C:\Program Files\dotnet\sdk\10.0.102\Sdks\Microsoft.NET.Sdk.StaticWebAssets\targets\Microsoft.NET.Sdk.StaticWebAssets.Compression.targets(185,5): message :       ResolveBuildCompressedStaticWebAssets;
       C:\Program Files\dotnet\sdk\10.0.102\Sdks\Microsoft.NET.Sdk.StaticWebAssets\targets\Microsoft.NET.Sdk.StaticWebAssets.Compression.targets(185,5): message :       
       C:\Program Files\dotnet\sdk\10.0.102\Sdks\Microsoft.NET.Sdk.StaticWebAssets\targets\Microsoft.NET.Sdk.StaticWebAssets.Compression.targets(185,5): message :       ResolveStaticWebAssetsInputs;
       C:\Program Files\dotnet\sdk\10.0.102\Sdks\Microsoft.NET.Sdk.StaticWebAssets\targets\Microsoft.NET.Sdk.StaticWebAssets.Compression.targets(185,5): message :       
       C:\Program Files\dotnet\sdk\10.0.102\Sdks\Microsoft.NET.Sdk.StaticWebAssets\targets\Microsoft.NET.Sdk.StaticWebAssets.Compression.targets(185,5): message :     
       C:\Program Files\dotnet\sdk\10.0.102\Sdks\Microsoft.NET.Sdk.StaticWebAssets\targets\Microsoft.NET.Sdk.StaticWebAssets.Compression.targets(185,5): message :     " (previous value: "
       C:\Program Files\dotnet\sdk\10.0.102\Sdks\Microsoft.NET.Sdk.StaticWebAssets\targets\Microsoft.NET.Sdk.StaticWebAssets.Compression.targets(185,5): message :       ResolveStaticWebAssetsInputs;
       C:\Program Files\dotnet\sdk\10.0.102\Sdks\Microsoft.NET.Sdk.StaticWebAssets\targets\Microsoft.NET.Sdk.StaticWebAssets.Compression.targets(185,5): message :       
       C:\Program Files\dotnet\sdk\10.0.102\Sdks\Microsoft.NET.Sdk.StaticWebAssets\targets\Microsoft.NET.Sdk.StaticWebAssets.Compression.targets(185,5): message :     ") at C:\Program Files\dotnet\sdk\10.0.102\Sdks\Microsoft.NET.Sdk.StaticWebAssets\targets\Microsoft.NET.Sdk.StaticWebAssets.Compression.targets (185,5)
       C:\Program Files\dotnet\sdk\10.0.102\Sdks\Microsoft.NET.Sdk.StaticWebAssets\targets\Microsoft.NET.Sdk.StaticWebAssets.Compression.targets(204,5): message : Property reassignment: $(ResolvePublishRelatedStaticWebAssetsDependsOn)="
       C:\Program Files\dotnet\sdk\10.0.102\Sdks\Microsoft.NET.Sdk.StaticWebAssets\targets\Microsoft.NET.Sdk.StaticWebAssets.Compression.targets(204,5): message :       ResolvePublishCompressedStaticWebAssets;
       C:\Program Files\dotnet\sdk\10.0.102\Sdks\Microsoft.NET.Sdk.StaticWebAssets\targets\Microsoft.NET.Sdk.StaticWebAssets.Compression.targets(204,5): message :       
       C:\Program Files\dotnet\sdk\10.0.102\Sdks\Microsoft.NET.Sdk.StaticWebAssets\targets\Microsoft.NET.Sdk.StaticWebAssets.Compression.targets(204,5): message :     " (previous value: "") at C:\Program Files\dotnet\sdk\10.0.102\Sdks\Microsoft.NET.Sdk.StaticWebAssets\targets\Microsoft.NET.Sdk.StaticWebAssets.Compression.targets (204,5)
       C:\Program Files\dotnet\sdk\10.0.102\Sdks\Microsoft.NET.Sdk.Razor\targets\Sdk.Razor.CurrentVersion.targets(220,5): message : Property reassignment: $(DebugSymbolsProjectOutputGroupDependsOn)="
       C:\Program Files\dotnet\sdk\10.0.102\Sdks\Microsoft.NET.Sdk.Razor\targets\Sdk.Razor.CurrentVersion.targets(220,5): message :       ;
       C:\Program Files\dotnet\sdk\10.0.102\Sdks\Microsoft.NET.Sdk.Razor\targets\Sdk.Razor.CurrentVersion.targets(220,5): message :       _RazorAddDebugSymbolsProjectOutputGroupOutput
       C:\Program Files\dotnet\sdk\10.0.102\Sdks\Microsoft.NET.Sdk.Razor\targets\Sdk.Razor.CurrentVersion.targets(220,5): message :     " (previous value: "") at C:\Program Files\dotnet\sdk\10.0.102\Sdks\Microsoft.NET.Sdk.Razor\targets\Sdk.Razor.CurrentVersion.targets (220,5)
       C:\Program Files\dotnet\sdk\10.0.102\Sdks\Microsoft.NET.Sdk.Razor\targets\Sdk.Razor.CurrentVersion.targets(225,5): message : Property reassignment: $(PrepareForBuildDependsOn)="
       C:\Program Files\dotnet\sdk\10.0.102\Sdks\Microsoft.NET.Sdk.Razor\targets\Sdk.Razor.CurrentVersion.targets(225,5): message :       ;GetFrameworkPaths;GetReferenceAssemblyPaths;AssignLinkMetadata;
       C:\Program Files\dotnet\sdk\10.0.102\Sdks\Microsoft.NET.Sdk.Razor\targets\Sdk.Razor.CurrentVersion.targets(225,5): message :       ResolveRazorGenerateInputs
       C:\Program Files\dotnet\sdk\10.0.102\Sdks\Microsoft.NET.Sdk.Razor\targets\Sdk.Razor.CurrentVersion.targets(225,5): message :     " (previous value: ";GetFrameworkPaths;GetReferenceAssemblyPaths;AssignLinkMetadata") at C:\Program Files\dotnet\sdk\10.0.102\Sdks\Microsoft.NET.Sdk.Razor\targets\Sdk.Razor.CurrentVersion.targets (225,5)
       C:\Program Files\dotnet\sdk\10.0.102\Sdks\Microsoft.NET.Sdk.Razor\targets\Sdk.Razor.CurrentVersion.targets(230,5): message : Property reassignment: $(GenerateNuspecDependsOn)="
       C:\Program Files\dotnet\sdk\10.0.102\Sdks\Microsoft.NET.Sdk.Razor\targets\Sdk.Razor.CurrentVersion.targets(230,5): message :       ResolveRazorGenerateInputs;
       C:\Program Files\dotnet\sdk\10.0.102\Sdks\Microsoft.NET.Sdk.Razor\targets\Sdk.Razor.CurrentVersion.targets(230,5): message :       
       C:\Program Files\dotnet\sdk\10.0.102\Sdks\Microsoft.NET.Sdk.Razor\targets\Sdk.Razor.CurrentVersion.targets(230,5): message :       IncludeStaticWebAssetsPackItems;
       C:\Program Files\dotnet\sdk\10.0.102\Sdks\Microsoft.NET.Sdk.Razor\targets\Sdk.Razor.CurrentVersion.targets(230,5): message :       Build;_LoadPackInputItems; _GetTargetFrameworksOutput; _WalkEachTargetPerFramework; _GetPackageFiles; ;
       C:\Program Files\dotnet\sdk\10.0.102\Sdks\Microsoft.NET.Sdk.Razor\targets\Sdk.Razor.CurrentVersion.targets(230,5): message :     
       C:\Program Files\dotnet\sdk\10.0.102\Sdks\Microsoft.NET.Sdk.Razor\targets\Sdk.Razor.CurrentVersion.targets(230,5): message :     " (previous value: "
       C:\Program Files\dotnet\sdk\10.0.102\Sdks\Microsoft.NET.Sdk.Razor\targets\Sdk.Razor.CurrentVersion.targets(230,5): message :       IncludeStaticWebAssetsPackItems;
       C:\Program Files\dotnet\sdk\10.0.102\Sdks\Microsoft.NET.Sdk.Razor\targets\Sdk.Razor.CurrentVersion.targets(230,5): message :       Build;_LoadPackInputItems; _GetTargetFrameworksOutput; _WalkEachTargetPerFramework; _GetPackageFiles; ;
       C:\Program Files\dotnet\sdk\10.0.102\Sdks\Microsoft.NET.Sdk.Razor\targets\Sdk.Razor.CurrentVersion.targets(230,5): message :     ") at C:\Program Files\dotnet\sdk\10.0.102\Sdks\Microsoft.NET.Sdk.Razor\targets\Sdk.Razor.CurrentVersion.targets (230,5)
       C:\Program Files\dotnet\sdk\10.0.102\Sdks\Microsoft.NET.Sdk.Razor\targets\Sdk.Razor.CurrentVersion.targets(235,5): message : Property reassignment: $(PrepareForRunDependsOn)="
       C:\Program Files\dotnet\sdk\10.0.102\Sdks\Microsoft.NET.Sdk.Razor\targets\Sdk.Razor.CurrentVersion.targets(235,5): message :       _RazorPrepareForRun;
       C:\Program Files\dotnet\sdk\10.0.102\Sdks\Microsoft.NET.Sdk.Razor\targets\Sdk.Razor.CurrentVersion.targets(235,5): message :       StaticWebAssetsPrepareForRun;
       C:\Program Files\dotnet\sdk\10.0.102\Sdks\Microsoft.NET.Sdk.Razor\targets\Sdk.Razor.CurrentVersion.targets(235,5): message :       CopyFilesToOutputDirectory
       C:\Program Files\dotnet\sdk\10.0.102\Sdks\Microsoft.NET.Sdk.Razor\targets\Sdk.Razor.CurrentVersion.targets(235,5): message :     
       C:\Program Files\dotnet\sdk\10.0.102\Sdks\Microsoft.NET.Sdk.Razor\targets\Sdk.Razor.CurrentVersion.targets(235,5): message :     " (previous value: "StaticWebAssetsPrepareForRun;
       C:\Program Files\dotnet\sdk\10.0.102\Sdks\Microsoft.NET.Sdk.Razor\targets\Sdk.Razor.CurrentVersion.targets(235,5): message :       CopyFilesToOutputDirectory
       C:\Program Files\dotnet\sdk\10.0.102\Sdks\Microsoft.NET.Sdk.Razor\targets\Sdk.Razor.CurrentVersion.targets(235,5): message :     ") at C:\Program Files\dotnet\sdk\10.0.102\Sdks\Microsoft.NET.Sdk.Razor\targets\Sdk.Razor.CurrentVersion.targets (235,5)
       C:\Program Files\dotnet\sdk\10.0.102\Sdks\Microsoft.NET.Sdk.Razor\targets\Sdk.Razor.CurrentVersion.targets(326,5): message : Property reassignment: $(UseRazorBuildServer)="true" (previous value: "") at C:\Program Files\dotnet\sdk\10.0.102\Sdks\Microsoft.NET.Sdk.Razor\targets\Sdk.Razor.CurrentVersion.targets (326,5)
       C:\Program Files\dotnet\sdk\10.0.102\Sdks\Microsoft.NET.Sdk.Razor\targets\Sdk.Razor.CurrentVersion.targets(332,5): message : Property reassignment: $(_RazorDebugSymbolsProduced)="true" (previous value: "false") at C:\Program Files\dotnet\sdk\10.0.102\Sdks\Microsoft.NET.Sdk.Razor\targets\Sdk.Razor.CurrentVersion.targets (332,5)
       C:\Program Files\dotnet\sdk\10.0.102\Sdks\Microsoft.NET.Sdk.Razor\targets\Microsoft.NET.Sdk.Razor.GenerateAssemblyInfo.targets(36,5): message : Property reassignment: $(GenerateRazorTargetAssemblyInfoDependsOn)="
       C:\Program Files\dotnet\sdk\10.0.102\Sdks\Microsoft.NET.Sdk.Razor\targets\Microsoft.NET.Sdk.Razor.GenerateAssemblyInfo.targets(36,5): message :       _ResolveMvcAssemblyAttributes;
       C:\Program Files\dotnet\sdk\10.0.102\Sdks\Microsoft.NET.Sdk.Razor\targets\Microsoft.NET.Sdk.Razor.GenerateAssemblyInfo.targets(36,5): message :       
       C:\Program Files\dotnet\sdk\10.0.102\Sdks\Microsoft.NET.Sdk.Razor\targets\Microsoft.NET.Sdk.Razor.GenerateAssemblyInfo.targets(36,5): message :       GetRazorTargetAssemblyAttributes;
       C:\Program Files\dotnet\sdk\10.0.102\Sdks\Microsoft.NET.Sdk.Razor\targets\Microsoft.NET.Sdk.Razor.GenerateAssemblyInfo.targets(36,5): message :       _CreateRazorTargetAssemblyInfoInputsCacheFile;
       C:\Program Files\dotnet\sdk\10.0.102\Sdks\Microsoft.NET.Sdk.Razor\targets\Microsoft.NET.Sdk.Razor.GenerateAssemblyInfo.targets(36,5): message :       CoreGenerateRazorTargetAssemblyInfo
       C:\Program Files\dotnet\sdk\10.0.102\Sdks\Microsoft.NET.Sdk.Razor\targets\Microsoft.NET.Sdk.Razor.GenerateAssemblyInfo.targets(36,5): message :     
       C:\Program Files\dotnet\sdk\10.0.102\Sdks\Microsoft.NET.Sdk.Razor\targets\Microsoft.NET.Sdk.Razor.GenerateAssemblyInfo.targets(36,5): message :     " (previous value: "
       C:\Program Files\dotnet\sdk\10.0.102\Sdks\Microsoft.NET.Sdk.Razor\targets\Microsoft.NET.Sdk.Razor.GenerateAssemblyInfo.targets(36,5): message :       GetRazorTargetAssemblyAttributes;
       C:\Program Files\dotnet\sdk\10.0.102\Sdks\Microsoft.NET.Sdk.Razor\targets\Microsoft.NET.Sdk.Razor.GenerateAssemblyInfo.targets(36,5): message :       _CreateRazorTargetAssemblyInfoInputsCacheFile;
       C:\Program Files\dotnet\sdk\10.0.102\Sdks\Microsoft.NET.Sdk.Razor\targets\Microsoft.NET.Sdk.Razor.GenerateAssemblyInfo.targets(36,5): message :       CoreGenerateRazorTargetAssemblyInfo
       C:\Program Files\dotnet\sdk\10.0.102\Sdks\Microsoft.NET.Sdk.Razor\targets\Microsoft.NET.Sdk.Razor.GenerateAssemblyInfo.targets(36,5): message :     ") at C:\Program Files\dotnet\sdk\10.0.102\Sdks\Microsoft.NET.Sdk.Razor\targets\Microsoft.NET.Sdk.Razor.GenerateAssemblyInfo.targets (36,5)
       C:\Program Files\dotnet\sdk\10.0.102\Sdks\Microsoft.NET.Sdk.Razor\targets\Microsoft.NET.Sdk.Razor.GenerateAssemblyInfo.targets(181,5): message : Property reassignment: $(CoreCompileDependsOn)="
       C:\Program Files\dotnet\sdk\10.0.102\Sdks\Microsoft.NET.Sdk.Razor\targets\Microsoft.NET.Sdk.Razor.GenerateAssemblyInfo.targets(181,5): message :       ;_ComputeNonExistentFileProperty;ResolveCodeAnalysisRuleSet;
       C:\Program Files\dotnet\sdk\10.0.102\Sdks\Microsoft.NET.Sdk.Razor\targets\Microsoft.NET.Sdk.Razor.GenerateAssemblyInfo.targets(181,5): message :       _GenerateRazorAssemblyInfo
       C:\Program Files\dotnet\sdk\10.0.102\Sdks\Microsoft.NET.Sdk.Razor\targets\Microsoft.NET.Sdk.Razor.GenerateAssemblyInfo.targets(181,5): message :     " (previous value: ";_ComputeNonExistentFileProperty;ResolveCodeAnalysisRuleSet") at C:\Program Files\dotnet\sdk\10.0.102\Sdks\Microsoft.NET.Sdk.Razor\targets\Microsoft.NET.Sdk.Razor.GenerateAssemblyInfo.targets (181,5)
       C:\Program Files\dotnet\sdk\10.0.102\Sdks\Microsoft.NET.Sdk.Razor\targets\Microsoft.NET.Sdk.Razor.GenerateAssemblyInfo.targets(189,5): message : Property reassignment: $(_GenerateRazorAssemblyInfoDependsOn)="
       C:\Program Files\dotnet\sdk\10.0.102\Sdks\Microsoft.NET.Sdk.Razor\targets\Microsoft.NET.Sdk.Razor.GenerateAssemblyInfo.targets(189,5): message :       _ResolveMvcAssemblyAttributes;
       C:\Program Files\dotnet\sdk\10.0.102\Sdks\Microsoft.NET.Sdk.Razor\targets\Microsoft.NET.Sdk.Razor.GenerateAssemblyInfo.targets(189,5): message :       RazorGetAssemblyAttributes;PrepareForBuild;_CoreGenerateRazorAssemblyInfo;
       C:\Program Files\dotnet\sdk\10.0.102\Sdks\Microsoft.NET.Sdk.Razor\targets\Microsoft.NET.Sdk.Razor.GenerateAssemblyInfo.targets(189,5): message :     " (previous value: "RazorGetAssemblyAttributes;PrepareForBuild;_CoreGenerateRazorAssemblyInfo") at C:\Program Files\dotnet\sdk\10.0.102\Sdks\Microsoft.NET.Sdk.Razor\targets\Microsoft.NET.Sdk.Razor.GenerateAssemblyInfo.targets (189,5)
       C:\Program Files\dotnet\sdk\10.0.102\Sdks\Microsoft.NET.Sdk.Razor\targets\Microsoft.NET.Sdk.Razor.MvcApplicationPartsDiscovery.targets(22,5): message : Property reassignment: $(CoreCompileDependsOn)="
       C:\Program Files\dotnet\sdk\10.0.102\Sdks\Microsoft.NET.Sdk.Razor\targets\Microsoft.NET.Sdk.Razor.MvcApplicationPartsDiscovery.targets(22,5): message :       _DiscoverMvcApplicationParts;
       C:\Program Files\dotnet\sdk\10.0.102\Sdks\Microsoft.NET.Sdk.Razor\targets\Microsoft.NET.Sdk.Razor.MvcApplicationPartsDiscovery.targets(22,5): message :       
       C:\Program Files\dotnet\sdk\10.0.102\Sdks\Microsoft.NET.Sdk.Razor\targets\Microsoft.NET.Sdk.Razor.MvcApplicationPartsDiscovery.targets(22,5): message :       ;_ComputeNonExistentFileProperty;ResolveCodeAnalysisRuleSet;
       C:\Program Files\dotnet\sdk\10.0.102\Sdks\Microsoft.NET.Sdk.Razor\targets\Microsoft.NET.Sdk.Razor.MvcApplicationPartsDiscovery.targets(22,5): message :       _GenerateRazorAssemblyInfo
       C:\Program Files\dotnet\sdk\10.0.102\Sdks\Microsoft.NET.Sdk.Razor\targets\Microsoft.NET.Sdk.Razor.MvcApplicationPartsDiscovery.targets(22,5): message :     ;
       C:\Program Files\dotnet\sdk\10.0.102\Sdks\Microsoft.NET.Sdk.Razor\targets\Microsoft.NET.Sdk.Razor.MvcApplicationPartsDiscovery.targets(22,5): message :     " (previous value: "
       C:\Program Files\dotnet\sdk\10.0.102\Sdks\Microsoft.NET.Sdk.Razor\targets\Microsoft.NET.Sdk.Razor.MvcApplicationPartsDiscovery.targets(22,5): message :       ;_ComputeNonExistentFileProperty;ResolveCodeAnalysisRuleSet;
       C:\Program Files\dotnet\sdk\10.0.102\Sdks\Microsoft.NET.Sdk.Razor\targets\Microsoft.NET.Sdk.Razor.MvcApplicationPartsDiscovery.targets(22,5): message :       _GenerateRazorAssemblyInfo
       C:\Program Files\dotnet\sdk\10.0.102\Sdks\Microsoft.NET.Sdk.Razor\targets\Microsoft.NET.Sdk.Razor.MvcApplicationPartsDiscovery.targets(22,5): message :     ") at C:\Program Files\dotnet\sdk\10.0.102\Sdks\Microsoft.NET.Sdk.Razor\targets\Microsoft.NET.Sdk.Razor.MvcApplicationPartsDiscovery.targets (22,5)
       C:\Program Files\dotnet\sdk\10.0.102\Sdks\Microsoft.NET.Sdk.Razor\targets\Sdk.Razor.CurrentVersion.targets(884,5): message : Property reassignment: $(RazorDesignTimeTargets)="C:\Program Files\dotnet\sdk\10.0.102\Sdks\Microsoft.NET.Sdk.Razor\targets\Microsoft.NET.Sdk.Razor.DesignTime.targets" (previous value: "C:\Program Files\dotnet\sdk\10.0.102\\Microsoft\VisualStudio\Razor\Microsoft.NET.Sdk.Razor.DesignTime.targets") at C:\Program Files\dotnet\sdk\10.0.102\Sdks\Microsoft.NET.Sdk.Razor\targets\Sdk.Razor.CurrentVersion.targets (884,5)
       C:\Program Files\dotnet\sdk\10.0.102\Sdks\Microsoft.NET.Sdk.Web.ProjectSystem\targets\Microsoft.NET.Sdk.Web.ProjectSystem.targets(21,5): message : Property reassignment: $(RunWorkingDirectory)="E:\Study_project\C#\FoodStreet\FoodStreet\FoodStreetPoiAdmin" (previous value: "") at C:\Program Files\dotnet\sdk\10.0.102\Sdks\Microsoft.NET.Sdk.Web.ProjectSystem\targets\Microsoft.NET.Sdk.Web.ProjectSystem.targets (21,5)
       C:\Program Files\dotnet\sdk\10.0.102\Sdks\Microsoft.NET.Sdk.Publish\targets\Microsoft.NET.Sdk.Publish.targets(60,5): message : Property reassignment: $(PublishProfileImported)="true" (previous value: "false") at C:\Program Files\dotnet\sdk\10.0.102\Sdks\Microsoft.NET.Sdk.Publish\targets\Microsoft.NET.Sdk.Publish.targets (60,5)
       C:\Program Files\dotnet\sdk\10.0.102\Sdks\Microsoft.NET.Sdk.Publish\targets\Microsoft.NET.Sdk.Publish.targets(81,5): message : Property reassignment: $(PublishConfiguration)="Debug" (previous value: "") at C:\Program Files\dotnet\sdk\10.0.102\Sdks\Microsoft.NET.Sdk.Publish\targets\Microsoft.NET.Sdk.Publish.targets (81,5)
       C:\Program Files\dotnet\sdk\10.0.102\Sdks\Microsoft.NET.Sdk.Publish\targets\Microsoft.NET.Sdk.Publish.targets(87,5): message : Property reassignment: $(BaseIntermediateOutputPath)="E:\Study_project\C#\FoodStreet\FoodStreet\FoodStreetPoiAdmin\obj\" (previous value: "obj\") at C:\Program Files\dotnet\sdk\10.0.102\Sdks\Microsoft.NET.Sdk.Publish\targets\Microsoft.NET.Sdk.Publish.targets (87,5)
       Overriding target "ResolveFrameworkReferences" in project "C:\Program Files\dotnet\sdk\10.0.102\Microsoft.Common.CurrentVersion.targets" with target "ResolveFrameworkReferences" from project "C:\Program Files\dotnet\sdk\10.0.102\Sdks\Microsoft.NET.Sdk\targets\Microsoft.NET.Sdk.FrameworkReferenceResolution.targets".
       Overriding target "GenerateSupportedTargetFrameworkAlias" in project "C:\Program Files\dotnet\sdk\10.0.102\Microsoft.Common.CurrentVersion.targets" with target "GenerateSupportedTargetFrameworkAlias" from project "C:\Program Files\dotnet\sdk\10.0.102\Sdks\Microsoft.NET.Sdk\targets\Microsoft.NET.Sdk.targets".
       Overriding target "GetReferenceAssemblyPaths" in project "C:\Program Files\dotnet\sdk\10.0.102\Microsoft.Common.CurrentVersion.targets" with target "GetReferenceAssemblyPaths" from project "C:\Program Files\dotnet\sdk\10.0.102\Sdks\Microsoft.NET.Sdk\targets\Microsoft.NET.DisableStandardFrameworkResolution.targets".
       Overriding target "GetFrameworkPaths" in project "C:\Program Files\dotnet\sdk\10.0.102\Microsoft.Common.CurrentVersion.targets" with target "GetFrameworkPaths" from project "C:\Program Files\dotnet\sdk\10.0.102\Sdks\Microsoft.NET.Sdk\targets\Microsoft.NET.DisableStandardFrameworkResolution.targets".
       Overriding target "DesignerRuntimeImplementationProjectOutputGroup" in project "C:\Program Files\dotnet\sdk\10.0.102\Microsoft.Common.CurrentVersion.targets" with target "DesignerRuntimeImplementationProjectOutputGroup" from project "C:\Program Files\dotnet\sdk\10.0.102\Sdks\Microsoft.NET.Sdk\targets\Microsoft.NET.DesignerSupport.targets".
       Overriding target "Publish" in project "C:\Program Files\dotnet\sdk\10.0.102\Microsoft.Common.CurrentVersion.targets" with target "Publish" from project "C:\Program Files\dotnet\sdk\10.0.102\Sdks\Microsoft.NET.Sdk\targets\Microsoft.NET.Publish.targets".
       Overriding target "ResolveReadyToRunCompilers" in project "C:\Program Files\dotnet\sdk\10.0.102\Sdks\Microsoft.NET.Sdk\targets\Microsoft.NET.CrossGen.targets" with target "ResolveReadyToRunCompilers" from project "C:\Program Files\dotnet\sdk\10.0.102\Sdks\Microsoft.NET.Sdk\targets\Microsoft.NET.Publish.targets".
       Overriding target "GetCopyToPublishDirectoryItems" in project "C:\Program Files\dotnet\sdk\10.0.102\Microsoft.Common.CurrentVersion.targets" with target "GetCopyToPublishDirectoryItems" from project "C:\Program Files\dotnet\sdk\10.0.102\Sdks\Microsoft.NET.Sdk\targets\Microsoft.NET.Publish.targets".
       Overriding target "Run" in project "C:\Program Files\dotnet\sdk\10.0.102\Microsoft.Common.CurrentVersion.targets" with target "Run" from project "C:\Program Files\dotnet\sdk\10.0.102\Sdks\Microsoft.NET.Sdk\targets\Microsoft.NET.Sdk.targets".
       Overriding target "BeforePublish" in project "C:\Program Files\dotnet\sdk\10.0.102\Microsoft.Common.CurrentVersion.targets" with target "BeforePublish" from project "C:\Program Files\dotnet\sdk\10.0.102\Sdks\Microsoft.NET.Sdk.Publish\targets\Microsoft.NET.Sdk.Publish.targets".
       Overriding target "AfterPublish" in project "C:\Program Files\dotnet\sdk\10.0.102\Microsoft.Common.CurrentVersion.targets" with target "AfterPublish" from project "C:\Program Files\dotnet\sdk\10.0.102\Sdks\Microsoft.NET.Sdk.Publish\targets\Microsoft.NET.Sdk.Publish.targets".
       The target "CollectUpToDateCheckInputDesignTime" listed in a BeforeTargets attribute at "C:\Program Files\dotnet\sdk\10.0.102\Sdks\Microsoft.NET.Sdk.StaticWebAssets\targets\Microsoft.NET.Sdk.StaticWebAssets.ScopedCss.targets (171,5)" does not exist in the project, and will be ignored.
       The target "CollectUpToDateCheckBuiltDesignTime" listed in a BeforeTargets attribute at "C:\Program Files\dotnet\sdk\10.0.102\Sdks\Microsoft.NET.Sdk.StaticWebAssets\targets\Microsoft.NET.Sdk.StaticWebAssets.ScopedCss.targets (171,5)" does not exist in the project, and will be ignored.
       The target "RazorGenerateComponentDeclaration" listed in an AfterTargets attribute at "C:\Program Files\dotnet\sdk\10.0.102\Sdks\Microsoft.NET.Sdk.Razor\targets\Microsoft.NET.Sdk.Razor.DesignTime.targets (55,53)" does not exist in the project, and will be ignored.
     1>Project "E:\Study_project\C#\FoodStreet\FoodStreet\FoodStreetPoiAdmin\FoodStreetPoiAdmin.csproj" on node 1 (Restore target(s)).
     1>Target "_LoadRestoreGraphEntryPoints" in file "C:\Program Files\dotnet\sdk\10.0.102\NuGet.targets" from project "E:\Study_project\C#\FoodStreet\FoodStreet\FoodStreetPoiAdmin\FoodStreetPoiAdmin.csproj" (target "_FilterRestoreGraphProjectInputItems" depends on it):
     1>Done building target "_LoadRestoreGraphEntryPoints" in project "FoodStreetPoiAdmin.csproj".
     1>Target "_FilterRestoreGraphProjectInputItems" in file "C:\Program Files\dotnet\sdk\10.0.102\NuGet.targets" from project "E:\Study_project\C#\FoodStreet\FoodStreet\FoodStreetPoiAdmin\FoodStreetPoiAdmin.csproj" (target "_GenerateRestoreGraph" depends on it):
       Using "RemoveDuplicates" task from assembly "Microsoft.Build.Tasks.Core, Version=15.1.0.0, Culture=neutral, PublicKeyToken=b03f5f7f11d50a3a".
       Task "RemoveDuplicates"
       Done executing task "RemoveDuplicates".
       Using "MSBuild" task from assembly "Microsoft.Build.Tasks.Core, Version=15.1.0.0, Culture=neutral, PublicKeyToken=b03f5f7f11d50a3a".
       Task "MSBuild"
         Global Properties:
           ExcludeRestorePackageImports=true
     0>C:\Program Files\dotnet\sdk\10.0.102\Sdks\Microsoft.NET.Sdk\Sdk\Sdk.props(49,11): message : Property 'MSBuildExtensionsPath' with value 'C:\Program Files\dotnet\sdk\10.0.102\' expanded from the environment.
       C:\Program Files\dotnet\sdk\10.0.102\Current\Microsoft.Common.props(60,5): message : Property reassignment: $(MSBuildProjectExtensionsPath)="E:\Study_project\C#\FoodStreet\FoodStreet\FoodStreetPoiAdmin\obj\" (previous value: "obj\") at C:\Program Files\dotnet\sdk\10.0.102\Current\Microsoft.Common.props (60,5)
       C:\Program Files\dotnet\sdk\10.0.102\Current\Microsoft.Common.props(84,119): message : Property 'MSBuildUserExtensionsPath' with value 'C:\Users\lenovo\AppData\Local\Microsoft\MSBuild' expanded from the environment.
       C:\Program Files\dotnet\sdk\10.0.102\Sdks\Microsoft.NET.Sdk\targets\Microsoft.NET.Sdk.props(90,5): message : Property reassignment: $(AssemblySearchPaths)="{CandidateAssemblyFiles};{HintPathFromItem}" (previous value: "{CandidateAssemblyFiles}") at C:\Program Files\dotnet\sdk\10.0.102\Sdks\Microsoft.NET.Sdk\targets\Microsoft.NET.Sdk.props (90,5)
       C:\Program Files\dotnet\sdk\10.0.102\Sdks\Microsoft.NET.Sdk\targets\Microsoft.NET.Sdk.props(91,5): message : Property reassignment: $(AssemblySearchPaths)="{CandidateAssemblyFiles};{HintPathFromItem};{TargetFrameworkDirectory}" (previous value: "{CandidateAssemblyFiles};{HintPathFromItem}") at C:\Program Files\dotnet\sdk\10.0.102\Sdks\Microsoft.NET.Sdk\targets\Microsoft.NET.Sdk.props (91,5)
       C:\Program Files\dotnet\sdk\10.0.102\Sdks\Microsoft.NET.Sdk\targets\Microsoft.NET.Sdk.props(92,5): message : Property reassignment: $(AssemblySearchPaths)="{CandidateAssemblyFiles};{HintPathFromItem};{TargetFrameworkDirectory};{RawFileName}" (previous value: "{CandidateAssemblyFiles};{HintPathFromItem};{TargetFrameworkDirectory}") at C:\Program Files\dotnet\sdk\10.0.102\Sdks\Microsoft.NET.Sdk\targets\Microsoft.NET.Sdk.props (92,5)
       C:\Program Files\dotnet\sdk\10.0.102\Sdks\Microsoft.NET.Sdk.StaticWebAssets\Sdk\Sdk.StaticWebAssets.StaticAssets.ProjectSystem.props(23,5): message : Property reassignment: $(DefaultItemExcludes)=";**\node_modules\**;node_modules\**;**\jspm_packages\**;jspm_packages\**" (previous value: ";**\node_modules\**;node_modules\**") at C:\Program Files\dotnet\sdk\10.0.102\Sdks\Microsoft.NET.Sdk.StaticWebAssets\Sdk\Sdk.StaticWebAssets.StaticAssets.ProjectSystem.props (23,5)
       C:\Program Files\dotnet\sdk\10.0.102\Sdks\Microsoft.NET.Sdk.StaticWebAssets\Sdk\Sdk.StaticWebAssets.StaticAssets.ProjectSystem.props(24,5): message : Property reassignment: $(DefaultItemExcludes)=";**\node_modules\**;node_modules\**;**\jspm_packages\**;jspm_packages\**;**\bower_components\**;bower_components\**" (previous value: ";**\node_modules\**;node_modules\**;**\jspm_packages\**;jspm_packages\**") at C:\Program Files\dotnet\sdk\10.0.102\Sdks\Microsoft.NET.Sdk.StaticWebAssets\Sdk\Sdk.StaticWebAssets.StaticAssets.ProjectSystem.props (24,5)
       C:\Program Files\dotnet\sdk\10.0.102\Sdks\Microsoft.NET.Sdk.StaticWebAssets\Sdk\Sdk.StaticWebAssets.StaticAssets.ProjectSystem.props(25,5): message : Property reassignment: $(DefaultItemExcludes)=";**\node_modules\**;node_modules\**;**\jspm_packages\**;jspm_packages\**;**\bower_components\**;bower_components\**;**\packages.lock.json" (previous value: ";**\node_modules\**;node_modules\**;**\jspm_packages\**;jspm_packages\**;**\bower_components\**;bower_components\**") at C:\Program Files\dotnet\sdk\10.0.102\Sdks\Microsoft.NET.Sdk.StaticWebAssets\Sdk\Sdk.StaticWebAssets.StaticAssets.ProjectSystem.props (25,5)
       C:\Program Files\dotnet\sdk\10.0.102\Sdks\Microsoft.NET.Sdk.Web.ProjectSystem\targets\Microsoft.NET.Sdk.Web.ProjectSystem.props(16,5): message : Property reassignment: $(OutputType)="Exe" (previous value: "Library") at C:\Program Files\dotnet\sdk\10.0.102\Sdks\Microsoft.NET.Sdk.Web.ProjectSystem\targets\Microsoft.NET.Sdk.Web.ProjectSystem.props (16,5)
       E:\Study_project\C#\FoodStreet\FoodStreet\FoodStreetPoiAdmin\FoodStreetPoiAdmin.csproj(6,5): message : Property reassignment: $(DefaultItemExcludes)=";**\node_modules\**;node_modules\**;**\jspm_packages\**;jspm_packages\**;**\bower_components\**;bower_components\**;**\packages.lock.json;bin_verify*/**;**/bin_verify*/**" (previous value: ";**\node_modules\**;node_modules\**;**\jspm_packages\**;jspm_packages\**;**\bower_components\**;bower_components\**;**\packages.lock.json") at E:\Study_project\C#\FoodStreet\FoodStreet\FoodStreetPoiAdmin\FoodStreetPoiAdmin.csproj (6,5)
       C:\Program Files\dotnet\sdk\10.0.102\Sdks\Microsoft.NET.Sdk\targets\Microsoft.NET.Sdk.ImportPublishProfile.targets(28,5): message : Property reassignment: $(PublishProfileImported)="false" (previous value: "true") at C:\Program Files\dotnet\sdk\10.0.102\Sdks\Microsoft.NET.Sdk\targets\Microsoft.NET.Sdk.ImportPublishProfile.targets (28,5)
       C:\Program Files\dotnet\sdk\10.0.102\Sdks\Microsoft.NET.Sdk\targets\Microsoft.NET.TargetFrameworkInference.targets(81,5): message : Property reassignment: $(TargetPlatformVersion)="" (previous value: "0.0") at C:\Program Files\dotnet\sdk\10.0.102\Sdks\Microsoft.NET.Sdk\targets\Microsoft.NET.TargetFrameworkInference.targets (81,5)
       C:\Program Files\dotnet\sdk\10.0.102\Sdks\Microsoft.NET.Sdk\targets\Microsoft.NET.DefaultOutputPaths.targets(126,5): message : Property reassignment: $(DefaultItemExcludes)=";**\node_modules\**;node_modules\**;**\jspm_packages\**;jspm_packages\**;**\bower_components\**;bower_components\**;**\packages.lock.json;bin_verify*/**;**/bin_verify*/**;bin\Debug\/**" (previous value: ";**\node_modules\**;node_modules\**;**\jspm_packages\**;jspm_packages\**;**\bower_components\**;bower_components\**;**\packages.lock.json;bin_verify*/**;**/bin_verify*/**") at C:\Program Files\dotnet\sdk\10.0.102\Sdks\Microsoft.NET.Sdk\targets\Microsoft.NET.DefaultOutputPaths.targets (126,5)
       C:\Program Files\dotnet\sdk\10.0.102\Sdks\Microsoft.NET.Sdk\targets\Microsoft.NET.DefaultOutputPaths.targets(127,5): message : Property reassignment: $(DefaultItemExcludes)=";**\node_modules\**;node_modules\**;**\jspm_packages\**;jspm_packages\**;**\bower_components\**;bower_components\**;**\packages.lock.json;bin_verify*/**;**/bin_verify*/**;bin\Debug\/**;obj\Debug\/**" (previous value: ";**\node_modules\**;node_modules\**;**\jspm_packages\**;jspm_packages\**;**\bower_components\**;bower_components\**;**\packages.lock.json;bin_verify*/**;**/bin_verify*/**;bin\Debug\/**") at C:\Program Files\dotnet\sdk\10.0.102\Sdks\Microsoft.NET.Sdk\targets\Microsoft.NET.DefaultOutputPaths.targets (127,5)
       C:\Program Files\dotnet\sdk\10.0.102\Sdks\Microsoft.NET.Sdk\targets\Microsoft.NET.DefaultOutputPaths.targets(142,5): message : Property reassignment: $(OutputPath)="bin\Debug\net10.0\" (previous value: "bin\Debug\") at C:\Program Files\dotnet\sdk\10.0.102\Sdks\Microsoft.NET.Sdk\targets\Microsoft.NET.DefaultOutputPaths.targets (142,5)
       C:\Program Files\dotnet\sdk\10.0.102\Sdks\Microsoft.NET.Sdk\targets\Microsoft.NET.DefaultOutputPaths.targets(147,5): message : Property reassignment: $(IntermediateOutputPath)="obj\Debug\net10.0\" (previous value: "obj\Debug\") at C:\Program Files\dotnet\sdk\10.0.102\Sdks\Microsoft.NET.Sdk\targets\Microsoft.NET.DefaultOutputPaths.targets (147,5)
       C:\Program Files\dotnet\sdk\10.0.102\Sdks\Microsoft.NET.Sdk\targets\Microsoft.NET.Sdk.BeforeCommon.targets(371,5): message : Property reassignment: $(RoslynTargetsPath)="C:\Program Files\dotnet\sdk\10.0.102\Sdks\Microsoft.NET.Sdk\targets\..\..\..\Roslyn" (previous value: "C:\Program Files\dotnet\sdk\10.0.102\Roslyn") at C:\Program Files\dotnet\sdk\10.0.102\Sdks\Microsoft.NET.Sdk\targets\Microsoft.NET.Sdk.BeforeCommon.targets (371,5)
       C:\Program Files\dotnet\sdk\10.0.102\Roslyn\Microsoft.Managed.Core.targets(6,5): message : Property reassignment: $(_BuildTasksDirectory)="C:\Program Files\dotnet\sdk\10.0.102\Sdks\Microsoft.NET.Sdk\targets\..\..\..\Roslyn\" (previous value: "C:\Program Files\dotnet\sdk\10.0.102\Roslyn\") at C:\Program Files\dotnet\sdk\10.0.102\Roslyn\Microsoft.Managed.Core.targets (6,5)
       C:\Program Files\dotnet\sdk\10.0.102\Roslyn\Microsoft.CSharp.Core.targets(200,5): message : Property reassignment: $(CommandLineArgsForDesignTimeEvaluation)="-langversion:14.0 -define:TRACE" (previous value: "-langversion:14.0") at C:\Program Files\dotnet\sdk\10.0.102\Roslyn\Microsoft.CSharp.Core.targets (200,5)
       C:\Program Files\dotnet\sdk\10.0.102\Microsoft.Common.CurrentVersion.targets(175,5): message : Property reassignment: $(_DebugSymbolsProduced)="true" (previous value: "false") at C:\Program Files\dotnet\sdk\10.0.102\Microsoft.Common.CurrentVersion.targets (175,5)
       C:\Program Files\dotnet\sdk\10.0.102\Microsoft.Common.CurrentVersion.targets(185,5): message : Property reassignment: $(_DocumentationFileProduced)="false" (previous value: "true") at C:\Program Files\dotnet\sdk\10.0.102\Microsoft.Common.CurrentVersion.targets (185,5)
       C:\Program Files\dotnet\sdk\10.0.102\Microsoft.Common.CurrentVersion.targets(392,5): message : Property reassignment: $(MSBuildCopyMarkerName)="FoodStre.2476A410" (previous value: "FoodStreetPoiAdmin.csproj") at C:\Program Files\dotnet\sdk\10.0.102\Microsoft.Common.CurrentVersion.targets (392,5)
       C:\Program Files\dotnet\sdk\10.0.102\Microsoft.Common.CurrentVersion.targets(393,5): message : Property reassignment: $(MSBuildCopyMarkerName)="FoodStre.2476A410.Up2Date" (previous value: "FoodStre.2476A410") at C:\Program Files\dotnet\sdk\10.0.102\Microsoft.Common.CurrentVersion.targets (393,5)
       C:\Program Files\dotnet\sdk\10.0.102\Microsoft.Common.CurrentVersion.targets(541,5): message : Property reassignment: $(ProcessorArchitecture)="msil" (previous value: "") at C:\Program Files\dotnet\sdk\10.0.102\Microsoft.Common.CurrentVersion.targets (541,5)
       C:\Program Files\dotnet\sdk\10.0.102\Microsoft.Common.CurrentVersion.targets(580,5): message : Property reassignment: $(DelaySign)="" (previous value: "false") at C:\Program Files\dotnet\sdk\10.0.102\Microsoft.Common.CurrentVersion.targets (580,5)
       C:\Program Files\dotnet\sdk\10.0.102\Microsoft.Common.CurrentVersion.targets(2606,5): message : Property 'LOCALAPPDATA' with value 'C:\Users\lenovo\AppData\Local' expanded from the environment.
       C:\Program Files\dotnet\sdk\10.0.102\Microsoft.Common.CurrentVersion.targets(3934,5): message : Property reassignment: $(_SGenGenerateSerializationAssembliesConfig)="Auto" (previous value: "") at C:\Program Files\dotnet\sdk\10.0.102\Microsoft.Common.CurrentVersion.targets (3934,5)
       C:\Program Files\dotnet\sdk\10.0.102\Microsoft.Common.CurrentVersion.targets(3935,5): message : Property reassignment: $(_SGenGenerateSerializationAssembliesConfig)="Off" (previous value: "Auto") at C:\Program Files\dotnet\sdk\10.0.102\Microsoft.Common.CurrentVersion.targets (3935,5)
       C:\Program Files\dotnet\sdk\10.0.102\Microsoft.Common.CurrentVersion.targets(5146,5): message : Property reassignment: $(_TargetsThatPrepareProjectReferences)="
       C:\Program Files\dotnet\sdk\10.0.102\Microsoft.Common.CurrentVersion.targets(5146,5): message :       AssignProjectConfiguration;
       C:\Program Files\dotnet\sdk\10.0.102\Microsoft.Common.CurrentVersion.targets(5146,5): message :       _SplitProjectReferencesByFileExistence
       C:\Program Files\dotnet\sdk\10.0.102\Microsoft.Common.CurrentVersion.targets(5146,5): message :     " (previous value: "_SplitProjectReferencesByFileExistence") at C:\Program Files\dotnet\sdk\10.0.102\Microsoft.Common.CurrentVersion.targets (5146,5)
       C:\Program Files\dotnet\sdk\10.0.102\Microsoft.Common.CurrentVersion.targets(6959,5): message : Property 'MSBuildExtensionsPath32' with value 'C:\Program Files\dotnet\sdk\10.0.102' expanded from the environment.
       The "NuGetInteractive" property is a global property, and cannot be modified.
       C:\Program Files\dotnet\sdk\10.0.102\Sdks\Microsoft.NET.Sdk\targets\Microsoft.PackageDependencyResolution.targets(24,5): message : Property reassignment: $(ProjectAssetsFile)="E:\Study_project\C#\FoodStreet\FoodStreet\FoodStreetPoiAdmin\obj\project.assets.json" (previous value: "E:\Study_project\C#\FoodStreet\FoodStreet\FoodStreetPoiAdmin\obj\/project.assets.json") at C:\Program Files\dotnet\sdk\10.0.102\Sdks\Microsoft.NET.Sdk\targets\Microsoft.PackageDependencyResolution.targets (24,5)
       C:\Program Files\dotnet\sdk\10.0.102\Sdks\Microsoft.NET.Sdk\targets\Microsoft.PackageDependencyResolution.targets(29,5): message : Property reassignment: $(ProjectAssetsCacheFile)="E:\Study_project\C#\FoodStreet\FoodStreet\FoodStreetPoiAdmin\obj\Debug\net10.0\FoodStreetPoiAdmin.assets.cache" (previous value: "obj\Debug\net10.0\FoodStreetPoiAdmin.assets.cache") at C:\Program Files\dotnet\sdk\10.0.102\Sdks\Microsoft.NET.Sdk\targets\Microsoft.PackageDependencyResolution.targets (29,5)
       C:\Program Files\dotnet\sdk\10.0.102\Sdks\Microsoft.NET.Sdk\targets\Microsoft.PackageDependencyResolution.targets(80,5): message : Property reassignment: $(ResolveAssemblyReferencesDependsOn)="
       C:\Program Files\dotnet\sdk\10.0.102\Sdks\Microsoft.NET.Sdk\targets\Microsoft.PackageDependencyResolution.targets(80,5): message :       
       C:\Program Files\dotnet\sdk\10.0.102\Sdks\Microsoft.NET.Sdk\targets\Microsoft.PackageDependencyResolution.targets(80,5): message :       ResolveProjectReferences;
       C:\Program Files\dotnet\sdk\10.0.102\Sdks\Microsoft.NET.Sdk\targets\Microsoft.PackageDependencyResolution.targets(80,5): message :       FindInvalidProjectReferences;
       C:\Program Files\dotnet\sdk\10.0.102\Sdks\Microsoft.NET.Sdk\targets\Microsoft.PackageDependencyResolution.targets(80,5): message :       GetFrameworkPaths;
       C:\Program Files\dotnet\sdk\10.0.102\Sdks\Microsoft.NET.Sdk\targets\Microsoft.PackageDependencyResolution.targets(80,5): message :       GetReferenceAssemblyPaths;
       C:\Program Files\dotnet\sdk\10.0.102\Sdks\Microsoft.NET.Sdk\targets\Microsoft.PackageDependencyResolution.targets(80,5): message :       PrepareForBuild;
       C:\Program Files\dotnet\sdk\10.0.102\Sdks\Microsoft.NET.Sdk\targets\Microsoft.PackageDependencyResolution.targets(80,5): message :       ResolveSDKReferences;
       C:\Program Files\dotnet\sdk\10.0.102\Sdks\Microsoft.NET.Sdk\targets\Microsoft.PackageDependencyResolution.targets(80,5): message :       ExpandSDKReferences;
       C:\Program Files\dotnet\sdk\10.0.102\Sdks\Microsoft.NET.Sdk\targets\Microsoft.PackageDependencyResolution.targets(80,5): message :     ;
       C:\Program Files\dotnet\sdk\10.0.102\Sdks\Microsoft.NET.Sdk\targets\Microsoft.PackageDependencyResolution.targets(80,5): message :       ResolvePackageDependenciesForBuild;
       C:\Program Files\dotnet\sdk\10.0.102\Sdks\Microsoft.NET.Sdk\targets\Microsoft.PackageDependencyResolution.targets(80,5): message :       _HandlePackageFileConflicts;
       C:\Program Files\dotnet\sdk\10.0.102\Sdks\Microsoft.NET.Sdk\targets\Microsoft.PackageDependencyResolution.targets(80,5): message :     " (previous value: "
       C:\Program Files\dotnet\sdk\10.0.102\Sdks\Microsoft.NET.Sdk\targets\Microsoft.PackageDependencyResolution.targets(80,5): message :       ResolveProjectReferences;
       C:\Program Files\dotnet\sdk\10.0.102\Sdks\Microsoft.NET.Sdk\targets\Microsoft.PackageDependencyResolution.targets(80,5): message :       FindInvalidProjectReferences;
       C:\Program Files\dotnet\sdk\10.0.102\Sdks\Microsoft.NET.Sdk\targets\Microsoft.PackageDependencyResolution.targets(80,5): message :       GetFrameworkPaths;
       C:\Program Files\dotnet\sdk\10.0.102\Sdks\Microsoft.NET.Sdk\targets\Microsoft.PackageDependencyResolution.targets(80,5): message :       GetReferenceAssemblyPaths;
       C:\Program Files\dotnet\sdk\10.0.102\Sdks\Microsoft.NET.Sdk\targets\Microsoft.PackageDependencyResolution.targets(80,5): message :       PrepareForBuild;
       C:\Program Files\dotnet\sdk\10.0.102\Sdks\Microsoft.NET.Sdk\targets\Microsoft.PackageDependencyResolution.targets(80,5): message :       ResolveSDKReferences;
       C:\Program Files\dotnet\sdk\10.0.102\Sdks\Microsoft.NET.Sdk\targets\Microsoft.PackageDependencyResolution.targets(80,5): message :       ExpandSDKReferences;
       C:\Program Files\dotnet\sdk\10.0.102\Sdks\Microsoft.NET.Sdk\targets\Microsoft.PackageDependencyResolution.targets(80,5): message :     ") at C:\Program Files\dotnet\sdk\10.0.102\Sdks\Microsoft.NET.Sdk\targets\Microsoft.PackageDependencyResolution.targets (80,5)
       C:\Program Files\dotnet\sdk\10.0.102\Sdks\Microsoft.NET.Sdk\targets\Microsoft.PackageDependencyResolution.targets(86,5): message : Property reassignment: $(PrepareResourcesDependsOn)="
       C:\Program Files\dotnet\sdk\10.0.102\Sdks\Microsoft.NET.Sdk\targets\Microsoft.PackageDependencyResolution.targets(86,5): message :       ResolvePackageDependenciesForBuild;
       C:\Program Files\dotnet\sdk\10.0.102\Sdks\Microsoft.NET.Sdk\targets\Microsoft.PackageDependencyResolution.targets(86,5): message :       _HandlePackageFileConflicts;
       C:\Program Files\dotnet\sdk\10.0.102\Sdks\Microsoft.NET.Sdk\targets\Microsoft.PackageDependencyResolution.targets(86,5): message :       
       C:\Program Files\dotnet\sdk\10.0.102\Sdks\Microsoft.NET.Sdk\targets\Microsoft.PackageDependencyResolution.targets(86,5): message :       ;
       C:\Program Files\dotnet\sdk\10.0.102\Sdks\Microsoft.NET.Sdk\targets\Microsoft.PackageDependencyResolution.targets(86,5): message :       PrepareResourceNames;
       C:\Program Files\dotnet\sdk\10.0.102\Sdks\Microsoft.NET.Sdk\targets\Microsoft.PackageDependencyResolution.targets(86,5): message :       ResGen;
       C:\Program Files\dotnet\sdk\10.0.102\Sdks\Microsoft.NET.Sdk\targets\Microsoft.PackageDependencyResolution.targets(86,5): message :       CompileLicxFiles
       C:\Program Files\dotnet\sdk\10.0.102\Sdks\Microsoft.NET.Sdk\targets\Microsoft.PackageDependencyResolution.targets(86,5): message :     
       C:\Program Files\dotnet\sdk\10.0.102\Sdks\Microsoft.NET.Sdk\targets\Microsoft.PackageDependencyResolution.targets(86,5): message :     " (previous value: "
       C:\Program Files\dotnet\sdk\10.0.102\Sdks\Microsoft.NET.Sdk\targets\Microsoft.PackageDependencyResolution.targets(86,5): message :       ;
       C:\Program Files\dotnet\sdk\10.0.102\Sdks\Microsoft.NET.Sdk\targets\Microsoft.PackageDependencyResolution.targets(86,5): message :       PrepareResourceNames;
       C:\Program Files\dotnet\sdk\10.0.102\Sdks\Microsoft.NET.Sdk\targets\Microsoft.PackageDependencyResolution.targets(86,5): message :       ResGen;
       C:\Program Files\dotnet\sdk\10.0.102\Sdks\Microsoft.NET.Sdk\targets\Microsoft.PackageDependencyResolution.targets(86,5): message :       CompileLicxFiles
       C:\Program Files\dotnet\sdk\10.0.102\Sdks\Microsoft.NET.Sdk\targets\Microsoft.PackageDependencyResolution.targets(86,5): message :     ") at C:\Program Files\dotnet\sdk\10.0.102\Sdks\Microsoft.NET.Sdk\targets\Microsoft.PackageDependencyResolution.targets (86,5)
       The "EnableDefaultCompileItems" property is a global property, and cannot be modified.
       The "EnableDefaultEmbeddedResourceItems" property is a global property, and cannot be modified.
       The "EnableDefaultNoneItems" property is a global property, and cannot be modified.
       C:\Program Files\dotnet\sdk\10.0.102\Sdks\Microsoft.NET.Sdk\targets\Microsoft.NET.Sdk.DefaultItems.targets(35,5): message : Property reassignment: $(DefaultItemExcludes)=";**\node_modules\**;node_modules\**;**\jspm_packages\**;jspm_packages\**;**\bower_components\**;bower_components\**;**\packages.lock.json;bin_verify*/**;**/bin_verify*/**;bin\Debug\/**;obj\Debug\/**;bin\/**" (previous value: ";**\node_modules\**;node_modules\**;**\jspm_packages\**;jspm_packages\**;**\bower_components\**;bower_components\**;**\packages.lock.json;bin_verify*/**;**/bin_verify*/**;bin\Debug\/**;obj\Debug\/**") at C:\Program Files\dotnet\sdk\10.0.102\Sdks\Microsoft.NET.Sdk\targets\Microsoft.NET.Sdk.DefaultItems.targets (35,5)
       C:\Program Files\dotnet\sdk\10.0.102\Sdks\Microsoft.NET.Sdk\targets\Microsoft.NET.Sdk.DefaultItems.targets(37,5): message : Property reassignment: $(DefaultItemExcludes)=";**\node_modules\**;node_modules\**;**\jspm_packages\**;jspm_packages\**;**\bower_components\**;bower_components\**;**\packages.lock.json;bin_verify*/**;**/bin_verify*/**;bin\Debug\/**;obj\Debug\/**;bin\/**;obj\/**" (previous value: ";**\node_modules\**;node_modules\**;**\jspm_packages\**;jspm_packages\**;**\bower_components\**;bower_components\**;**\packages.lock.json;bin_verify*/**;**/bin_verify*/**;bin\Debug\/**;obj\Debug\/**;bin\/**") at C:\Program Files\dotnet\sdk\10.0.102\Sdks\Microsoft.NET.Sdk\targets\Microsoft.NET.Sdk.DefaultItems.targets (37,5)
       C:\Program Files\dotnet\sdk\10.0.102\Sdks\Microsoft.NET.Sdk\targets\Microsoft.NET.Sdk.DefaultItems.targets(40,5): message : Property reassignment: $(DefaultItemExcludes)=";**\node_modules\**;node_modules\**;**\jspm_packages\**;jspm_packages\**;**\bower_components\**;bower_components\**;**\packages.lock.json;bin_verify*/**;**/bin_verify*/**;bin\Debug\/**;obj\Debug\/**;bin\/**;obj\/**;**/*.user" (previous value: ";**\node_modules\**;node_modules\**;**\jspm_packages\**;jspm_packages\**;**\bower_components\**;bower_components\**;**\packages.lock.json;bin_verify*/**;**/bin_verify*/**;bin\Debug\/**;obj\Debug\/**;bin\/**;obj\/**") at C:\Program Files\dotnet\sdk\10.0.102\Sdks\Microsoft.NET.Sdk\targets\Microsoft.NET.Sdk.DefaultItems.targets (40,5)
       C:\Program Files\dotnet\sdk\10.0.102\Sdks\Microsoft.NET.Sdk\targets\Microsoft.NET.Sdk.DefaultItems.targets(41,5): message : Property reassignment: $(DefaultItemExcludes)=";**\node_modules\**;node_modules\**;**\jspm_packages\**;jspm_packages\**;**\bower_components\**;bower_components\**;**\packages.lock.json;bin_verify*/**;**/bin_verify*/**;bin\Debug\/**;obj\Debug\/**;bin\/**;obj\/**;**/*.user;**/*.*proj" (previous value: ";**\node_modules\**;node_modules\**;**\jspm_packages\**;jspm_packages\**;**\bower_components\**;bower_components\**;**\packages.lock.json;bin_verify*/**;**/bin_verify*/**;bin\Debug\/**;obj\Debug\/**;bin\/**;obj\/**;**/*.user") at C:\Program Files\dotnet\sdk\10.0.102\Sdks\Microsoft.NET.Sdk\targets\Microsoft.NET.Sdk.DefaultItems.targets (41,5)
       C:\Program Files\dotnet\sdk\10.0.102\Sdks\Microsoft.NET.Sdk\targets\Microsoft.NET.Sdk.DefaultItems.targets(42,5): message : Property reassignment: $(DefaultItemExcludes)=";**\node_modules\**;node_modules\**;**\jspm_packages\**;jspm_packages\**;**\bower_components\**;bower_components\**;**\packages.lock.json;bin_verify*/**;**/bin_verify*/**;bin\Debug\/**;obj\Debug\/**;bin\/**;obj\/**;**/*.user;**/*.*proj;**/*.sln" (previous value: ";**\node_modules\**;node_modules\**;**\jspm_packages\**;jspm_packages\**;**\bower_components\**;bower_components\**;**\packages.lock.json;bin_verify*/**;**/bin_verify*/**;bin\Debug\/**;obj\Debug\/**;bin\/**;obj\/**;**/*.user;**/*.*proj") at C:\Program Files\dotnet\sdk\10.0.102\Sdks\Microsoft.NET.Sdk\targets\Microsoft.NET.Sdk.DefaultItems.targets (42,5)
       C:\Program Files\dotnet\sdk\10.0.102\Sdks\Microsoft.NET.Sdk\targets\Microsoft.NET.Sdk.DefaultItems.targets(43,5): message : Property reassignment: $(DefaultItemExcludes)=";**\node_modules\**;node_modules\**;**\jspm_packages\**;jspm_packages\**;**\bower_components\**;bower_components\**;**\packages.lock.json;bin_verify*/**;**/bin_verify*/**;bin\Debug\/**;obj\Debug\/**;bin\/**;obj\/**;**/*.user;**/*.*proj;**/*.sln;**/*.slnx" (previous value: ";**\node_modules\**;node_modules\**;**\jspm_packages\**;jspm_packages\**;**\bower_components\**;bower_components\**;**\packages.lock.json;bin_verify*/**;**/bin_verify*/**;bin\Debug\/**;obj\Debug\/**;bin\/**;obj\/**;**/*.user;**/*.*proj;**/*.sln") at C:\Program Files\dotnet\sdk\10.0.102\Sdks\Microsoft.NET.Sdk\targets\Microsoft.NET.Sdk.DefaultItems.targets (43,5)
       C:\Program Files\dotnet\sdk\10.0.102\Sdks\Microsoft.NET.Sdk\targets\Microsoft.NET.Sdk.DefaultItems.targets(44,5): message : Property reassignment: $(DefaultItemExcludes)=";**\node_modules\**;node_modules\**;**\jspm_packages\**;jspm_packages\**;**\bower_components\**;bower_components\**;**\packages.lock.json;bin_verify*/**;**/bin_verify*/**;bin\Debug\/**;obj\Debug\/**;bin\/**;obj\/**;**/*.user;**/*.*proj;**/*.sln;**/*.slnx;**/*.vssscc" (previous value: ";**\node_modules\**;node_modules\**;**\jspm_packages\**;jspm_packages\**;**\bower_components\**;bower_components\**;**\packages.lock.json;bin_verify*/**;**/bin_verify*/**;bin\Debug\/**;obj\Debug\/**;bin\/**;obj\/**;**/*.user;**/*.*proj;**/*.sln;**/*.slnx") at C:\Program Files\dotnet\sdk\10.0.102\Sdks\Microsoft.NET.Sdk\targets\Microsoft.NET.Sdk.DefaultItems.targets (44,5)
       C:\Program Files\dotnet\sdk\10.0.102\Sdks\Microsoft.NET.Sdk\targets\Microsoft.NET.Sdk.DefaultItems.targets(45,5): message : Property reassignment: $(DefaultItemExcludes)=";**\node_modules\**;node_modules\**;**\jspm_packages\**;jspm_packages\**;**\bower_components\**;bower_components\**;**\packages.lock.json;bin_verify*/**;**/bin_verify*/**;bin\Debug\/**;obj\Debug\/**;bin\/**;obj\/**;**/*.user;**/*.*proj;**/*.sln;**/*.slnx;**/*.vssscc;**/.DS_Store" (previous value: ";**\node_modules\**;node_modules\**;**\jspm_packages\**;jspm_packages\**;**\bower_components\**;bower_components\**;**\packages.lock.json;bin_verify*/**;**/bin_verify*/**;bin\Debug\/**;obj\Debug\/**;bin\/**;obj\/**;**/*.user;**/*.*proj;**/*.sln;**/*.slnx;**/*.vssscc") at C:\Program Files\dotnet\sdk\10.0.102\Sdks\Microsoft.NET.Sdk\targets\Microsoft.NET.Sdk.DefaultItems.targets (45,5)
       C:\Program Files\dotnet\sdk\10.0.102\Sdks\Microsoft.NET.Sdk\targets\Microsoft.NET.Sdk.FrameworkReferenceResolution.targets(14,5): message : Property reassignment: $(ResolveAssemblyReferencesDependsOn)="
       C:\Program Files\dotnet\sdk\10.0.102\Sdks\Microsoft.NET.Sdk\targets\Microsoft.NET.Sdk.FrameworkReferenceResolution.targets(14,5): message :       
       C:\Program Files\dotnet\sdk\10.0.102\Sdks\Microsoft.NET.Sdk\targets\Microsoft.NET.Sdk.FrameworkReferenceResolution.targets(14,5): message :       
       C:\Program Files\dotnet\sdk\10.0.102\Sdks\Microsoft.NET.Sdk\targets\Microsoft.NET.Sdk.FrameworkReferenceResolution.targets(14,5): message :       ResolveProjectReferences;
       C:\Program Files\dotnet\sdk\10.0.102\Sdks\Microsoft.NET.Sdk\targets\Microsoft.NET.Sdk.FrameworkReferenceResolution.targets(14,5): message :       FindInvalidProjectReferences;
       C:\Program Files\dotnet\sdk\10.0.102\Sdks\Microsoft.NET.Sdk\targets\Microsoft.NET.Sdk.FrameworkReferenceResolution.targets(14,5): message :       GetFrameworkPaths;
       C:\Program Files\dotnet\sdk\10.0.102\Sdks\Microsoft.NET.Sdk\targets\Microsoft.NET.Sdk.FrameworkReferenceResolution.targets(14,5): message :       GetReferenceAssemblyPaths;
       C:\Program Files\dotnet\sdk\10.0.102\Sdks\Microsoft.NET.Sdk\targets\Microsoft.NET.Sdk.FrameworkReferenceResolution.targets(14,5): message :       PrepareForBuild;
       C:\Program Files\dotnet\sdk\10.0.102\Sdks\Microsoft.NET.Sdk\targets\Microsoft.NET.Sdk.FrameworkReferenceResolution.targets(14,5): message :       ResolveSDKReferences;
       C:\Program Files\dotnet\sdk\10.0.102\Sdks\Microsoft.NET.Sdk\targets\Microsoft.NET.Sdk.FrameworkReferenceResolution.targets(14,5): message :       ExpandSDKReferences;
       C:\Program Files\dotnet\sdk\10.0.102\Sdks\Microsoft.NET.Sdk\targets\Microsoft.NET.Sdk.FrameworkReferenceResolution.targets(14,5): message :     ;
       C:\Program Files\dotnet\sdk\10.0.102\Sdks\Microsoft.NET.Sdk\targets\Microsoft.NET.Sdk.FrameworkReferenceResolution.targets(14,5): message :       ResolvePackageDependenciesForBuild;
       C:\Program Files\dotnet\sdk\10.0.102\Sdks\Microsoft.NET.Sdk\targets\Microsoft.NET.Sdk.FrameworkReferenceResolution.targets(14,5): message :       _HandlePackageFileConflicts;
       C:\Program Files\dotnet\sdk\10.0.102\Sdks\Microsoft.NET.Sdk\targets\Microsoft.NET.Sdk.FrameworkReferenceResolution.targets(14,5): message :     ;
       C:\Program Files\dotnet\sdk\10.0.102\Sdks\Microsoft.NET.Sdk\targets\Microsoft.NET.Sdk.FrameworkReferenceResolution.targets(14,5): message :       ResolveTargetingPackAssets;
       C:\Program Files\dotnet\sdk\10.0.102\Sdks\Microsoft.NET.Sdk\targets\Microsoft.NET.Sdk.FrameworkReferenceResolution.targets(14,5): message :     " (previous value: "
       C:\Program Files\dotnet\sdk\10.0.102\Sdks\Microsoft.NET.Sdk\targets\Microsoft.NET.Sdk.FrameworkReferenceResolution.targets(14,5): message :       
       C:\Program Files\dotnet\sdk\10.0.102\Sdks\Microsoft.NET.Sdk\targets\Microsoft.NET.Sdk.FrameworkReferenceResolution.targets(14,5): message :       ResolveProjectReferences;
       C:\Program Files\dotnet\sdk\10.0.102\Sdks\Microsoft.NET.Sdk\targets\Microsoft.NET.Sdk.FrameworkReferenceResolution.targets(14,5): message :       FindInvalidProjectReferences;
       C:\Program Files\dotnet\sdk\10.0.102\Sdks\Microsoft.NET.Sdk\targets\Microsoft.NET.Sdk.FrameworkReferenceResolution.targets(14,5): message :       GetFrameworkPaths;
       C:\Program Files\dotnet\sdk\10.0.102\Sdks\Microsoft.NET.Sdk\targets\Microsoft.NET.Sdk.FrameworkReferenceResolution.targets(14,5): message :       GetReferenceAssemblyPaths;
       C:\Program Files\dotnet\sdk\10.0.102\Sdks\Microsoft.NET.Sdk\targets\Microsoft.NET.Sdk.FrameworkReferenceResolution.targets(14,5): message :       PrepareForBuild;
       C:\Program Files\dotnet\sdk\10.0.102\Sdks\Microsoft.NET.Sdk\targets\Microsoft.NET.Sdk.FrameworkReferenceResolution.targets(14,5): message :       ResolveSDKReferences;
       C:\Program Files\dotnet\sdk\10.0.102\Sdks\Microsoft.NET.Sdk\targets\Microsoft.NET.Sdk.FrameworkReferenceResolution.targets(14,5): message :       ExpandSDKReferences;
       C:\Program Files\dotnet\sdk\10.0.102\Sdks\Microsoft.NET.Sdk\targets\Microsoft.NET.Sdk.FrameworkReferenceResolution.targets(14,5): message :     ;
       C:\Program Files\dotnet\sdk\10.0.102\Sdks\Microsoft.NET.Sdk\targets\Microsoft.NET.Sdk.FrameworkReferenceResolution.targets(14,5): message :       ResolvePackageDependenciesForBuild;
       C:\Program Files\dotnet\sdk\10.0.102\Sdks\Microsoft.NET.Sdk\targets\Microsoft.NET.Sdk.FrameworkReferenceResolution.targets(14,5): message :       _HandlePackageFileConflicts;
       C:\Program Files\dotnet\sdk\10.0.102\Sdks\Microsoft.NET.Sdk\targets\Microsoft.NET.Sdk.FrameworkReferenceResolution.targets(14,5): message :     ") at C:\Program Files\dotnet\sdk\10.0.102\Sdks\Microsoft.NET.Sdk\targets\Microsoft.NET.Sdk.FrameworkReferenceResolution.targets (14,5)
       C:\Program Files\dotnet\sdk\10.0.102\Sdks\Microsoft.NET.Sdk\targets\Microsoft.NET.Sdk.targets(44,5): message : Property reassignment: $(_GenerateRuntimeConfigurationPropertyInputsCache)="E:\Study_project\C#\FoodStreet\FoodStreet\FoodStreetPoiAdmin\obj\Debug\net10.0\FoodStreetPoiAdmin.genruntimeconfig.cache" (previous value: "obj\Debug\net10.0\FoodStreetPoiAdmin.genruntimeconfig.cache") at C:\Program Files\dotnet\sdk\10.0.102\Sdks\Microsoft.NET.Sdk\targets\Microsoft.NET.Sdk.targets (44,5)
       C:\Program Files\dotnet\sdk\10.0.102\Sdks\Microsoft.NET.Sdk\targets\Microsoft.NET.Sdk.targets(46,5): message : Property reassignment: $(_GeneratePublishDependencyFilePropertyInputsCache)="E:\Study_project\C#\FoodStreet\FoodStreet\FoodStreetPoiAdmin\obj\Debug\net10.0\FoodStreetPoiAdmin.genpublishdeps.cache" (previous value: "obj\Debug\net10.0\FoodStreetPoiAdmin.genpublishdeps.cache") at C:\Program Files\dotnet\sdk\10.0.102\Sdks\Microsoft.NET.Sdk\targets\Microsoft.NET.Sdk.targets (46,5)
       C:\Program Files\dotnet\sdk\10.0.102\Sdks\Microsoft.NET.Sdk\targets\Microsoft.NET.Sdk.targets(48,5): message : Property reassignment: $(_GenerateSingleFileBundlePropertyInputsCache)="E:\Study_project\C#\FoodStreet\FoodStreet\FoodStreetPoiAdmin\obj\Debug\net10.0\FoodStreetPoiAdmin.genbundle.cache" (previous value: "obj\Debug\net10.0\FoodStreetPoiAdmin.genbundle.cache") at C:\Program Files\dotnet\sdk\10.0.102\Sdks\Microsoft.NET.Sdk\targets\Microsoft.NET.Sdk.targets (48,5)
       C:\Program Files\dotnet\sdk\10.0.102\Sdks\Microsoft.NET.Sdk\targets\Microsoft.NET.Sdk.targets(81,5): message : Property reassignment: $(GenerateRuntimeConfigDevFile)="false" (previous value: "true") at C:\Program Files\dotnet\sdk\10.0.102\Sdks\Microsoft.NET.Sdk\targets\Microsoft.NET.Sdk.targets (81,5)
       C:\Program Files\dotnet\sdk\10.0.102\Sdks\Microsoft.NET.Sdk\targets\Microsoft.NET.Sdk.targets(98,5): message : Property 'USERPROFILE' with value 'C:\Users\lenovo' expanded from the environment.
       C:\Program Files\dotnet\sdk\10.0.102\Sdks\Microsoft.NET.Sdk\targets\Microsoft.NET.Sdk.targets(98,5): message : Property reassignment: $(_DefaultUserProfileRuntimeStorePath)="C:\Users\lenovo" (previous value: "") at C:\Program Files\dotnet\sdk\10.0.102\Sdks\Microsoft.NET.Sdk\targets\Microsoft.NET.Sdk.targets (98,5)
       C:\Program Files\dotnet\sdk\10.0.102\Sdks\Microsoft.NET.Sdk\targets\Microsoft.NET.Sdk.targets(99,5): message : Property reassignment: $(_DefaultUserProfileRuntimeStorePath)="C:\Users\lenovo\.dotnet\store" (previous value: "C:\Users\lenovo") at C:\Program Files\dotnet\sdk\10.0.102\Sdks\Microsoft.NET.Sdk\targets\Microsoft.NET.Sdk.targets (99,5)
       C:\Program Files\dotnet\sdk\10.0.102\Sdks\Microsoft.NET.Sdk\targets\Microsoft.NET.Sdk.targets(144,5): message : Property reassignment: $(AvailablePlatforms)="Any CPU,x86,x64,ARM32" (previous value: "Any CPU,x86,x64") at C:\Program Files\dotnet\sdk\10.0.102\Sdks\Microsoft.NET.Sdk\targets\Microsoft.NET.Sdk.targets (144,5)
       C:\Program Files\dotnet\sdk\10.0.102\Sdks\Microsoft.NET.Sdk\targets\Microsoft.NET.Sdk.targets(148,5): message : Property reassignment: $(AvailablePlatforms)="Any CPU,x86,x64,ARM32,ARM64" (previous value: "Any CPU,x86,x64,ARM32") at C:\Program Files\dotnet\sdk\10.0.102\Sdks\Microsoft.NET.Sdk\targets\Microsoft.NET.Sdk.targets (148,5)
       C:\Program Files\dotnet\sdk\10.0.102\Sdks\Microsoft.NET.Sdk\targets\Microsoft.NET.Sdk.targets(204,5): message : Property reassignment: $(CoreBuildDependsOn)="
       C:\Program Files\dotnet\sdk\10.0.102\Sdks\Microsoft.NET.Sdk\targets\Microsoft.NET.Sdk.targets(204,5): message :       _CheckForBuildWithNoBuild;
       C:\Program Files\dotnet\sdk\10.0.102\Sdks\Microsoft.NET.Sdk\targets\Microsoft.NET.Sdk.targets(204,5): message :       
       C:\Program Files\dotnet\sdk\10.0.102\Sdks\Microsoft.NET.Sdk\targets\Microsoft.NET.Sdk.targets(204,5): message :       BuildOnlySettings;
       C:\Program Files\dotnet\sdk\10.0.102\Sdks\Microsoft.NET.Sdk\targets\Microsoft.NET.Sdk.targets(204,5): message :       PrepareForBuild;
       C:\Program Files\dotnet\sdk\10.0.102\Sdks\Microsoft.NET.Sdk\targets\Microsoft.NET.Sdk.targets(204,5): message :       PreBuildEvent;
       C:\Program Files\dotnet\sdk\10.0.102\Sdks\Microsoft.NET.Sdk\targets\Microsoft.NET.Sdk.targets(204,5): message :       ResolveReferences;
       C:\Program Files\dotnet\sdk\10.0.102\Sdks\Microsoft.NET.Sdk\targets\Microsoft.NET.Sdk.targets(204,5): message :       PrepareResources;
       C:\Program Files\dotnet\sdk\10.0.102\Sdks\Microsoft.NET.Sdk\targets\Microsoft.NET.Sdk.targets(204,5): message :       ResolveKeySource;
       C:\Program Files\dotnet\sdk\10.0.102\Sdks\Microsoft.NET.Sdk\targets\Microsoft.NET.Sdk.targets(204,5): message :       Compile;
       C:\Program Files\dotnet\sdk\10.0.102\Sdks\Microsoft.NET.Sdk\targets\Microsoft.NET.Sdk.targets(204,5): message :       ExportWindowsMDFile;
       C:\Program Files\dotnet\sdk\10.0.102\Sdks\Microsoft.NET.Sdk\targets\Microsoft.NET.Sdk.targets(204,5): message :       UnmanagedUnregistration;
       C:\Program Files\dotnet\sdk\10.0.102\Sdks\Microsoft.NET.Sdk\targets\Microsoft.NET.Sdk.targets(204,5): message :       GenerateSerializationAssemblies;
       C:\Program Files\dotnet\sdk\10.0.102\Sdks\Microsoft.NET.Sdk\targets\Microsoft.NET.Sdk.targets(204,5): message :       CreateSatelliteAssemblies;
       C:\Program Files\dotnet\sdk\10.0.102\Sdks\Microsoft.NET.Sdk\targets\Microsoft.NET.Sdk.targets(204,5): message :       GenerateManifests;
       C:\Program Files\dotnet\sdk\10.0.102\Sdks\Microsoft.NET.Sdk\targets\Microsoft.NET.Sdk.targets(204,5): message :       GetTargetPath;
       C:\Program Files\dotnet\sdk\10.0.102\Sdks\Microsoft.NET.Sdk\targets\Microsoft.NET.Sdk.targets(204,5): message :       PrepareForRun;
       C:\Program Files\dotnet\sdk\10.0.102\Sdks\Microsoft.NET.Sdk\targets\Microsoft.NET.Sdk.targets(204,5): message :       UnmanagedRegistration;
       C:\Program Files\dotnet\sdk\10.0.102\Sdks\Microsoft.NET.Sdk\targets\Microsoft.NET.Sdk.targets(204,5): message :       IncrementalClean;
       C:\Program Files\dotnet\sdk\10.0.102\Sdks\Microsoft.NET.Sdk\targets\Microsoft.NET.Sdk.targets(204,5): message :       PostBuildEvent
       C:\Program Files\dotnet\sdk\10.0.102\Sdks\Microsoft.NET.Sdk\targets\Microsoft.NET.Sdk.targets(204,5): message :     ;
       C:\Program Files\dotnet\sdk\10.0.102\Sdks\Microsoft.NET.Sdk\targets\Microsoft.NET.Sdk.targets(204,5): message :       GenerateBuildDependencyFile;
       C:\Program Files\dotnet\sdk\10.0.102\Sdks\Microsoft.NET.Sdk\targets\Microsoft.NET.Sdk.targets(204,5): message :       GenerateBuildRuntimeConfigurationFiles
       C:\Program Files\dotnet\sdk\10.0.102\Sdks\Microsoft.NET.Sdk\targets\Microsoft.NET.Sdk.targets(204,5): message :     " (previous value: "
       C:\Program Files\dotnet\sdk\10.0.102\Sdks\Microsoft.NET.Sdk\targets\Microsoft.NET.Sdk.targets(204,5): message :       BuildOnlySettings;
       C:\Program Files\dotnet\sdk\10.0.102\Sdks\Microsoft.NET.Sdk\targets\Microsoft.NET.Sdk.targets(204,5): message :       PrepareForBuild;
       C:\Program Files\dotnet\sdk\10.0.102\Sdks\Microsoft.NET.Sdk\targets\Microsoft.NET.Sdk.targets(204,5): message :       PreBuildEvent;
       C:\Program Files\dotnet\sdk\10.0.102\Sdks\Microsoft.NET.Sdk\targets\Microsoft.NET.Sdk.targets(204,5): message :       ResolveReferences;
       C:\Program Files\dotnet\sdk\10.0.102\Sdks\Microsoft.NET.Sdk\targets\Microsoft.NET.Sdk.targets(204,5): message :       PrepareResources;
       C:\Program Files\dotnet\sdk\10.0.102\Sdks\Microsoft.NET.Sdk\targets\Microsoft.NET.Sdk.targets(204,5): message :       ResolveKeySource;
       C:\Program Files\dotnet\sdk\10.0.102\Sdks\Microsoft.NET.Sdk\targets\Microsoft.NET.Sdk.targets(204,5): message :       Compile;
       C:\Program Files\dotnet\sdk\10.0.102\Sdks\Microsoft.NET.Sdk\targets\Microsoft.NET.Sdk.targets(204,5): message :       ExportWindowsMDFile;
       C:\Program Files\dotnet\sdk\10.0.102\Sdks\Microsoft.NET.Sdk\targets\Microsoft.NET.Sdk.targets(204,5): message :       UnmanagedUnregistration;
       C:\Program Files\dotnet\sdk\10.0.102\Sdks\Microsoft.NET.Sdk\targets\Microsoft.NET.Sdk.targets(204,5): message :       GenerateSerializationAssemblies;
       C:\Program Files\dotnet\sdk\10.0.102\Sdks\Microsoft.NET.Sdk\targets\Microsoft.NET.Sdk.targets(204,5): message :       CreateSatelliteAssemblies;
       C:\Program Files\dotnet\sdk\10.0.102\Sdks\Microsoft.NET.Sdk\targets\Microsoft.NET.Sdk.targets(204,5): message :       GenerateManifests;
       C:\Program Files\dotnet\sdk\10.0.102\Sdks\Microsoft.NET.Sdk\targets\Microsoft.NET.Sdk.targets(204,5): message :       GetTargetPath;
       C:\Program Files\dotnet\sdk\10.0.102\Sdks\Microsoft.NET.Sdk\targets\Microsoft.NET.Sdk.targets(204,5): message :       PrepareForRun;
       C:\Program Files\dotnet\sdk\10.0.102\Sdks\Microsoft.NET.Sdk\targets\Microsoft.NET.Sdk.targets(204,5): message :       UnmanagedRegistration;
       C:\Program Files\dotnet\sdk\10.0.102\Sdks\Microsoft.NET.Sdk\targets\Microsoft.NET.Sdk.targets(204,5): message :       IncrementalClean;
       C:\Program Files\dotnet\sdk\10.0.102\Sdks\Microsoft.NET.Sdk\targets\Microsoft.NET.Sdk.targets(204,5): message :       PostBuildEvent
       C:\Program Files\dotnet\sdk\10.0.102\Sdks\Microsoft.NET.Sdk\targets\Microsoft.NET.Sdk.targets(204,5): message :     ") at C:\Program Files\dotnet\sdk\10.0.102\Sdks\Microsoft.NET.Sdk\targets\Microsoft.NET.Sdk.targets (204,5)
       C:\Program Files\dotnet\sdk\10.0.102\Sdks\Microsoft.NET.Sdk\targets\Microsoft.NET.Sdk.targets(213,5): message : Property reassignment: $(CoreCleanDependsOn)="
       C:\Program Files\dotnet\sdk\10.0.102\Sdks\Microsoft.NET.Sdk\targets\Microsoft.NET.Sdk.targets(213,5): message :       _SdkBeforeClean;
       C:\Program Files\dotnet\sdk\10.0.102\Sdks\Microsoft.NET.Sdk\targets\Microsoft.NET.Sdk.targets(213,5): message :       
       C:\Program Files\dotnet\sdk\10.0.102\Sdks\Microsoft.NET.Sdk\targets\Microsoft.NET.Sdk.targets(213,5): message :     " (previous value: "") at C:\Program Files\dotnet\sdk\10.0.102\Sdks\Microsoft.NET.Sdk\targets\Microsoft.NET.Sdk.targets (213,5)
       C:\Program Files\dotnet\sdk\10.0.102\Sdks\Microsoft.NET.Sdk\targets\Microsoft.NET.Sdk.targets(220,5): message : Property reassignment: $(RebuildDependsOn)="
       C:\Program Files\dotnet\sdk\10.0.102\Sdks\Microsoft.NET.Sdk\targets\Microsoft.NET.Sdk.targets(220,5): message :       _SdkBeforeRebuild;
       C:\Program Files\dotnet\sdk\10.0.102\Sdks\Microsoft.NET.Sdk\targets\Microsoft.NET.Sdk.targets(220,5): message :       
       C:\Program Files\dotnet\sdk\10.0.102\Sdks\Microsoft.NET.Sdk\targets\Microsoft.NET.Sdk.targets(220,5): message :       BeforeRebuild;
       C:\Program Files\dotnet\sdk\10.0.102\Sdks\Microsoft.NET.Sdk\targets\Microsoft.NET.Sdk.targets(220,5): message :       Clean;
       C:\Program Files\dotnet\sdk\10.0.102\Sdks\Microsoft.NET.Sdk\targets\Microsoft.NET.Sdk.targets(220,5): message :       Build;
       C:\Program Files\dotnet\sdk\10.0.102\Sdks\Microsoft.NET.Sdk\targets\Microsoft.NET.Sdk.targets(220,5): message :       AfterRebuild;
       C:\Program Files\dotnet\sdk\10.0.102\Sdks\Microsoft.NET.Sdk\targets\Microsoft.NET.Sdk.targets(220,5): message :     
       C:\Program Files\dotnet\sdk\10.0.102\Sdks\Microsoft.NET.Sdk\targets\Microsoft.NET.Sdk.targets(220,5): message :     " (previous value: "
       C:\Program Files\dotnet\sdk\10.0.102\Sdks\Microsoft.NET.Sdk\targets\Microsoft.NET.Sdk.targets(220,5): message :       BeforeRebuild;
       C:\Program Files\dotnet\sdk\10.0.102\Sdks\Microsoft.NET.Sdk\targets\Microsoft.NET.Sdk.targets(220,5): message :       Clean;
       C:\Program Files\dotnet\sdk\10.0.102\Sdks\Microsoft.NET.Sdk\targets\Microsoft.NET.Sdk.targets(220,5): message :       Build;
       C:\Program Files\dotnet\sdk\10.0.102\Sdks\Microsoft.NET.Sdk\targets\Microsoft.NET.Sdk.targets(220,5): message :       AfterRebuild;
       C:\Program Files\dotnet\sdk\10.0.102\Sdks\Microsoft.NET.Sdk\targets\Microsoft.NET.Sdk.targets(220,5): message :     ") at C:\Program Files\dotnet\sdk\10.0.102\Sdks\Microsoft.NET.Sdk\targets\Microsoft.NET.Sdk.targets (220,5)
       C:\Program Files\dotnet\sdk\10.0.102\Sdks\Microsoft.NET.Sdk\targets\Microsoft.NET.Sdk.targets(799,5): message : Property reassignment: $(CompileDependsOn)="
       C:\Program Files\dotnet\sdk\10.0.102\Sdks\Microsoft.NET.Sdk\targets\Microsoft.NET.Sdk.targets(799,5): message :       
       C:\Program Files\dotnet\sdk\10.0.102\Sdks\Microsoft.NET.Sdk\targets\Microsoft.NET.Sdk.targets(799,5): message :       ResolveReferences;
       C:\Program Files\dotnet\sdk\10.0.102\Sdks\Microsoft.NET.Sdk\targets\Microsoft.NET.Sdk.targets(799,5): message :       ResolveKeySource;
       C:\Program Files\dotnet\sdk\10.0.102\Sdks\Microsoft.NET.Sdk\targets\Microsoft.NET.Sdk.targets(799,5): message :       SetWin32ManifestProperties;
       C:\Program Files\dotnet\sdk\10.0.102\Sdks\Microsoft.NET.Sdk\targets\Microsoft.NET.Sdk.targets(799,5): message :       _SetPreferNativeArm64Win32ManifestProperties;
       C:\Program Files\dotnet\sdk\10.0.102\Sdks\Microsoft.NET.Sdk\targets\Microsoft.NET.Sdk.targets(799,5): message :       FindReferenceAssembliesForReferences;
       C:\Program Files\dotnet\sdk\10.0.102\Sdks\Microsoft.NET.Sdk\targets\Microsoft.NET.Sdk.targets(799,5): message :       _GenerateCompileInputs;
       C:\Program Files\dotnet\sdk\10.0.102\Sdks\Microsoft.NET.Sdk\targets\Microsoft.NET.Sdk.targets(799,5): message :       BeforeCompile;
       C:\Program Files\dotnet\sdk\10.0.102\Sdks\Microsoft.NET.Sdk\targets\Microsoft.NET.Sdk.targets(799,5): message :       _TimeStampBeforeCompile;
       C:\Program Files\dotnet\sdk\10.0.102\Sdks\Microsoft.NET.Sdk\targets\Microsoft.NET.Sdk.targets(799,5): message :       _GenerateCompileDependencyCache;
       C:\Program Files\dotnet\sdk\10.0.102\Sdks\Microsoft.NET.Sdk\targets\Microsoft.NET.Sdk.targets(799,5): message :       CoreCompile;
       C:\Program Files\dotnet\sdk\10.0.102\Sdks\Microsoft.NET.Sdk\targets\Microsoft.NET.Sdk.targets(799,5): message :       _TimeStampAfterCompile;
       C:\Program Files\dotnet\sdk\10.0.102\Sdks\Microsoft.NET.Sdk\targets\Microsoft.NET.Sdk.targets(799,5): message :       AfterCompile;
       C:\Program Files\dotnet\sdk\10.0.102\Sdks\Microsoft.NET.Sdk\targets\Microsoft.NET.Sdk.targets(799,5): message :     ;
       C:\Program Files\dotnet\sdk\10.0.102\Sdks\Microsoft.NET.Sdk\targets\Microsoft.NET.Sdk.targets(799,5): message :       _CreateAppHost;
       C:\Program Files\dotnet\sdk\10.0.102\Sdks\Microsoft.NET.Sdk\targets\Microsoft.NET.Sdk.targets(799,5): message :       _CreateComHost;
       C:\Program Files\dotnet\sdk\10.0.102\Sdks\Microsoft.NET.Sdk\targets\Microsoft.NET.Sdk.targets(799,5): message :       _GetIjwHostPaths;
       C:\Program Files\dotnet\sdk\10.0.102\Sdks\Microsoft.NET.Sdk\targets\Microsoft.NET.Sdk.targets(799,5): message :     " (previous value: "
       C:\Program Files\dotnet\sdk\10.0.102\Sdks\Microsoft.NET.Sdk\targets\Microsoft.NET.Sdk.targets(799,5): message :       ResolveReferences;
       C:\Program Files\dotnet\sdk\10.0.102\Sdks\Microsoft.NET.Sdk\targets\Microsoft.NET.Sdk.targets(799,5): message :       ResolveKeySource;
       C:\Program Files\dotnet\sdk\10.0.102\Sdks\Microsoft.NET.Sdk\targets\Microsoft.NET.Sdk.targets(799,5): message :       SetWin32ManifestProperties;
       C:\Program Files\dotnet\sdk\10.0.102\Sdks\Microsoft.NET.Sdk\targets\Microsoft.NET.Sdk.targets(799,5): message :       _SetPreferNativeArm64Win32ManifestProperties;
       C:\Program Files\dotnet\sdk\10.0.102\Sdks\Microsoft.NET.Sdk\targets\Microsoft.NET.Sdk.targets(799,5): message :       FindReferenceAssembliesForReferences;
       C:\Program Files\dotnet\sdk\10.0.102\Sdks\Microsoft.NET.Sdk\targets\Microsoft.NET.Sdk.targets(799,5): message :       _GenerateCompileInputs;
       C:\Program Files\dotnet\sdk\10.0.102\Sdks\Microsoft.NET.Sdk\targets\Microsoft.NET.Sdk.targets(799,5): message :       BeforeCompile;
       C:\Program Files\dotnet\sdk\10.0.102\Sdks\Microsoft.NET.Sdk\targets\Microsoft.NET.Sdk.targets(799,5): message :       _TimeStampBeforeCompile;
       C:\Program Files\dotnet\sdk\10.0.102\Sdks\Microsoft.NET.Sdk\targets\Microsoft.NET.Sdk.targets(799,5): message :       _GenerateCompileDependencyCache;
       C:\Program Files\dotnet\sdk\10.0.102\Sdks\Microsoft.NET.Sdk\targets\Microsoft.NET.Sdk.targets(799,5): message :       CoreCompile;
       C:\Program Files\dotnet\sdk\10.0.102\Sdks\Microsoft.NET.Sdk\targets\Microsoft.NET.Sdk.targets(799,5): message :       _TimeStampAfterCompile;
       C:\Program Files\dotnet\sdk\10.0.102\Sdks\Microsoft.NET.Sdk\targets\Microsoft.NET.Sdk.targets(799,5): message :       AfterCompile;
       C:\Program Files\dotnet\sdk\10.0.102\Sdks\Microsoft.NET.Sdk\targets\Microsoft.NET.Sdk.targets(799,5): message :     ") at C:\Program Files\dotnet\sdk\10.0.102\Sdks\Microsoft.NET.Sdk\targets\Microsoft.NET.Sdk.targets (799,5)
       C:\Program Files\dotnet\sdk\10.0.102\Sdks\Microsoft.NET.Sdk\targets\Microsoft.NET.Sdk.targets(1131,5): message : Property reassignment: $(CreateSatelliteAssembliesDependsOn)="
       C:\Program Files\dotnet\sdk\10.0.102\Sdks\Microsoft.NET.Sdk\targets\Microsoft.NET.Sdk.targets(1131,5): message :       
       C:\Program Files\dotnet\sdk\10.0.102\Sdks\Microsoft.NET.Sdk\targets\Microsoft.NET.Sdk.targets(1131,5): message :       ;
       C:\Program Files\dotnet\sdk\10.0.102\Sdks\Microsoft.NET.Sdk\targets\Microsoft.NET.Sdk.targets(1131,5): message :       _GenerateSatelliteAssemblyInputs;
       C:\Program Files\dotnet\sdk\10.0.102\Sdks\Microsoft.NET.Sdk\targets\Microsoft.NET.Sdk.targets(1131,5): message :       ComputeIntermediateSatelliteAssemblies;
       C:\Program Files\dotnet\sdk\10.0.102\Sdks\Microsoft.NET.Sdk\targets\Microsoft.NET.Sdk.targets(1131,5): message :       GenerateSatelliteAssemblies
       C:\Program Files\dotnet\sdk\10.0.102\Sdks\Microsoft.NET.Sdk\targets\Microsoft.NET.Sdk.targets(1131,5): message :     ;
       C:\Program Files\dotnet\sdk\10.0.102\Sdks\Microsoft.NET.Sdk\targets\Microsoft.NET.Sdk.targets(1131,5): message :       CoreGenerateSatelliteAssemblies
       C:\Program Files\dotnet\sdk\10.0.102\Sdks\Microsoft.NET.Sdk\targets\Microsoft.NET.Sdk.targets(1131,5): message :     " (previous value: "
       C:\Program Files\dotnet\sdk\10.0.102\Sdks\Microsoft.NET.Sdk\targets\Microsoft.NET.Sdk.targets(1131,5): message :       ;
       C:\Program Files\dotnet\sdk\10.0.102\Sdks\Microsoft.NET.Sdk\targets\Microsoft.NET.Sdk.targets(1131,5): message :       _GenerateSatelliteAssemblyInputs;
       C:\Program Files\dotnet\sdk\10.0.102\Sdks\Microsoft.NET.Sdk\targets\Microsoft.NET.Sdk.targets(1131,5): message :       ComputeIntermediateSatelliteAssemblies;
       C:\Program Files\dotnet\sdk\10.0.102\Sdks\Microsoft.NET.Sdk\targets\Microsoft.NET.Sdk.targets(1131,5): message :       GenerateSatelliteAssemblies
       C:\Program Files\dotnet\sdk\10.0.102\Sdks\Microsoft.NET.Sdk\targets\Microsoft.NET.Sdk.targets(1131,5): message :     ") at C:\Program Files\dotnet\sdk\10.0.102\Sdks\Microsoft.NET.Sdk\targets\Microsoft.NET.Sdk.targets (1131,5)
       C:\Program Files\dotnet\sdk\10.0.102\Sdks\Microsoft.SourceLink.GitLab\build\Microsoft.SourceLink.GitLab.targets(12,5): message : Property reassignment: $(SourceLinkUrlInitializerTargets)=";_InitializeGitHubSourceLinkUrl;_InitializeGitLabSourceLinkUrl" (previous value: ";_InitializeGitHubSourceLinkUrl") at C:\Program Files\dotnet\sdk\10.0.102\Sdks\Microsoft.SourceLink.GitLab\build\Microsoft.SourceLink.GitLab.targets (12,5)
       C:\Program Files\dotnet\sdk\10.0.102\Sdks\Microsoft.SourceLink.GitLab\build\Microsoft.SourceLink.GitLab.targets(13,5): message : Property reassignment: $(SourceControlManagerUrlTranslationTargets)=";TranslateGitHubUrlsInSourceControlInformation;TranslateGitLabUrlsInSourceControlInformation" (previous value: ";TranslateGitHubUrlsInSourceControlInformation") at C:\Program Files\dotnet\sdk\10.0.102\Sdks\Microsoft.SourceLink.GitLab\build\Microsoft.SourceLink.GitLab.targets (13,5)
       C:\Program Files\dotnet\sdk\10.0.102\Sdks\Microsoft.SourceLink.AzureRepos.Git\build\Microsoft.SourceLink.AzureRepos.Git.targets(12,5): message : Property reassignment: $(SourceLinkUrlInitializerTargets)=";_InitializeGitHubSourceLinkUrl;_InitializeGitLabSourceLinkUrl;_InitializeAzureReposGitSourceLinkUrl" (previous value: ";_InitializeGitHubSourceLinkUrl;_InitializeGitLabSourceLinkUrl") at C:\Program Files\dotnet\sdk\10.0.102\Sdks\Microsoft.SourceLink.AzureRepos.Git\build\Microsoft.SourceLink.AzureRepos.Git.targets (12,5)
       C:\Program Files\dotnet\sdk\10.0.102\Sdks\Microsoft.SourceLink.AzureRepos.Git\build\Microsoft.SourceLink.AzureRepos.Git.targets(13,5): message : Property reassignment: $(SourceControlManagerUrlTranslationTargets)=";TranslateGitHubUrlsInSourceControlInformation;TranslateGitLabUrlsInSourceControlInformation;TranslateAzureReposGitUrlsInSourceControlInformation" (previous value: ";TranslateGitHubUrlsInSourceControlInformation;TranslateGitLabUrlsInSourceControlInformation") at C:\Program Files\dotnet\sdk\10.0.102\Sdks\Microsoft.SourceLink.AzureRepos.Git\build\Microsoft.SourceLink.AzureRepos.Git.targets (13,5)
       C:\Program Files\dotnet\sdk\10.0.102\Sdks\Microsoft.SourceLink.Bitbucket.Git\build\Microsoft.SourceLink.Bitbucket.Git.targets(12,5): message : Property reassignment: $(SourceLinkUrlInitializerTargets)=";_InitializeGitHubSourceLinkUrl;_InitializeGitLabSourceLinkUrl;_InitializeAzureReposGitSourceLinkUrl;_InitializeBitbucketGitSourceLinkUrl" (previous value: ";_InitializeGitHubSourceLinkUrl;_InitializeGitLabSourceLinkUrl;_InitializeAzureReposGitSourceLinkUrl") at C:\Program Files\dotnet\sdk\10.0.102\Sdks\Microsoft.SourceLink.Bitbucket.Git\build\Microsoft.SourceLink.Bitbucket.Git.targets (12,5)
       C:\Program Files\dotnet\sdk\10.0.102\Sdks\Microsoft.SourceLink.Bitbucket.Git\build\Microsoft.SourceLink.Bitbucket.Git.targets(13,5): message : Property reassignment: $(SourceControlManagerUrlTranslationTargets)=";TranslateGitHubUrlsInSourceControlInformation;TranslateGitLabUrlsInSourceControlInformation;TranslateAzureReposGitUrlsInSourceControlInformation;TranslateBitbucketGitUrlsInSourceControlInformation" (previous value: ";TranslateGitHubUrlsInSourceControlInformation;TranslateGitLabUrlsInSourceControlInformation;TranslateAzureReposGitUrlsInSourceControlInformation") at C:\Program Files\dotnet\sdk\10.0.102\Sdks\Microsoft.SourceLink.Bitbucket.Git\build\Microsoft.SourceLink.Bitbucket.Git.targets (13,5)
       C:\Program Files\dotnet\sdk\10.0.102\Sdks\Microsoft.NET.Sdk\targets\Microsoft.NET.DesignerSupport.targets(21,5): message : Property reassignment: $(DesignerRuntimeImplementationProjectOutputGroupDependsOn)="
       C:\Program Files\dotnet\sdk\10.0.102\Sdks\Microsoft.NET.Sdk\targets\Microsoft.NET.DesignerSupport.targets(21,5): message :       
       C:\Program Files\dotnet\sdk\10.0.102\Sdks\Microsoft.NET.Sdk\targets\Microsoft.NET.DesignerSupport.targets(21,5): message :       ;
       C:\Program Files\dotnet\sdk\10.0.102\Sdks\Microsoft.NET.Sdk\targets\Microsoft.NET.DesignerSupport.targets(21,5): message :       
       C:\Program Files\dotnet\sdk\10.0.102\Sdks\Microsoft.NET.Sdk\targets\Microsoft.NET.DesignerSupport.targets(21,5): message :       ;
       C:\Program Files\dotnet\sdk\10.0.102\Sdks\Microsoft.NET.Sdk\targets\Microsoft.NET.DesignerSupport.targets(21,5): message :       BuildOnlySettings;
       C:\Program Files\dotnet\sdk\10.0.102\Sdks\Microsoft.NET.Sdk\targets\Microsoft.NET.DesignerSupport.targets(21,5): message :       PrepareForBuild;
       C:\Program Files\dotnet\sdk\10.0.102\Sdks\Microsoft.NET.Sdk\targets\Microsoft.NET.DesignerSupport.targets(21,5): message :       AssignTargetPaths;
       C:\Program Files\dotnet\sdk\10.0.102\Sdks\Microsoft.NET.Sdk\targets\Microsoft.NET.DesignerSupport.targets(21,5): message :       ResolveReferences
       C:\Program Files\dotnet\sdk\10.0.102\Sdks\Microsoft.NET.Sdk\targets\Microsoft.NET.DesignerSupport.targets(21,5): message :     
       C:\Program Files\dotnet\sdk\10.0.102\Sdks\Microsoft.NET.Sdk\targets\Microsoft.NET.DesignerSupport.targets(21,5): message :     ;
       C:\Program Files\dotnet\sdk\10.0.102\Sdks\Microsoft.NET.Sdk\targets\Microsoft.NET.DesignerSupport.targets(21,5): message :       _GenerateDesignerDepsFile;
       C:\Program Files\dotnet\sdk\10.0.102\Sdks\Microsoft.NET.Sdk\targets\Microsoft.NET.DesignerSupport.targets(21,5): message :       _GenerateDesignerRuntimeConfigFile;
       C:\Program Files\dotnet\sdk\10.0.102\Sdks\Microsoft.NET.Sdk\targets\Microsoft.NET.DesignerSupport.targets(21,5): message :       GetCopyToOutputDirectoryItems;
       C:\Program Files\dotnet\sdk\10.0.102\Sdks\Microsoft.NET.Sdk\targets\Microsoft.NET.DesignerSupport.targets(21,5): message :       _GatherDesignerShadowCopyFiles;
       C:\Program Files\dotnet\sdk\10.0.102\Sdks\Microsoft.NET.Sdk\targets\Microsoft.NET.DesignerSupport.targets(21,5): message :     " (previous value: "
       C:\Program Files\dotnet\sdk\10.0.102\Sdks\Microsoft.NET.Sdk\targets\Microsoft.NET.DesignerSupport.targets(21,5): message :       ;
       C:\Program Files\dotnet\sdk\10.0.102\Sdks\Microsoft.NET.Sdk\targets\Microsoft.NET.DesignerSupport.targets(21,5): message :       
       C:\Program Files\dotnet\sdk\10.0.102\Sdks\Microsoft.NET.Sdk\targets\Microsoft.NET.DesignerSupport.targets(21,5): message :       ;
       C:\Program Files\dotnet\sdk\10.0.102\Sdks\Microsoft.NET.Sdk\targets\Microsoft.NET.DesignerSupport.targets(21,5): message :       BuildOnlySettings;
       C:\Program Files\dotnet\sdk\10.0.102\Sdks\Microsoft.NET.Sdk\targets\Microsoft.NET.DesignerSupport.targets(21,5): message :       PrepareForBuild;
       C:\Program Files\dotnet\sdk\10.0.102\Sdks\Microsoft.NET.Sdk\targets\Microsoft.NET.DesignerSupport.targets(21,5): message :       AssignTargetPaths;
       C:\Program Files\dotnet\sdk\10.0.102\Sdks\Microsoft.NET.Sdk\targets\Microsoft.NET.DesignerSupport.targets(21,5): message :       ResolveReferences
       C:\Program Files\dotnet\sdk\10.0.102\Sdks\Microsoft.NET.Sdk\targets\Microsoft.NET.DesignerSupport.targets(21,5): message :     
       C:\Program Files\dotnet\sdk\10.0.102\Sdks\Microsoft.NET.Sdk\targets\Microsoft.NET.DesignerSupport.targets(21,5): message :     ") at C:\Program Files\dotnet\sdk\10.0.102\Sdks\Microsoft.NET.Sdk\targets\Microsoft.NET.DesignerSupport.targets (21,5)
       C:\Program Files\dotnet\sdk\10.0.102\Sdks\Microsoft.NET.Sdk\targets\Microsoft.NET.Sdk.CSharp.targets(31,5): message : Property reassignment: $(DefineConstants)="TRACE;DEBUG" (previous value: "TRACE") at C:\Program Files\dotnet\sdk\10.0.102\Sdks\Microsoft.NET.Sdk\targets\Microsoft.NET.Sdk.CSharp.targets (31,5)
       C:\Program Files\dotnet\sdk\10.0.102\Sdks\Microsoft.NET.Sdk\targets\Microsoft.NET.Sdk.CSharp.targets(45,5): message : Property reassignment: $(WarningsAsErrors)=";NU1605;SYSLIB0011" (previous value: ";NU1605") at C:\Program Files\dotnet\sdk\10.0.102\Sdks\Microsoft.NET.Sdk\targets\Microsoft.NET.Sdk.CSharp.targets (45,5)
       C:\Program Files\dotnet\sdk\10.0.102\NuGet.Build.Tasks.Pack.targets(34,5): message : Property reassignment: $(PackageDescription)="Package Description" (previous value: "") at C:\Program Files\dotnet\sdk\10.0.102\NuGet.Build.Tasks.Pack.targets (34,5)
       C:\Program Files\dotnet\sdk\10.0.102\NuGet.Build.Tasks.Pack.targets(59,5): message : Property reassignment: $(GenerateNuspecDependsOn)="Build;_LoadPackInputItems; _GetTargetFrameworksOutput; _WalkEachTargetPerFramework; _GetPackageFiles; " (previous value: "_LoadPackInputItems; _GetTargetFrameworksOutput; _WalkEachTargetPerFramework; _GetPackageFiles; ") at C:\Program Files\dotnet\sdk\10.0.102\NuGet.Build.Tasks.Pack.targets (59,5)
       C:\Program Files\dotnet\sdk\10.0.102\Sdks\Microsoft.NET.Sdk\Sdk\Sdk.targets(59,5): message : Property reassignment: $(_IsNotSetContainersTargetsDir)="true" (previous value: "false") at C:\Program Files\dotnet\sdk\10.0.102\Sdks\Microsoft.NET.Sdk\Sdk\Sdk.targets (59,5)
       C:\Program Files\dotnet\sdk\10.0.102\Containers\build\Microsoft.NET.Build.Containers.targets(5,5): message : Property reassignment: $(_IsSDKContainerAllowedVersion)="true" (previous value: "false") at C:\Program Files\dotnet\sdk\10.0.102\Containers\build\Microsoft.NET.Build.Containers.targets (5,5)
       C:\Program Files\dotnet\sdk\10.0.102\Containers\build\Microsoft.NET.Build.Containers.targets(15,5): message : Property reassignment: $(_ContainerIsTargetingNet8TFM)="true" (previous value: "false") at C:\Program Files\dotnet\sdk\10.0.102\Containers\build\Microsoft.NET.Build.Containers.targets (15,5)
       C:\Program Files\dotnet\sdk\10.0.102\Sdks\Microsoft.NET.Sdk.StaticWebAssets\targets\Sdk.StaticWebAssets.CurrentVersion.targets(37,18): message : Property 'DOTNET_HOST_PATH' with value 'C:\Program Files\dotnet\dotnet.exe' expanded from the environment.
       C:\Program Files\dotnet\sdk\10.0.102\Sdks\Microsoft.NET.Sdk.StaticWebAssets\targets\Microsoft.NET.Sdk.StaticWebAssets.targets(286,5): message : Property reassignment: $(PrepareForRunDependsOn)="StaticWebAssetsPrepareForRun;
       C:\Program Files\dotnet\sdk\10.0.102\Sdks\Microsoft.NET.Sdk.StaticWebAssets\targets\Microsoft.NET.Sdk.StaticWebAssets.targets(286,5): message :       CopyFilesToOutputDirectory
       C:\Program Files\dotnet\sdk\10.0.102\Sdks\Microsoft.NET.Sdk.StaticWebAssets\targets\Microsoft.NET.Sdk.StaticWebAssets.targets(286,5): message :     " (previous value: "
       C:\Program Files\dotnet\sdk\10.0.102\Sdks\Microsoft.NET.Sdk.StaticWebAssets\targets\Microsoft.NET.Sdk.StaticWebAssets.targets(286,5): message :       CopyFilesToOutputDirectory
       C:\Program Files\dotnet\sdk\10.0.102\Sdks\Microsoft.NET.Sdk.StaticWebAssets\targets\Microsoft.NET.Sdk.StaticWebAssets.targets(286,5): message :     ") at C:\Program Files\dotnet\sdk\10.0.102\Sdks\Microsoft.NET.Sdk.StaticWebAssets\targets\Microsoft.NET.Sdk.StaticWebAssets.targets (286,5)
       C:\Program Files\dotnet\sdk\10.0.102\Sdks\Microsoft.NET.Sdk.StaticWebAssets\targets\Microsoft.NET.Sdk.StaticWebAssets.targets(323,5): message : Property reassignment: $(GetCopyToOutputDirectoryItemsDependsOn)="
       C:\Program Files\dotnet\sdk\10.0.102\Sdks\Microsoft.NET.Sdk.StaticWebAssets\targets\Microsoft.NET.Sdk.StaticWebAssets.targets(323,5): message :       AssignTargetPaths;
       C:\Program Files\dotnet\sdk\10.0.102\Sdks\Microsoft.NET.Sdk.StaticWebAssets\targets\Microsoft.NET.Sdk.StaticWebAssets.targets(323,5): message :       
       C:\Program Files\dotnet\sdk\10.0.102\Sdks\Microsoft.NET.Sdk.StaticWebAssets\targets\Microsoft.NET.Sdk.StaticWebAssets.targets(323,5): message :       AssignProjectConfiguration;
       C:\Program Files\dotnet\sdk\10.0.102\Sdks\Microsoft.NET.Sdk.StaticWebAssets\targets\Microsoft.NET.Sdk.StaticWebAssets.targets(323,5): message :       _SplitProjectReferencesByFileExistence
       C:\Program Files\dotnet\sdk\10.0.102\Sdks\Microsoft.NET.Sdk.StaticWebAssets\targets\Microsoft.NET.Sdk.StaticWebAssets.targets(323,5): message :     ;
       C:\Program Files\dotnet\sdk\10.0.102\Sdks\Microsoft.NET.Sdk.StaticWebAssets\targets\Microsoft.NET.Sdk.StaticWebAssets.targets(323,5): message :       _GetProjectReferenceTargetFrameworkProperties;
       C:\Program Files\dotnet\sdk\10.0.102\Sdks\Microsoft.NET.Sdk.StaticWebAssets\targets\Microsoft.NET.Sdk.StaticWebAssets.targets(323,5): message :       _PopulateCommonStateForGetCopyToOutputDirectoryItems
       C:\Program Files\dotnet\sdk\10.0.102\Sdks\Microsoft.NET.Sdk.StaticWebAssets\targets\Microsoft.NET.Sdk.StaticWebAssets.targets(323,5): message :     ;AddStaticWebAssetsManifest;AddStaticWebAssetEndpointsBuildManifest" (previous value: "
       C:\Program Files\dotnet\sdk\10.0.102\Sdks\Microsoft.NET.Sdk.StaticWebAssets\targets\Microsoft.NET.Sdk.StaticWebAssets.targets(323,5): message :       AssignTargetPaths;
       C:\Program Files\dotnet\sdk\10.0.102\Sdks\Microsoft.NET.Sdk.StaticWebAssets\targets\Microsoft.NET.Sdk.StaticWebAssets.targets(323,5): message :       
       C:\Program Files\dotnet\sdk\10.0.102\Sdks\Microsoft.NET.Sdk.StaticWebAssets\targets\Microsoft.NET.Sdk.StaticWebAssets.targets(323,5): message :       AssignProjectConfiguration;
       C:\Program Files\dotnet\sdk\10.0.102\Sdks\Microsoft.NET.Sdk.StaticWebAssets\targets\Microsoft.NET.Sdk.StaticWebAssets.targets(323,5): message :       _SplitProjectReferencesByFileExistence
       C:\Program Files\dotnet\sdk\10.0.102\Sdks\Microsoft.NET.Sdk.StaticWebAssets\targets\Microsoft.NET.Sdk.StaticWebAssets.targets(323,5): message :     ;
       C:\Program Files\dotnet\sdk\10.0.102\Sdks\Microsoft.NET.Sdk.StaticWebAssets\targets\Microsoft.NET.Sdk.StaticWebAssets.targets(323,5): message :       _GetProjectReferenceTargetFrameworkProperties;
       C:\Program Files\dotnet\sdk\10.0.102\Sdks\Microsoft.NET.Sdk.StaticWebAssets\targets\Microsoft.NET.Sdk.StaticWebAssets.targets(323,5): message :       _PopulateCommonStateForGetCopyToOutputDirectoryItems
       C:\Program Files\dotnet\sdk\10.0.102\Sdks\Microsoft.NET.Sdk.StaticWebAssets\targets\Microsoft.NET.Sdk.StaticWebAssets.targets(323,5): message :     ") at C:\Program Files\dotnet\sdk\10.0.102\Sdks\Microsoft.NET.Sdk.StaticWebAssets\targets\Microsoft.NET.Sdk.StaticWebAssets.targets (323,5)
       C:\Program Files\dotnet\sdk\10.0.102\Sdks\Microsoft.NET.Sdk.StaticWebAssets\targets\Microsoft.NET.Sdk.StaticWebAssets.Pack.targets(46,5): message : Property reassignment: $(GenerateNuspecDependsOn)="
       C:\Program Files\dotnet\sdk\10.0.102\Sdks\Microsoft.NET.Sdk.StaticWebAssets\targets\Microsoft.NET.Sdk.StaticWebAssets.Pack.targets(46,5): message :       IncludeStaticWebAssetsPackItems;
       C:\Program Files\dotnet\sdk\10.0.102\Sdks\Microsoft.NET.Sdk.StaticWebAssets\targets\Microsoft.NET.Sdk.StaticWebAssets.Pack.targets(46,5): message :       Build;_LoadPackInputItems; _GetTargetFrameworksOutput; _WalkEachTargetPerFramework; _GetPackageFiles; ;
       C:\Program Files\dotnet\sdk\10.0.102\Sdks\Microsoft.NET.Sdk.StaticWebAssets\targets\Microsoft.NET.Sdk.StaticWebAssets.Pack.targets(46,5): message :     " (previous value: "Build;_LoadPackInputItems; _GetTargetFrameworksOutput; _WalkEachTargetPerFramework; _GetPackageFiles; ") at C:\Program Files\dotnet\sdk\10.0.102\Sdks\Microsoft.NET.Sdk.StaticWebAssets\targets\Microsoft.NET.Sdk.StaticWebAssets.Pack.targets (46,5)
       C:\Program Files\dotnet\sdk\10.0.102\Sdks\Microsoft.NET.Sdk.StaticWebAssets\targets\Microsoft.NET.Sdk.StaticWebAssets.Pack.targets(55,5): message : Property reassignment: $(IncludeStaticWebAssetsPackItemsDependsOn)="
       C:\Program Files\dotnet\sdk\10.0.102\Sdks\Microsoft.NET.Sdk.StaticWebAssets\targets\Microsoft.NET.Sdk.StaticWebAssets.Pack.targets(55,5): message :       Build;
       C:\Program Files\dotnet\sdk\10.0.102\Sdks\Microsoft.NET.Sdk.StaticWebAssets\targets\Microsoft.NET.Sdk.StaticWebAssets.Pack.targets(55,5): message :       ResolveStaticWebAssetsConfiguration;LoadStaticWebAssetsBuildManifest
       C:\Program Files\dotnet\sdk\10.0.102\Sdks\Microsoft.NET.Sdk.StaticWebAssets\targets\Microsoft.NET.Sdk.StaticWebAssets.Pack.targets(55,5): message :     ;
       C:\Program Files\dotnet\sdk\10.0.102\Sdks\Microsoft.NET.Sdk.StaticWebAssets\targets\Microsoft.NET.Sdk.StaticWebAssets.Pack.targets(55,5): message :     " (previous value: "
       C:\Program Files\dotnet\sdk\10.0.102\Sdks\Microsoft.NET.Sdk.StaticWebAssets\targets\Microsoft.NET.Sdk.StaticWebAssets.Pack.targets(55,5): message :       ResolveStaticWebAssetsConfiguration;LoadStaticWebAssetsBuildManifest
       C:\Program Files\dotnet\sdk\10.0.102\Sdks\Microsoft.NET.Sdk.StaticWebAssets\targets\Microsoft.NET.Sdk.StaticWebAssets.Pack.targets(55,5): message :     ") at C:\Program Files\dotnet\sdk\10.0.102\Sdks\Microsoft.NET.Sdk.StaticWebAssets\targets\Microsoft.NET.Sdk.StaticWebAssets.Pack.targets (55,5)
       C:\Program Files\dotnet\sdk\10.0.102\Sdks\Microsoft.NET.Sdk.StaticWebAssets\targets\Microsoft.NET.Sdk.StaticWebAssets.ScopedCss.targets(55,3): message : Property reassignment: $(ResolveStaticWebAssetsInputsDependsOn)="
       C:\Program Files\dotnet\sdk\10.0.102\Sdks\Microsoft.NET.Sdk.StaticWebAssets\targets\Microsoft.NET.Sdk.StaticWebAssets.ScopedCss.targets(55,3): message :     
       C:\Program Files\dotnet\sdk\10.0.102\Sdks\Microsoft.NET.Sdk.StaticWebAssets\targets\Microsoft.NET.Sdk.StaticWebAssets.ScopedCss.targets(55,3): message :       ResolveCoreStaticWebAssets;
       C:\Program Files\dotnet\sdk\10.0.102\Sdks\Microsoft.NET.Sdk.StaticWebAssets\targets\Microsoft.NET.Sdk.StaticWebAssets.ScopedCss.targets(55,3): message :       GenerateComputedBuildStaticWebAssets;
       C:\Program Files\dotnet\sdk\10.0.102\Sdks\Microsoft.NET.Sdk.StaticWebAssets\targets\Microsoft.NET.Sdk.StaticWebAssets.ScopedCss.targets(55,3): message :       
       C:\Program Files\dotnet\sdk\10.0.102\Sdks\Microsoft.NET.Sdk.StaticWebAssets\targets\Microsoft.NET.Sdk.StaticWebAssets.ScopedCss.targets(55,3): message :     ;
       C:\Program Files\dotnet\sdk\10.0.102\Sdks\Microsoft.NET.Sdk.StaticWebAssets\targets\Microsoft.NET.Sdk.StaticWebAssets.ScopedCss.targets(55,3): message :     ResolveScopedCssAssets;
       C:\Program Files\dotnet\sdk\10.0.102\Sdks\Microsoft.NET.Sdk.StaticWebAssets\targets\Microsoft.NET.Sdk.StaticWebAssets.ScopedCss.targets(55,3): message :   " (previous value: "
       C:\Program Files\dotnet\sdk\10.0.102\Sdks\Microsoft.NET.Sdk.StaticWebAssets\targets\Microsoft.NET.Sdk.StaticWebAssets.ScopedCss.targets(55,3): message :       ResolveCoreStaticWebAssets;
       C:\Program Files\dotnet\sdk\10.0.102\Sdks\Microsoft.NET.Sdk.StaticWebAssets\targets\Microsoft.NET.Sdk.StaticWebAssets.ScopedCss.targets(55,3): message :       GenerateComputedBuildStaticWebAssets;
       C:\Program Files\dotnet\sdk\10.0.102\Sdks\Microsoft.NET.Sdk.StaticWebAssets\targets\Microsoft.NET.Sdk.StaticWebAssets.ScopedCss.targets(55,3): message :       
       C:\Program Files\dotnet\sdk\10.0.102\Sdks\Microsoft.NET.Sdk.StaticWebAssets\targets\Microsoft.NET.Sdk.StaticWebAssets.ScopedCss.targets(55,3): message :     ") at C:\Program Files\dotnet\sdk\10.0.102\Sdks\Microsoft.NET.Sdk.StaticWebAssets\targets\Microsoft.NET.Sdk.StaticWebAssets.ScopedCss.targets (55,3)
       C:\Program Files\dotnet\sdk\10.0.102\Sdks\Microsoft.NET.Sdk.StaticWebAssets\targets\Microsoft.NET.Sdk.StaticWebAssets.ScopedCss.targets(88,3): message : Property reassignment: $(GenerateComputedBuildStaticWebAssetsDependsOn)="
       C:\Program Files\dotnet\sdk\10.0.102\Sdks\Microsoft.NET.Sdk.StaticWebAssets\targets\Microsoft.NET.Sdk.StaticWebAssets.ScopedCss.targets(88,3): message :     ResolveCoreStaticWebAssets;;
       C:\Program Files\dotnet\sdk\10.0.102\Sdks\Microsoft.NET.Sdk.StaticWebAssets\targets\Microsoft.NET.Sdk.StaticWebAssets.ScopedCss.targets(88,3): message :     BundleScopedCssFiles;
       C:\Program Files\dotnet\sdk\10.0.102\Sdks\Microsoft.NET.Sdk.StaticWebAssets\targets\Microsoft.NET.Sdk.StaticWebAssets.ScopedCss.targets(88,3): message :   " (previous value: "ResolveCoreStaticWebAssets;") at C:\Program Files\dotnet\sdk\10.0.102\Sdks\Microsoft.NET.Sdk.StaticWebAssets\targets\Microsoft.NET.Sdk.StaticWebAssets.ScopedCss.targets (88,3)
       C:\Program Files\dotnet\sdk\10.0.102\Sdks\Microsoft.NET.Sdk.StaticWebAssets\targets\Microsoft.NET.Sdk.StaticWebAssets.JSModules.targets(37,5): message : Property reassignment: $(ResolveCoreStaticWebAssetsDependsOn)="
       C:\Program Files\dotnet\sdk\10.0.102\Sdks\Microsoft.NET.Sdk.StaticWebAssets\targets\Microsoft.NET.Sdk.StaticWebAssets.JSModules.targets(37,5): message :       
       C:\Program Files\dotnet\sdk\10.0.102\Sdks\Microsoft.NET.Sdk.StaticWebAssets\targets\Microsoft.NET.Sdk.StaticWebAssets.JSModules.targets(37,5): message :       UpdateExistingPackageStaticWebAssets;
       C:\Program Files\dotnet\sdk\10.0.102\Sdks\Microsoft.NET.Sdk.StaticWebAssets\targets\Microsoft.NET.Sdk.StaticWebAssets.JSModules.targets(37,5): message :       ResolveProjectStaticWebAssets;
       C:\Program Files\dotnet\sdk\10.0.102\Sdks\Microsoft.NET.Sdk.StaticWebAssets\targets\Microsoft.NET.Sdk.StaticWebAssets.JSModules.targets(37,5): message :       ResolveEmbeddedProjectsStaticWebAssets;
       C:\Program Files\dotnet\sdk\10.0.102\Sdks\Microsoft.NET.Sdk.StaticWebAssets\targets\Microsoft.NET.Sdk.StaticWebAssets.JSModules.targets(37,5): message :       ResolveReferencedProjectsStaticWebAssets;
       C:\Program Files\dotnet\sdk\10.0.102\Sdks\Microsoft.NET.Sdk.StaticWebAssets\targets\Microsoft.NET.Sdk.StaticWebAssets.JSModules.targets(37,5): message :       ;
       C:\Program Files\dotnet\sdk\10.0.102\Sdks\Microsoft.NET.Sdk.StaticWebAssets\targets\Microsoft.NET.Sdk.StaticWebAssets.JSModules.targets(37,5): message :     ;
       C:\Program Files\dotnet\sdk\10.0.102\Sdks\Microsoft.NET.Sdk.StaticWebAssets\targets\Microsoft.NET.Sdk.StaticWebAssets.JSModules.targets(37,5): message :       ResolveJsInitializerModuleStaticWebAssets;
       C:\Program Files\dotnet\sdk\10.0.102\Sdks\Microsoft.NET.Sdk.StaticWebAssets\targets\Microsoft.NET.Sdk.StaticWebAssets.JSModules.targets(37,5): message :     " (previous value: "
       C:\Program Files\dotnet\sdk\10.0.102\Sdks\Microsoft.NET.Sdk.StaticWebAssets\targets\Microsoft.NET.Sdk.StaticWebAssets.JSModules.targets(37,5): message :       UpdateExistingPackageStaticWebAssets;
       C:\Program Files\dotnet\sdk\10.0.102\Sdks\Microsoft.NET.Sdk.StaticWebAssets\targets\Microsoft.NET.Sdk.StaticWebAssets.JSModules.targets(37,5): message :       ResolveProjectStaticWebAssets;
       C:\Program Files\dotnet\sdk\10.0.102\Sdks\Microsoft.NET.Sdk.StaticWebAssets\targets\Microsoft.NET.Sdk.StaticWebAssets.JSModules.targets(37,5): message :       ResolveEmbeddedProjectsStaticWebAssets;
       C:\Program Files\dotnet\sdk\10.0.102\Sdks\Microsoft.NET.Sdk.StaticWebAssets\targets\Microsoft.NET.Sdk.StaticWebAssets.JSModules.targets(37,5): message :       ResolveReferencedProjectsStaticWebAssets;
       C:\Program Files\dotnet\sdk\10.0.102\Sdks\Microsoft.NET.Sdk.StaticWebAssets\targets\Microsoft.NET.Sdk.StaticWebAssets.JSModules.targets(37,5): message :       ;
       C:\Program Files\dotnet\sdk\10.0.102\Sdks\Microsoft.NET.Sdk.StaticWebAssets\targets\Microsoft.NET.Sdk.StaticWebAssets.JSModules.targets(37,5): message :     ") at C:\Program Files\dotnet\sdk\10.0.102\Sdks\Microsoft.NET.Sdk.StaticWebAssets\targets\Microsoft.NET.Sdk.StaticWebAssets.JSModules.targets (37,5)
       C:\Program Files\dotnet\sdk\10.0.102\Sdks\Microsoft.NET.Sdk.StaticWebAssets\targets\Microsoft.NET.Sdk.StaticWebAssets.JSModules.targets(42,5): message : Property reassignment: $(ResolveCoreStaticWebAssetsDependsOn)="
       C:\Program Files\dotnet\sdk\10.0.102\Sdks\Microsoft.NET.Sdk.StaticWebAssets\targets\Microsoft.NET.Sdk.StaticWebAssets.JSModules.targets(42,5): message :       
       C:\Program Files\dotnet\sdk\10.0.102\Sdks\Microsoft.NET.Sdk.StaticWebAssets\targets\Microsoft.NET.Sdk.StaticWebAssets.JSModules.targets(42,5): message :       
       C:\Program Files\dotnet\sdk\10.0.102\Sdks\Microsoft.NET.Sdk.StaticWebAssets\targets\Microsoft.NET.Sdk.StaticWebAssets.JSModules.targets(42,5): message :       UpdateExistingPackageStaticWebAssets;
       C:\Program Files\dotnet\sdk\10.0.102\Sdks\Microsoft.NET.Sdk.StaticWebAssets\targets\Microsoft.NET.Sdk.StaticWebAssets.JSModules.targets(42,5): message :       ResolveProjectStaticWebAssets;
       C:\Program Files\dotnet\sdk\10.0.102\Sdks\Microsoft.NET.Sdk.StaticWebAssets\targets\Microsoft.NET.Sdk.StaticWebAssets.JSModules.targets(42,5): message :       ResolveEmbeddedProjectsStaticWebAssets;
       C:\Program Files\dotnet\sdk\10.0.102\Sdks\Microsoft.NET.Sdk.StaticWebAssets\targets\Microsoft.NET.Sdk.StaticWebAssets.JSModules.targets(42,5): message :       ResolveReferencedProjectsStaticWebAssets;
       C:\Program Files\dotnet\sdk\10.0.102\Sdks\Microsoft.NET.Sdk.StaticWebAssets\targets\Microsoft.NET.Sdk.StaticWebAssets.JSModules.targets(42,5): message :       ;
       C:\Program Files\dotnet\sdk\10.0.102\Sdks\Microsoft.NET.Sdk.StaticWebAssets\targets\Microsoft.NET.Sdk.StaticWebAssets.JSModules.targets(42,5): message :     ;
       C:\Program Files\dotnet\sdk\10.0.102\Sdks\Microsoft.NET.Sdk.StaticWebAssets\targets\Microsoft.NET.Sdk.StaticWebAssets.JSModules.targets(42,5): message :       ResolveJsInitializerModuleStaticWebAssets;
       C:\Program Files\dotnet\sdk\10.0.102\Sdks\Microsoft.NET.Sdk.StaticWebAssets\targets\Microsoft.NET.Sdk.StaticWebAssets.JSModules.targets(42,5): message :     ;
       C:\Program Files\dotnet\sdk\10.0.102\Sdks\Microsoft.NET.Sdk.StaticWebAssets\targets\Microsoft.NET.Sdk.StaticWebAssets.JSModules.targets(42,5): message :       ResolveJSModuleStaticWebAssets;
       C:\Program Files\dotnet\sdk\10.0.102\Sdks\Microsoft.NET.Sdk.StaticWebAssets\targets\Microsoft.NET.Sdk.StaticWebAssets.JSModules.targets(42,5): message :     " (previous value: "
       C:\Program Files\dotnet\sdk\10.0.102\Sdks\Microsoft.NET.Sdk.StaticWebAssets\targets\Microsoft.NET.Sdk.StaticWebAssets.JSModules.targets(42,5): message :       
       C:\Program Files\dotnet\sdk\10.0.102\Sdks\Microsoft.NET.Sdk.StaticWebAssets\targets\Microsoft.NET.Sdk.StaticWebAssets.JSModules.targets(42,5): message :       UpdateExistingPackageStaticWebAssets;
       C:\Program Files\dotnet\sdk\10.0.102\Sdks\Microsoft.NET.Sdk.StaticWebAssets\targets\Microsoft.NET.Sdk.StaticWebAssets.JSModules.targets(42,5): message :       ResolveProjectStaticWebAssets;
       C:\Program Files\dotnet\sdk\10.0.102\Sdks\Microsoft.NET.Sdk.StaticWebAssets\targets\Microsoft.NET.Sdk.StaticWebAssets.JSModules.targets(42,5): message :       ResolveEmbeddedProjectsStaticWebAssets;
       C:\Program Files\dotnet\sdk\10.0.102\Sdks\Microsoft.NET.Sdk.StaticWebAssets\targets\Microsoft.NET.Sdk.StaticWebAssets.JSModules.targets(42,5): message :       ResolveReferencedProjectsStaticWebAssets;
       C:\Program Files\dotnet\sdk\10.0.102\Sdks\Microsoft.NET.Sdk.StaticWebAssets\targets\Microsoft.NET.Sdk.StaticWebAssets.JSModules.targets(42,5): message :       ;
       C:\Program Files\dotnet\sdk\10.0.102\Sdks\Microsoft.NET.Sdk.StaticWebAssets\targets\Microsoft.NET.Sdk.StaticWebAssets.JSModules.targets(42,5): message :     ;
       C:\Program Files\dotnet\sdk\10.0.102\Sdks\Microsoft.NET.Sdk.StaticWebAssets\targets\Microsoft.NET.Sdk.StaticWebAssets.JSModules.targets(42,5): message :       ResolveJsInitializerModuleStaticWebAssets;
       C:\Program Files\dotnet\sdk\10.0.102\Sdks\Microsoft.NET.Sdk.StaticWebAssets\targets\Microsoft.NET.Sdk.StaticWebAssets.JSModules.targets(42,5): message :     ") at C:\Program Files\dotnet\sdk\10.0.102\Sdks\Microsoft.NET.Sdk.StaticWebAssets\targets\Microsoft.NET.Sdk.StaticWebAssets.JSModules.targets (42,5)
       C:\Program Files\dotnet\sdk\10.0.102\Sdks\Microsoft.NET.Sdk.StaticWebAssets\targets\Microsoft.NET.Sdk.StaticWebAssets.JSModules.targets(57,5): message : Property reassignment: $(ResolveStaticWebAssetsInputsDependsOn)="
       C:\Program Files\dotnet\sdk\10.0.102\Sdks\Microsoft.NET.Sdk.StaticWebAssets\targets\Microsoft.NET.Sdk.StaticWebAssets.JSModules.targets(57,5): message :       ResolveJSModuleManifestBuildStaticWebAssets;
       C:\Program Files\dotnet\sdk\10.0.102\Sdks\Microsoft.NET.Sdk.StaticWebAssets\targets\Microsoft.NET.Sdk.StaticWebAssets.JSModules.targets(57,5): message :       
       C:\Program Files\dotnet\sdk\10.0.102\Sdks\Microsoft.NET.Sdk.StaticWebAssets\targets\Microsoft.NET.Sdk.StaticWebAssets.JSModules.targets(57,5): message :     
       C:\Program Files\dotnet\sdk\10.0.102\Sdks\Microsoft.NET.Sdk.StaticWebAssets\targets\Microsoft.NET.Sdk.StaticWebAssets.JSModules.targets(57,5): message :       ResolveCoreStaticWebAssets;
       C:\Program Files\dotnet\sdk\10.0.102\Sdks\Microsoft.NET.Sdk.StaticWebAssets\targets\Microsoft.NET.Sdk.StaticWebAssets.JSModules.targets(57,5): message :       GenerateComputedBuildStaticWebAssets;
       C:\Program Files\dotnet\sdk\10.0.102\Sdks\Microsoft.NET.Sdk.StaticWebAssets\targets\Microsoft.NET.Sdk.StaticWebAssets.JSModules.targets(57,5): message :       
       C:\Program Files\dotnet\sdk\10.0.102\Sdks\Microsoft.NET.Sdk.StaticWebAssets\targets\Microsoft.NET.Sdk.StaticWebAssets.JSModules.targets(57,5): message :     ;
       C:\Program Files\dotnet\sdk\10.0.102\Sdks\Microsoft.NET.Sdk.StaticWebAssets\targets\Microsoft.NET.Sdk.StaticWebAssets.JSModules.targets(57,5): message :     ResolveScopedCssAssets;
       C:\Program Files\dotnet\sdk\10.0.102\Sdks\Microsoft.NET.Sdk.StaticWebAssets\targets\Microsoft.NET.Sdk.StaticWebAssets.JSModules.targets(57,5): message :   
       C:\Program Files\dotnet\sdk\10.0.102\Sdks\Microsoft.NET.Sdk.StaticWebAssets\targets\Microsoft.NET.Sdk.StaticWebAssets.JSModules.targets(57,5): message :     " (previous value: "
       C:\Program Files\dotnet\sdk\10.0.102\Sdks\Microsoft.NET.Sdk.StaticWebAssets\targets\Microsoft.NET.Sdk.StaticWebAssets.JSModules.targets(57,5): message :     
       C:\Program Files\dotnet\sdk\10.0.102\Sdks\Microsoft.NET.Sdk.StaticWebAssets\targets\Microsoft.NET.Sdk.StaticWebAssets.JSModules.targets(57,5): message :       ResolveCoreStaticWebAssets;
       C:\Program Files\dotnet\sdk\10.0.102\Sdks\Microsoft.NET.Sdk.StaticWebAssets\targets\Microsoft.NET.Sdk.StaticWebAssets.JSModules.targets(57,5): message :       GenerateComputedBuildStaticWebAssets;
       C:\Program Files\dotnet\sdk\10.0.102\Sdks\Microsoft.NET.Sdk.StaticWebAssets\targets\Microsoft.NET.Sdk.StaticWebAssets.JSModules.targets(57,5): message :       
       C:\Program Files\dotnet\sdk\10.0.102\Sdks\Microsoft.NET.Sdk.StaticWebAssets\targets\Microsoft.NET.Sdk.StaticWebAssets.JSModules.targets(57,5): message :     ;
       C:\Program Files\dotnet\sdk\10.0.102\Sdks\Microsoft.NET.Sdk.StaticWebAssets\targets\Microsoft.NET.Sdk.StaticWebAssets.JSModules.targets(57,5): message :     ResolveScopedCssAssets;
       C:\Program Files\dotnet\sdk\10.0.102\Sdks\Microsoft.NET.Sdk.StaticWebAssets\targets\Microsoft.NET.Sdk.StaticWebAssets.JSModules.targets(57,5): message :   ") at C:\Program Files\dotnet\sdk\10.0.102\Sdks\Microsoft.NET.Sdk.StaticWebAssets\targets\Microsoft.NET.Sdk.StaticWebAssets.JSModules.targets (57,5)
       C:\Program Files\dotnet\sdk\10.0.102\Sdks\Microsoft.NET.Sdk.StaticWebAssets\targets\Microsoft.NET.Sdk.StaticWebAssets.JSModules.targets(76,5): message : Property reassignment: $(ResolvePublishStaticWebAssetsDependsOn)="
       C:\Program Files\dotnet\sdk\10.0.102\Sdks\Microsoft.NET.Sdk.StaticWebAssets\targets\Microsoft.NET.Sdk.StaticWebAssets.JSModules.targets(76,5): message :       ResolveJSModuleManifestPublishStaticWebAssets;
       C:\Program Files\dotnet\sdk\10.0.102\Sdks\Microsoft.NET.Sdk.StaticWebAssets\targets\Microsoft.NET.Sdk.StaticWebAssets.JSModules.targets(76,5): message :       
       C:\Program Files\dotnet\sdk\10.0.102\Sdks\Microsoft.NET.Sdk.StaticWebAssets\targets\Microsoft.NET.Sdk.StaticWebAssets.JSModules.targets(76,5): message :       ResolveCorePublishStaticWebAssets;
       C:\Program Files\dotnet\sdk\10.0.102\Sdks\Microsoft.NET.Sdk.StaticWebAssets\targets\Microsoft.NET.Sdk.StaticWebAssets.JSModules.targets(76,5): message :       GenerateComputedPublishStaticWebAssets;
       C:\Program Files\dotnet\sdk\10.0.102\Sdks\Microsoft.NET.Sdk.StaticWebAssets\targets\Microsoft.NET.Sdk.StaticWebAssets.JSModules.targets(76,5): message :       ;
       C:\Program Files\dotnet\sdk\10.0.102\Sdks\Microsoft.NET.Sdk.StaticWebAssets\targets\Microsoft.NET.Sdk.StaticWebAssets.JSModules.targets(76,5): message :     
       C:\Program Files\dotnet\sdk\10.0.102\Sdks\Microsoft.NET.Sdk.StaticWebAssets\targets\Microsoft.NET.Sdk.StaticWebAssets.JSModules.targets(76,5): message :     " (previous value: "
       C:\Program Files\dotnet\sdk\10.0.102\Sdks\Microsoft.NET.Sdk.StaticWebAssets\targets\Microsoft.NET.Sdk.StaticWebAssets.JSModules.targets(76,5): message :       ResolveCorePublishStaticWebAssets;
       C:\Program Files\dotnet\sdk\10.0.102\Sdks\Microsoft.NET.Sdk.StaticWebAssets\targets\Microsoft.NET.Sdk.StaticWebAssets.JSModules.targets(76,5): message :       GenerateComputedPublishStaticWebAssets;
       C:\Program Files\dotnet\sdk\10.0.102\Sdks\Microsoft.NET.Sdk.StaticWebAssets\targets\Microsoft.NET.Sdk.StaticWebAssets.JSModules.targets(76,5): message :       ;
       C:\Program Files\dotnet\sdk\10.0.102\Sdks\Microsoft.NET.Sdk.StaticWebAssets\targets\Microsoft.NET.Sdk.StaticWebAssets.JSModules.targets(76,5): message :     ") at C:\Program Files\dotnet\sdk\10.0.102\Sdks\Microsoft.NET.Sdk.StaticWebAssets\targets\Microsoft.NET.Sdk.StaticWebAssets.JSModules.targets (76,5)
       C:\Program Files\dotnet\sdk\10.0.102\Sdks\Microsoft.NET.Sdk.StaticWebAssets\targets\Microsoft.NET.Sdk.StaticWebAssets.Compression.targets(185,5): message : Property reassignment: $(ResolveBuildRelatedStaticWebAssetsDependsOn)="
       C:\Program Files\dotnet\sdk\10.0.102\Sdks\Microsoft.NET.Sdk.StaticWebAssets\targets\Microsoft.NET.Sdk.StaticWebAssets.Compression.targets(185,5): message :       ResolveBuildCompressedStaticWebAssets;
       C:\Program Files\dotnet\sdk\10.0.102\Sdks\Microsoft.NET.Sdk.StaticWebAssets\targets\Microsoft.NET.Sdk.StaticWebAssets.Compression.targets(185,5): message :       
       C:\Program Files\dotnet\sdk\10.0.102\Sdks\Microsoft.NET.Sdk.StaticWebAssets\targets\Microsoft.NET.Sdk.StaticWebAssets.Compression.targets(185,5): message :       ResolveStaticWebAssetsInputs;
       C:\Program Files\dotnet\sdk\10.0.102\Sdks\Microsoft.NET.Sdk.StaticWebAssets\targets\Microsoft.NET.Sdk.StaticWebAssets.Compression.targets(185,5): message :       
       C:\Program Files\dotnet\sdk\10.0.102\Sdks\Microsoft.NET.Sdk.StaticWebAssets\targets\Microsoft.NET.Sdk.StaticWebAssets.Compression.targets(185,5): message :     
       C:\Program Files\dotnet\sdk\10.0.102\Sdks\Microsoft.NET.Sdk.StaticWebAssets\targets\Microsoft.NET.Sdk.StaticWebAssets.Compression.targets(185,5): message :     " (previous value: "
       C:\Program Files\dotnet\sdk\10.0.102\Sdks\Microsoft.NET.Sdk.StaticWebAssets\targets\Microsoft.NET.Sdk.StaticWebAssets.Compression.targets(185,5): message :       ResolveStaticWebAssetsInputs;
       C:\Program Files\dotnet\sdk\10.0.102\Sdks\Microsoft.NET.Sdk.StaticWebAssets\targets\Microsoft.NET.Sdk.StaticWebAssets.Compression.targets(185,5): message :       
       C:\Program Files\dotnet\sdk\10.0.102\Sdks\Microsoft.NET.Sdk.StaticWebAssets\targets\Microsoft.NET.Sdk.StaticWebAssets.Compression.targets(185,5): message :     ") at C:\Program Files\dotnet\sdk\10.0.102\Sdks\Microsoft.NET.Sdk.StaticWebAssets\targets\Microsoft.NET.Sdk.StaticWebAssets.Compression.targets (185,5)
       C:\Program Files\dotnet\sdk\10.0.102\Sdks\Microsoft.NET.Sdk.StaticWebAssets\targets\Microsoft.NET.Sdk.StaticWebAssets.Compression.targets(204,5): message : Property reassignment: $(ResolvePublishRelatedStaticWebAssetsDependsOn)="
       C:\Program Files\dotnet\sdk\10.0.102\Sdks\Microsoft.NET.Sdk.StaticWebAssets\targets\Microsoft.NET.Sdk.StaticWebAssets.Compression.targets(204,5): message :       ResolvePublishCompressedStaticWebAssets;
       C:\Program Files\dotnet\sdk\10.0.102\Sdks\Microsoft.NET.Sdk.StaticWebAssets\targets\Microsoft.NET.Sdk.StaticWebAssets.Compression.targets(204,5): message :       
       C:\Program Files\dotnet\sdk\10.0.102\Sdks\Microsoft.NET.Sdk.StaticWebAssets\targets\Microsoft.NET.Sdk.StaticWebAssets.Compression.targets(204,5): message :     " (previous value: "") at C:\Program Files\dotnet\sdk\10.0.102\Sdks\Microsoft.NET.Sdk.StaticWebAssets\targets\Microsoft.NET.Sdk.StaticWebAssets.Compression.targets (204,5)
       C:\Program Files\dotnet\sdk\10.0.102\Sdks\Microsoft.NET.Sdk.Razor\targets\Sdk.Razor.CurrentVersion.targets(220,5): message : Property reassignment: $(DebugSymbolsProjectOutputGroupDependsOn)="
       C:\Program Files\dotnet\sdk\10.0.102\Sdks\Microsoft.NET.Sdk.Razor\targets\Sdk.Razor.CurrentVersion.targets(220,5): message :       ;
       C:\Program Files\dotnet\sdk\10.0.102\Sdks\Microsoft.NET.Sdk.Razor\targets\Sdk.Razor.CurrentVersion.targets(220,5): message :       _RazorAddDebugSymbolsProjectOutputGroupOutput
       C:\Program Files\dotnet\sdk\10.0.102\Sdks\Microsoft.NET.Sdk.Razor\targets\Sdk.Razor.CurrentVersion.targets(220,5): message :     " (previous value: "") at C:\Program Files\dotnet\sdk\10.0.102\Sdks\Microsoft.NET.Sdk.Razor\targets\Sdk.Razor.CurrentVersion.targets (220,5)
       C:\Program Files\dotnet\sdk\10.0.102\Sdks\Microsoft.NET.Sdk.Razor\targets\Sdk.Razor.CurrentVersion.targets(225,5): message : Property reassignment: $(PrepareForBuildDependsOn)="
       C:\Program Files\dotnet\sdk\10.0.102\Sdks\Microsoft.NET.Sdk.Razor\targets\Sdk.Razor.CurrentVersion.targets(225,5): message :       ;GetFrameworkPaths;GetReferenceAssemblyPaths;AssignLinkMetadata;
       C:\Program Files\dotnet\sdk\10.0.102\Sdks\Microsoft.NET.Sdk.Razor\targets\Sdk.Razor.CurrentVersion.targets(225,5): message :       ResolveRazorGenerateInputs
       C:\Program Files\dotnet\sdk\10.0.102\Sdks\Microsoft.NET.Sdk.Razor\targets\Sdk.Razor.CurrentVersion.targets(225,5): message :     " (previous value: ";GetFrameworkPaths;GetReferenceAssemblyPaths;AssignLinkMetadata") at C:\Program Files\dotnet\sdk\10.0.102\Sdks\Microsoft.NET.Sdk.Razor\targets\Sdk.Razor.CurrentVersion.targets (225,5)
       C:\Program Files\dotnet\sdk\10.0.102\Sdks\Microsoft.NET.Sdk.Razor\targets\Sdk.Razor.CurrentVersion.targets(230,5): message : Property reassignment: $(GenerateNuspecDependsOn)="
       C:\Program Files\dotnet\sdk\10.0.102\Sdks\Microsoft.NET.Sdk.Razor\targets\Sdk.Razor.CurrentVersion.targets(230,5): message :       ResolveRazorGenerateInputs;
       C:\Program Files\dotnet\sdk\10.0.102\Sdks\Microsoft.NET.Sdk.Razor\targets\Sdk.Razor.CurrentVersion.targets(230,5): message :       
       C:\Program Files\dotnet\sdk\10.0.102\Sdks\Microsoft.NET.Sdk.Razor\targets\Sdk.Razor.CurrentVersion.targets(230,5): message :       IncludeStaticWebAssetsPackItems;
       C:\Program Files\dotnet\sdk\10.0.102\Sdks\Microsoft.NET.Sdk.Razor\targets\Sdk.Razor.CurrentVersion.targets(230,5): message :       Build;_LoadPackInputItems; _GetTargetFrameworksOutput; _WalkEachTargetPerFramework; _GetPackageFiles; ;
       C:\Program Files\dotnet\sdk\10.0.102\Sdks\Microsoft.NET.Sdk.Razor\targets\Sdk.Razor.CurrentVersion.targets(230,5): message :     
       C:\Program Files\dotnet\sdk\10.0.102\Sdks\Microsoft.NET.Sdk.Razor\targets\Sdk.Razor.CurrentVersion.targets(230,5): message :     " (previous value: "
       C:\Program Files\dotnet\sdk\10.0.102\Sdks\Microsoft.NET.Sdk.Razor\targets\Sdk.Razor.CurrentVersion.targets(230,5): message :       IncludeStaticWebAssetsPackItems;
       C:\Program Files\dotnet\sdk\10.0.102\Sdks\Microsoft.NET.Sdk.Razor\targets\Sdk.Razor.CurrentVersion.targets(230,5): message :       Build;_LoadPackInputItems; _GetTargetFrameworksOutput; _WalkEachTargetPerFramework; _GetPackageFiles; ;
       C:\Program Files\dotnet\sdk\10.0.102\Sdks\Microsoft.NET.Sdk.Razor\targets\Sdk.Razor.CurrentVersion.targets(230,5): message :     ") at C:\Program Files\dotnet\sdk\10.0.102\Sdks\Microsoft.NET.Sdk.Razor\targets\Sdk.Razor.CurrentVersion.targets (230,5)
       C:\Program Files\dotnet\sdk\10.0.102\Sdks\Microsoft.NET.Sdk.Razor\targets\Sdk.Razor.CurrentVersion.targets(235,5): message : Property reassignment: $(PrepareForRunDependsOn)="
       C:\Program Files\dotnet\sdk\10.0.102\Sdks\Microsoft.NET.Sdk.Razor\targets\Sdk.Razor.CurrentVersion.targets(235,5): message :       _RazorPrepareForRun;
       C:\Program Files\dotnet\sdk\10.0.102\Sdks\Microsoft.NET.Sdk.Razor\targets\Sdk.Razor.CurrentVersion.targets(235,5): message :       StaticWebAssetsPrepareForRun;
       C:\Program Files\dotnet\sdk\10.0.102\Sdks\Microsoft.NET.Sdk.Razor\targets\Sdk.Razor.CurrentVersion.targets(235,5): message :       CopyFilesToOutputDirectory
       C:\Program Files\dotnet\sdk\10.0.102\Sdks\Microsoft.NET.Sdk.Razor\targets\Sdk.Razor.CurrentVersion.targets(235,5): message :     
       C:\Program Files\dotnet\sdk\10.0.102\Sdks\Microsoft.NET.Sdk.Razor\targets\Sdk.Razor.CurrentVersion.targets(235,5): message :     " (previous value: "StaticWebAssetsPrepareForRun;
       C:\Program Files\dotnet\sdk\10.0.102\Sdks\Microsoft.NET.Sdk.Razor\targets\Sdk.Razor.CurrentVersion.targets(235,5): message :       CopyFilesToOutputDirectory
       C:\Program Files\dotnet\sdk\10.0.102\Sdks\Microsoft.NET.Sdk.Razor\targets\Sdk.Razor.CurrentVersion.targets(235,5): message :     ") at C:\Program Files\dotnet\sdk\10.0.102\Sdks\Microsoft.NET.Sdk.Razor\targets\Sdk.Razor.CurrentVersion.targets (235,5)
       C:\Program Files\dotnet\sdk\10.0.102\Sdks\Microsoft.NET.Sdk.Razor\targets\Sdk.Razor.CurrentVersion.targets(326,5): message : Property reassignment: $(UseRazorBuildServer)="true" (previous value: "") at C:\Program Files\dotnet\sdk\10.0.102\Sdks\Microsoft.NET.Sdk.Razor\targets\Sdk.Razor.CurrentVersion.targets (326,5)
       C:\Program Files\dotnet\sdk\10.0.102\Sdks\Microsoft.NET.Sdk.Razor\targets\Sdk.Razor.CurrentVersion.targets(332,5): message : Property reassignment: $(_RazorDebugSymbolsProduced)="true" (previous value: "false") at C:\Program Files\dotnet\sdk\10.0.102\Sdks\Microsoft.NET.Sdk.Razor\targets\Sdk.Razor.CurrentVersion.targets (332,5)
       C:\Program Files\dotnet\sdk\10.0.102\Sdks\Microsoft.NET.Sdk.Razor\targets\Microsoft.NET.Sdk.Razor.GenerateAssemblyInfo.targets(36,5): message : Property reassignment: $(GenerateRazorTargetAssemblyInfoDependsOn)="
       C:\Program Files\dotnet\sdk\10.0.102\Sdks\Microsoft.NET.Sdk.Razor\targets\Microsoft.NET.Sdk.Razor.GenerateAssemblyInfo.targets(36,5): message :       _ResolveMvcAssemblyAttributes;
       C:\Program Files\dotnet\sdk\10.0.102\Sdks\Microsoft.NET.Sdk.Razor\targets\Microsoft.NET.Sdk.Razor.GenerateAssemblyInfo.targets(36,5): message :       
       C:\Program Files\dotnet\sdk\10.0.102\Sdks\Microsoft.NET.Sdk.Razor\targets\Microsoft.NET.Sdk.Razor.GenerateAssemblyInfo.targets(36,5): message :       GetRazorTargetAssemblyAttributes;
       C:\Program Files\dotnet\sdk\10.0.102\Sdks\Microsoft.NET.Sdk.Razor\targets\Microsoft.NET.Sdk.Razor.GenerateAssemblyInfo.targets(36,5): message :       _CreateRazorTargetAssemblyInfoInputsCacheFile;
       C:\Program Files\dotnet\sdk\10.0.102\Sdks\Microsoft.NET.Sdk.Razor\targets\Microsoft.NET.Sdk.Razor.GenerateAssemblyInfo.targets(36,5): message :       CoreGenerateRazorTargetAssemblyInfo
       C:\Program Files\dotnet\sdk\10.0.102\Sdks\Microsoft.NET.Sdk.Razor\targets\Microsoft.NET.Sdk.Razor.GenerateAssemblyInfo.targets(36,5): message :     
       C:\Program Files\dotnet\sdk\10.0.102\Sdks\Microsoft.NET.Sdk.Razor\targets\Microsoft.NET.Sdk.Razor.GenerateAssemblyInfo.targets(36,5): message :     " (previous value: "
       C:\Program Files\dotnet\sdk\10.0.102\Sdks\Microsoft.NET.Sdk.Razor\targets\Microsoft.NET.Sdk.Razor.GenerateAssemblyInfo.targets(36,5): message :       GetRazorTargetAssemblyAttributes;
       C:\Program Files\dotnet\sdk\10.0.102\Sdks\Microsoft.NET.Sdk.Razor\targets\Microsoft.NET.Sdk.Razor.GenerateAssemblyInfo.targets(36,5): message :       _CreateRazorTargetAssemblyInfoInputsCacheFile;
       C:\Program Files\dotnet\sdk\10.0.102\Sdks\Microsoft.NET.Sdk.Razor\targets\Microsoft.NET.Sdk.Razor.GenerateAssemblyInfo.targets(36,5): message :       CoreGenerateRazorTargetAssemblyInfo
       C:\Program Files\dotnet\sdk\10.0.102\Sdks\Microsoft.NET.Sdk.Razor\targets\Microsoft.NET.Sdk.Razor.GenerateAssemblyInfo.targets(36,5): message :     ") at C:\Program Files\dotnet\sdk\10.0.102\Sdks\Microsoft.NET.Sdk.Razor\targets\Microsoft.NET.Sdk.Razor.GenerateAssemblyInfo.targets (36,5)
       C:\Program Files\dotnet\sdk\10.0.102\Sdks\Microsoft.NET.Sdk.Razor\targets\Microsoft.NET.Sdk.Razor.GenerateAssemblyInfo.targets(181,5): message : Property reassignment: $(CoreCompileDependsOn)="
       C:\Program Files\dotnet\sdk\10.0.102\Sdks\Microsoft.NET.Sdk.Razor\targets\Microsoft.NET.Sdk.Razor.GenerateAssemblyInfo.targets(181,5): message :       ;_ComputeNonExistentFileProperty;ResolveCodeAnalysisRuleSet;
       C:\Program Files\dotnet\sdk\10.0.102\Sdks\Microsoft.NET.Sdk.Razor\targets\Microsoft.NET.Sdk.Razor.GenerateAssemblyInfo.targets(181,5): message :       _GenerateRazorAssemblyInfo
       C:\Program Files\dotnet\sdk\10.0.102\Sdks\Microsoft.NET.Sdk.Razor\targets\Microsoft.NET.Sdk.Razor.GenerateAssemblyInfo.targets(181,5): message :     " (previous value: ";_ComputeNonExistentFileProperty;ResolveCodeAnalysisRuleSet") at C:\Program Files\dotnet\sdk\10.0.102\Sdks\Microsoft.NET.Sdk.Razor\targets\Microsoft.NET.Sdk.Razor.GenerateAssemblyInfo.targets (181,5)
       C:\Program Files\dotnet\sdk\10.0.102\Sdks\Microsoft.NET.Sdk.Razor\targets\Microsoft.NET.Sdk.Razor.GenerateAssemblyInfo.targets(189,5): message : Property reassignment: $(_GenerateRazorAssemblyInfoDependsOn)="
       C:\Program Files\dotnet\sdk\10.0.102\Sdks\Microsoft.NET.Sdk.Razor\targets\Microsoft.NET.Sdk.Razor.GenerateAssemblyInfo.targets(189,5): message :       _ResolveMvcAssemblyAttributes;
       C:\Program Files\dotnet\sdk\10.0.102\Sdks\Microsoft.NET.Sdk.Razor\targets\Microsoft.NET.Sdk.Razor.GenerateAssemblyInfo.targets(189,5): message :       RazorGetAssemblyAttributes;PrepareForBuild;_CoreGenerateRazorAssemblyInfo;
       C:\Program Files\dotnet\sdk\10.0.102\Sdks\Microsoft.NET.Sdk.Razor\targets\Microsoft.NET.Sdk.Razor.GenerateAssemblyInfo.targets(189,5): message :     " (previous value: "RazorGetAssemblyAttributes;PrepareForBuild;_CoreGenerateRazorAssemblyInfo") at C:\Program Files\dotnet\sdk\10.0.102\Sdks\Microsoft.NET.Sdk.Razor\targets\Microsoft.NET.Sdk.Razor.GenerateAssemblyInfo.targets (189,5)
       C:\Program Files\dotnet\sdk\10.0.102\Sdks\Microsoft.NET.Sdk.Razor\targets\Microsoft.NET.Sdk.Razor.MvcApplicationPartsDiscovery.targets(22,5): message : Property reassignment: $(CoreCompileDependsOn)="
       C:\Program Files\dotnet\sdk\10.0.102\Sdks\Microsoft.NET.Sdk.Razor\targets\Microsoft.NET.Sdk.Razor.MvcApplicationPartsDiscovery.targets(22,5): message :       _DiscoverMvcApplicationParts;
       C:\Program Files\dotnet\sdk\10.0.102\Sdks\Microsoft.NET.Sdk.Razor\targets\Microsoft.NET.Sdk.Razor.MvcApplicationPartsDiscovery.targets(22,5): message :       
       C:\Program Files\dotnet\sdk\10.0.102\Sdks\Microsoft.NET.Sdk.Razor\targets\Microsoft.NET.Sdk.Razor.MvcApplicationPartsDiscovery.targets(22,5): message :       ;_ComputeNonExistentFileProperty;ResolveCodeAnalysisRuleSet;
       C:\Program Files\dotnet\sdk\10.0.102\Sdks\Microsoft.NET.Sdk.Razor\targets\Microsoft.NET.Sdk.Razor.MvcApplicationPartsDiscovery.targets(22,5): message :       _GenerateRazorAssemblyInfo
       C:\Program Files\dotnet\sdk\10.0.102\Sdks\Microsoft.NET.Sdk.Razor\targets\Microsoft.NET.Sdk.Razor.MvcApplicationPartsDiscovery.targets(22,5): message :     ;
       C:\Program Files\dotnet\sdk\10.0.102\Sdks\Microsoft.NET.Sdk.Razor\targets\Microsoft.NET.Sdk.Razor.MvcApplicationPartsDiscovery.targets(22,5): message :     " (previous value: "
       C:\Program Files\dotnet\sdk\10.0.102\Sdks\Microsoft.NET.Sdk.Razor\targets\Microsoft.NET.Sdk.Razor.MvcApplicationPartsDiscovery.targets(22,5): message :       ;_ComputeNonExistentFileProperty;ResolveCodeAnalysisRuleSet;
       C:\Program Files\dotnet\sdk\10.0.102\Sdks\Microsoft.NET.Sdk.Razor\targets\Microsoft.NET.Sdk.Razor.MvcApplicationPartsDiscovery.targets(22,5): message :       _GenerateRazorAssemblyInfo
       C:\Program Files\dotnet\sdk\10.0.102\Sdks\Microsoft.NET.Sdk.Razor\targets\Microsoft.NET.Sdk.Razor.MvcApplicationPartsDiscovery.targets(22,5): message :     ") at C:\Program Files\dotnet\sdk\10.0.102\Sdks\Microsoft.NET.Sdk.Razor\targets\Microsoft.NET.Sdk.Razor.MvcApplicationPartsDiscovery.targets (22,5)
       C:\Program Files\dotnet\sdk\10.0.102\Sdks\Microsoft.NET.Sdk.Razor\targets\Sdk.Razor.CurrentVersion.targets(884,5): message : Property reassignment: $(RazorDesignTimeTargets)="C:\Program Files\dotnet\sdk\10.0.102\Sdks\Microsoft.NET.Sdk.Razor\targets\Microsoft.NET.Sdk.Razor.DesignTime.targets" (previous value: "C:\Program Files\dotnet\sdk\10.0.102\\Microsoft\VisualStudio\Razor\Microsoft.NET.Sdk.Razor.DesignTime.targets") at C:\Program Files\dotnet\sdk\10.0.102\Sdks\Microsoft.NET.Sdk.Razor\targets\Sdk.Razor.CurrentVersion.targets (884,5)
       C:\Program Files\dotnet\sdk\10.0.102\Sdks\Microsoft.NET.Sdk.Web.ProjectSystem\targets\Microsoft.NET.Sdk.Web.ProjectSystem.targets(21,5): message : Property reassignment: $(RunWorkingDirectory)="E:\Study_project\C#\FoodStreet\FoodStreet\FoodStreetPoiAdmin" (previous value: "") at C:\Program Files\dotnet\sdk\10.0.102\Sdks\Microsoft.NET.Sdk.Web.ProjectSystem\targets\Microsoft.NET.Sdk.Web.ProjectSystem.targets (21,5)
       C:\Program Files\dotnet\sdk\10.0.102\Sdks\Microsoft.NET.Sdk.Publish\targets\Microsoft.NET.Sdk.Publish.targets(60,5): message : Property reassignment: $(PublishProfileImported)="true" (previous value: "false") at C:\Program Files\dotnet\sdk\10.0.102\Sdks\Microsoft.NET.Sdk.Publish\targets\Microsoft.NET.Sdk.Publish.targets (60,5)
       C:\Program Files\dotnet\sdk\10.0.102\Sdks\Microsoft.NET.Sdk.Publish\targets\Microsoft.NET.Sdk.Publish.targets(81,5): message : Property reassignment: $(PublishConfiguration)="Debug" (previous value: "") at C:\Program Files\dotnet\sdk\10.0.102\Sdks\Microsoft.NET.Sdk.Publish\targets\Microsoft.NET.Sdk.Publish.targets (81,5)
       C:\Program Files\dotnet\sdk\10.0.102\Sdks\Microsoft.NET.Sdk.Publish\targets\Microsoft.NET.Sdk.Publish.targets(87,5): message : Property reassignment: $(BaseIntermediateOutputPath)="E:\Study_project\C#\FoodStreet\FoodStreet\FoodStreetPoiAdmin\obj\" (previous value: "obj\") at C:\Program Files\dotnet\sdk\10.0.102\Sdks\Microsoft.NET.Sdk.Publish\targets\Microsoft.NET.Sdk.Publish.targets (87,5)
       Overriding target "ResolveFrameworkReferences" in project "C:\Program Files\dotnet\sdk\10.0.102\Microsoft.Common.CurrentVersion.targets" with target "ResolveFrameworkReferences" from project "C:\Program Files\dotnet\sdk\10.0.102\Sdks\Microsoft.NET.Sdk\targets\Microsoft.NET.Sdk.FrameworkReferenceResolution.targets".
       Overriding target "GenerateSupportedTargetFrameworkAlias" in project "C:\Program Files\dotnet\sdk\10.0.102\Microsoft.Common.CurrentVersion.targets" with target "GenerateSupportedTargetFrameworkAlias" from project "C:\Program Files\dotnet\sdk\10.0.102\Sdks\Microsoft.NET.Sdk\targets\Microsoft.NET.Sdk.targets".
       Overriding target "GetReferenceAssemblyPaths" in project "C:\Program Files\dotnet\sdk\10.0.102\Microsoft.Common.CurrentVersion.targets" with target "GetReferenceAssemblyPaths" from project "C:\Program Files\dotnet\sdk\10.0.102\Sdks\Microsoft.NET.Sdk\targets\Microsoft.NET.DisableStandardFrameworkResolution.targets".
       Overriding target "GetFrameworkPaths" in project "C:\Program Files\dotnet\sdk\10.0.102\Microsoft.Common.CurrentVersion.targets" with target "GetFrameworkPaths" from project "C:\Program Files\dotnet\sdk\10.0.102\Sdks\Microsoft.NET.Sdk\targets\Microsoft.NET.DisableStandardFrameworkResolution.targets".
       Overriding target "DesignerRuntimeImplementationProjectOutputGroup" in project "C:\Program Files\dotnet\sdk\10.0.102\Microsoft.Common.CurrentVersion.targets" with target "DesignerRuntimeImplementationProjectOutputGroup" from project "C:\Program Files\dotnet\sdk\10.0.102\Sdks\Microsoft.NET.Sdk\targets\Microsoft.NET.DesignerSupport.targets".
       Overriding target "Publish" in project "C:\Program Files\dotnet\sdk\10.0.102\Microsoft.Common.CurrentVersion.targets" with target "Publish" from project "C:\Program Files\dotnet\sdk\10.0.102\Sdks\Microsoft.NET.Sdk\targets\Microsoft.NET.Publish.targets".
       Overriding target "ResolveReadyToRunCompilers" in project "C:\Program Files\dotnet\sdk\10.0.102\Sdks\Microsoft.NET.Sdk\targets\Microsoft.NET.CrossGen.targets" with target "ResolveReadyToRunCompilers" from project "C:\Program Files\dotnet\sdk\10.0.102\Sdks\Microsoft.NET.Sdk\targets\Microsoft.NET.Publish.targets".
       Overriding target "GetCopyToPublishDirectoryItems" in project "C:\Program Files\dotnet\sdk\10.0.102\Microsoft.Common.CurrentVersion.targets" with target "GetCopyToPublishDirectoryItems" from project "C:\Program Files\dotnet\sdk\10.0.102\Sdks\Microsoft.NET.Sdk\targets\Microsoft.NET.Publish.targets".
       Overriding target "Run" in project "C:\Program Files\dotnet\sdk\10.0.102\Microsoft.Common.CurrentVersion.targets" with target "Run" from project "C:\Program Files\dotnet\sdk\10.0.102\Sdks\Microsoft.NET.Sdk\targets\Microsoft.NET.Sdk.targets".
       Overriding target "BeforePublish" in project "C:\Program Files\dotnet\sdk\10.0.102\Microsoft.Common.CurrentVersion.targets" with target "BeforePublish" from project "C:\Program Files\dotnet\sdk\10.0.102\Sdks\Microsoft.NET.Sdk.Publish\targets\Microsoft.NET.Sdk.Publish.targets".
       Overriding target "AfterPublish" in project "C:\Program Files\dotnet\sdk\10.0.102\Microsoft.Common.CurrentVersion.targets" with target "AfterPublish" from project "C:\Program Files\dotnet\sdk\10.0.102\Sdks\Microsoft.NET.Sdk.Publish\targets\Microsoft.NET.Sdk.Publish.targets".
       The target "CollectUpToDateCheckInputDesignTime" listed in a BeforeTargets attribute at "C:\Program Files\dotnet\sdk\10.0.102\Sdks\Microsoft.NET.Sdk.StaticWebAssets\targets\Microsoft.NET.Sdk.StaticWebAssets.ScopedCss.targets (171,5)" does not exist in the project, and will be ignored.
       The target "CollectUpToDateCheckBuiltDesignTime" listed in a BeforeTargets attribute at "C:\Program Files\dotnet\sdk\10.0.102\Sdks\Microsoft.NET.Sdk.StaticWebAssets\targets\Microsoft.NET.Sdk.StaticWebAssets.ScopedCss.targets (171,5)" does not exist in the project, and will be ignored.
       The target "RazorGenerateComponentDeclaration" listed in an AfterTargets attribute at "C:\Program Files\dotnet\sdk\10.0.102\Sdks\Microsoft.NET.Sdk.Razor\targets\Microsoft.NET.Sdk.Razor.DesignTime.targets (55,53)" does not exist in the project, and will be ignored.
     1>Project "E:\Study_project\C#\FoodStreet\FoodStreet\FoodStreetPoiAdmin\FoodStreetPoiAdmin.csproj" (1) is building "E:\Study_project\C#\FoodStreet\FoodStreet\FoodStreetPoiAdmin\FoodStreetPoiAdmin.csproj" (1:2) on node 1 (_IsProjectRestoreSupported target(s)).
   1:2>Target "_IsProjectRestoreSupported" in file "C:\Program Files\dotnet\sdk\10.0.102\NuGet.targets" from project "E:\Study_project\C#\FoodStreet\FoodStreet\FoodStreetPoiAdmin\FoodStreetPoiAdmin.csproj" (entry point):
   1:2>Done building target "_IsProjectRestoreSupported" in project "FoodStreetPoiAdmin.csproj".
   1:2>Done Building Project "E:\Study_project\C#\FoodStreet\FoodStreet\FoodStreetPoiAdmin\FoodStreetPoiAdmin.csproj" (_IsProjectRestoreSupported target(s)).
     1>Done executing task "MSBuild".
       Assembly loaded during TaskRun: NuGet.Build.Tasks, Version=7.0.2.0, Culture=neutral, PublicKeyToken=31bf3856ad364e35 (location: C:\Program Files\dotnet\sdk\10.0.102\NuGet.Build.Tasks.dll, MVID: 08f938bc-c41a-460c-a57a-b3e65fa8480c, AssemblyLoadContext: MSBuild plugin C:\Program Files\dotnet\sdk\10.0.102\NuGet.Build.Tasks.dll)
       Assembly loaded during TaskRun: NuGet.Common, Version=7.0.2.0, Culture=neutral, PublicKeyToken=31bf3856ad364e35 (location: C:\Program Files\dotnet\sdk\10.0.102\NuGet.Common.dll, MVID: 0ebddcbc-c0d1-4562-9772-1cc3c243691f, AssemblyLoadContext: MSBuild plugin C:\Program Files\dotnet\sdk\10.0.102\NuGet.Build.Tasks.dll)
       Assembly loaded during TaskRun: NuGet.Commands, Version=7.0.2.0, Culture=neutral, PublicKeyToken=31bf3856ad364e35 (location: C:\Program Files\dotnet\sdk\10.0.102\NuGet.Commands.dll, MVID: a511dd5c-2599-4ad1-850c-954b0626c28d, AssemblyLoadContext: MSBuild plugin C:\Program Files\dotnet\sdk\10.0.102\NuGet.Build.Tasks.dll)
       Assembly loaded during TaskRun: NuGet.ProjectModel, Version=7.0.2.0, Culture=neutral, PublicKeyToken=31bf3856ad364e35 (location: C:\Program Files\dotnet\sdk\10.0.102\NuGet.ProjectModel.dll, MVID: 7799350a-7e8f-4d79-9022-a95ee623280c, AssemblyLoadContext: MSBuild plugin C:\Program Files\dotnet\sdk\10.0.102\NuGet.Build.Tasks.dll)
       Using "WarnForInvalidProjectsTask" task from assembly "C:\Program Files\dotnet\sdk\10.0.102\NuGet.Build.Tasks.dll".
       Task "WarnForInvalidProjectsTask"
       Done executing task "WarnForInvalidProjectsTask".
     1>Done building target "_FilterRestoreGraphProjectInputItems" in project "FoodStreetPoiAdmin.csproj".
       Target "_FilterRestoreGraphProjectInputItems" skipped. Previously built successfully.
     1>Target "_GetAllRestoreProjectPathItems" in file "C:\Program Files\dotnet\sdk\10.0.102\NuGet.targets" from project "E:\Study_project\C#\FoodStreet\FoodStreet\FoodStreetPoiAdmin\FoodStreetPoiAdmin.csproj" (target "_GenerateRestoreGraph" depends on it):
       Using "NuGetMessageTask" task from assembly "C:\Program Files\dotnet\sdk\10.0.102\NuGet.Build.Tasks.dll".
       Task "NuGetMessageTask"
         Determining projects to restore...
       Done executing task "NuGetMessageTask".
       Task "MSBuild"
         Global Properties:
           ExcludeRestorePackageImports=true
     1>Project "E:\Study_project\C#\FoodStreet\FoodStreet\FoodStreetPoiAdmin\FoodStreetPoiAdmin.csproj" (1) is building "E:\Study_project\C#\FoodStreet\FoodStreet\FoodStreetPoiAdmin\FoodStreetPoiAdmin.csproj" (1:3) on node 1 (_GenerateRestoreProjectPathWalk target(s)).
   1:3>Target "_GenerateRestoreProjectPathItemsPerFramework" in file "C:\Program Files\dotnet\sdk\10.0.102\NuGet.targets" from project "E:\Study_project\C#\FoodStreet\FoodStreet\FoodStreetPoiAdmin\FoodStreetPoiAdmin.csproj" (target "_GenerateRestoreProjectPathItemsCurrentProject" depends on it):
   1:3>Using "ConvertToAbsolutePath" task from assembly "Microsoft.Build.Tasks.Core, Version=15.1.0.0, Culture=neutral, PublicKeyToken=b03f5f7f11d50a3a".
       Task "ConvertToAbsolutePath"
       Done executing task "ConvertToAbsolutePath".
   1:3>Done building target "_GenerateRestoreProjectPathItemsPerFramework" in project "FoodStreetPoiAdmin.csproj".
   1:3>Target "_GenerateRestoreProjectPathItemsCurrentProject" in file "C:\Program Files\dotnet\sdk\10.0.102\NuGet.targets" from project "E:\Study_project\C#\FoodStreet\FoodStreet\FoodStreetPoiAdmin\FoodStreetPoiAdmin.csproj" (target "_GenerateRestoreProjectPathItems" depends on it):
   1:3>Done building target "_GenerateRestoreProjectPathItemsCurrentProject" in project "FoodStreetPoiAdmin.csproj".
   1:3>Target "_GenerateRestoreProjectPathItems" in file "C:\Program Files\dotnet\sdk\10.0.102\NuGet.targets" from project "E:\Study_project\C#\FoodStreet\FoodStreet\FoodStreetPoiAdmin\FoodStreetPoiAdmin.csproj" (target "_GenerateRestoreProjectPathWalk" depends on it):
       Task "RemoveDuplicates"
       Done executing task "RemoveDuplicates".
   1:3>Done building target "_GenerateRestoreProjectPathItems" in project "FoodStreetPoiAdmin.csproj".
   1:3>Target "_GenerateRestoreProjectPathWalk" in file "C:\Program Files\dotnet\sdk\10.0.102\NuGet.targets" from project "E:\Study_project\C#\FoodStreet\FoodStreet\FoodStreetPoiAdmin\FoodStreetPoiAdmin.csproj" (entry point):
       Task "MSBuild"
       Done executing task "MSBuild".
       Task "RemoveDuplicates"
       Done executing task "RemoveDuplicates".
   1:3>Done building target "_GenerateRestoreProjectPathWalk" in project "FoodStreetPoiAdmin.csproj".
   1:3>Done Building Project "E:\Study_project\C#\FoodStreet\FoodStreet\FoodStreetPoiAdmin\FoodStreetPoiAdmin.csproj" (_GenerateRestoreProjectPathWalk target(s)).
     1>Done executing task "MSBuild".
       Task "RemoveDuplicates"
       Done executing task "RemoveDuplicates".
       Task "MSBuild"
         Global Properties:
           ExcludeRestorePackageImports=true
     1>Project "E:\Study_project\C#\FoodStreet\FoodStreet\FoodStreetPoiAdmin\FoodStreetPoiAdmin.csproj" (1) is building "E:\Study_project\C#\FoodStreet\FoodStreet\FoodStreetPoiAdmin\FoodStreetPoiAdmin.csproj" (1:4) on node 1 (_IsProjectRestoreSupported target(s)).
   1:4>Target "_IsProjectRestoreSupported" skipped. Previously built successfully.
   1:4>Done Building Project "E:\Study_project\C#\FoodStreet\FoodStreet\FoodStreetPoiAdmin\FoodStreetPoiAdmin.csproj" (_IsProjectRestoreSupported target(s)).
     1>Done executing task "MSBuild".
     1>Done building target "_GetAllRestoreProjectPathItems" in project "FoodStreetPoiAdmin.csproj".
     1>Target "_GenerateRestoreGraph" in file "C:\Program Files\dotnet\sdk\10.0.102\NuGet.targets" from project "E:\Study_project\C#\FoodStreet\FoodStreet\FoodStreetPoiAdmin\FoodStreetPoiAdmin.csproj" (target "Restore" depends on it):
       Using "Message" task from assembly "Microsoft.Build.Tasks.Core, Version=15.1.0.0, Culture=neutral, PublicKeyToken=b03f5f7f11d50a3a".
       Task "Message"
         Generating dg file
       Done executing task "Message".
       Task "Message"
         E:\Study_project\C#\FoodStreet\FoodStreet\FoodStreetPoiAdmin\FoodStreetPoiAdmin.csproj
       Done executing task "Message".
       Task "MSBuild"
         Global Properties:
           ExcludeRestorePackageImports=true
     1>Project "E:\Study_project\C#\FoodStreet\FoodStreet\FoodStreetPoiAdmin\FoodStreetPoiAdmin.csproj" (1) is building "E:\Study_project\C#\FoodStreet\FoodStreet\FoodStreetPoiAdmin\FoodStreetPoiAdmin.csproj" (1:5) on node 1 (_GenerateRestoreGraphProjectEntry target(s)).
   1:5>Target "_CheckForUnsupportedNETCoreVersion" in file "C:\Program Files\dotnet\sdk\10.0.102\Sdks\Microsoft.NET.Sdk\targets\Microsoft.NET.TargetFrameworkInference.targets" from project "E:\Study_project\C#\FoodStreet\FoodStreet\FoodStreetPoiAdmin\FoodStreetPoiAdmin.csproj" (target "CollectPackageReferences" depends on it):
   1:5>Done building target "_CheckForUnsupportedNETCoreVersion" in project "FoodStreetPoiAdmin.csproj".
   1:5>Target "_CheckForUnsupportedCppNETCoreVersion" in file "C:\Program Files\dotnet\sdk\10.0.102\Sdks\Microsoft.NET.Sdk\targets\Microsoft.NET.TargetFrameworkInference.targets" from project "E:\Study_project\C#\FoodStreet\FoodStreet\FoodStreetPoiAdmin\FoodStreetPoiAdmin.csproj" (target "CollectPackageReferences" depends on it):
   1:5>Done building target "_CheckForUnsupportedCppNETCoreVersion" in project "FoodStreetPoiAdmin.csproj".
   1:5>Target "UpdateAspNetToFrameworkReference" in file "C:\Program Files\dotnet\sdk\10.0.102\Sdks\Microsoft.NET.Sdk\targets\Microsoft.NET.Sdk.DefaultItems.Shared.targets" from project "E:\Study_project\C#\FoodStreet\FoodStreet\FoodStreetPoiAdmin\FoodStreetPoiAdmin.csproj" (target "ApplyImplicitVersions" depends on it):
       Using "CheckIfPackageReferenceShouldBeFrameworkReference" task from assembly "C:\Program Files\dotnet\sdk\10.0.102\Sdks\Microsoft.NET.Sdk\targets\..\tools\net10.0\Microsoft.NET.Build.Tasks.dll".
       Task "CheckIfPackageReferenceShouldBeFrameworkReference"
       Done executing task "CheckIfPackageReferenceShouldBeFrameworkReference".
       Task "CheckIfPackageReferenceShouldBeFrameworkReference"
       Done executing task "CheckIfPackageReferenceShouldBeFrameworkReference".
   1:5>Done building target "UpdateAspNetToFrameworkReference" in project "FoodStreetPoiAdmin.csproj".
   1:5>Target "CheckForImplicitPackageReferenceOverrides" in file "C:\Program Files\dotnet\sdk\10.0.102\Sdks\Microsoft.NET.Sdk\targets\Microsoft.NET.Sdk.DefaultItems.Shared.targets" from project "E:\Study_project\C#\FoodStreet\FoodStreet\FoodStreetPoiAdmin\FoodStreetPoiAdmin.csproj" (target "ApplyImplicitVersions" depends on it):
       Using "CheckForImplicitPackageReferenceOverrides" task from assembly "C:\Program Files\dotnet\sdk\10.0.102\Sdks\Microsoft.NET.Sdk\targets\..\tools\net10.0\Microsoft.NET.Build.Tasks.dll".
       Task "CheckForImplicitPackageReferenceOverrides"
       Done executing task "CheckForImplicitPackageReferenceOverrides".
   1:5>Done building target "CheckForImplicitPackageReferenceOverrides" in project "FoodStreetPoiAdmin.csproj".
   1:5>Target "ApplyImplicitVersions" in file "C:\Program Files\dotnet\sdk\10.0.102\Sdks\Microsoft.NET.Sdk\targets\Microsoft.NET.Sdk.DefaultItems.Shared.targets" from project "E:\Study_project\C#\FoodStreet\FoodStreet\FoodStreetPoiAdmin\FoodStreetPoiAdmin.csproj" (target "CollectPackageReferences" depends on it):
       Using "ApplyImplicitVersions" task from assembly "C:\Program Files\dotnet\sdk\10.0.102\Sdks\Microsoft.NET.Sdk\targets\..\tools\net10.0\Microsoft.NET.Build.Tasks.dll".
       Task "ApplyImplicitVersions"
       Done executing task "ApplyImplicitVersions".
   1:5>Done building target "ApplyImplicitVersions" in project "FoodStreetPoiAdmin.csproj".
       Target "CheckForImplicitPackageReferenceOverrides" skipped. Previously built successfully.
   1:5>Target "_CheckForLanguageAndFeatureCombinationSupport" in file "C:\Program Files\dotnet\sdk\10.0.102\Sdks\Microsoft.NET.Sdk\targets\Microsoft.NET.RuntimeIdentifierInference.targets" from project "E:\Study_project\C#\FoodStreet\FoodStreet\FoodStreetPoiAdmin\FoodStreetPoiAdmin.csproj" (target "ProcessFrameworkReferences" depends on it):
   1:5>Done building target "_CheckForLanguageAndFeatureCombinationSupport" in project "FoodStreetPoiAdmin.csproj".
   1:5>Target "_ComputeToolPackInputsToProcessFrameworkReferences" in file "C:\Program Files\dotnet\sdk\10.0.102\Sdks\Microsoft.NET.Sdk\targets\Microsoft.NET.Publish.targets" from project "E:\Study_project\C#\FoodStreet\FoodStreet\FoodStreetPoiAdmin\FoodStreetPoiAdmin.csproj" (target "ProcessFrameworkReferences" depends on it):
   1:5>Done building target "_ComputeToolPackInputsToProcessFrameworkReferences" in project "FoodStreetPoiAdmin.csproj".
   1:5>Target "ResolveRequiredWebAssets" in file "C:\Program Files\dotnet\sdk\10.0.102\Sdks\Microsoft.NET.Sdk.Web.ProjectSystem\targets\Microsoft.NET.Sdk.Web.ProjectSystem.targets" from project "E:\Study_project\C#\FoodStreet\FoodStreet\FoodStreetPoiAdmin\FoodStreetPoiAdmin.csproj" (target "ProcessFrameworkReferences" depends on it):
   1:5>Done building target "ResolveRequiredWebAssets" in project "FoodStreetPoiAdmin.csproj".
   1:5>Target "ProcessFrameworkReferences" in file "C:\Program Files\dotnet\sdk\10.0.102\Sdks\Microsoft.NET.Sdk\targets\Microsoft.NET.Sdk.FrameworkReferenceResolution.targets" from project "E:\Study_project\C#\FoodStreet\FoodStreet\FoodStreetPoiAdmin\FoodStreetPoiAdmin.csproj" (target "CollectPackageReferences" depends on it):
       Using "CheckForDuplicateFrameworkReferences" task from assembly "C:\Program Files\dotnet\sdk\10.0.102\Sdks\Microsoft.NET.Sdk\targets\..\tools\net10.0\Microsoft.NET.Build.Tasks.dll".
       Task "CheckForDuplicateFrameworkReferences"
       Done executing task "CheckForDuplicateFrameworkReferences".
       Using "ProcessFrameworkReferences" task from assembly "C:\Program Files\dotnet\sdk\10.0.102\Sdks\Microsoft.NET.Sdk\targets\..\tools\net10.0\Microsoft.NET.Build.Tasks.dll".
       Task "ProcessFrameworkReferences"
         Found 2 known framework references for target framework .NETCoreApp
         Found 5 known runtime packs for target framework .NETCoreApp
         Selected Microsoft.NETCore.App with RIDs 'linux-arm;linux-arm64;linux-musl-arm64;linux-musl-x64;linux-x64;osx-x64;tizen.4.0.0-armel;tizen.5.0.0-armel;win-arm64;win-x64;win-x86;linux-musl-arm;osx-arm64;linux-s390x;linux-loongarch64;linux-bionic-arm;linux-bionic-arm64;linux-bionic-x64;linux-bionic-x86;linux-ppc64le;freebsd-x64;freebsd-arm64;linux-riscv64;linux-musl-riscv64;linux-musl-loongarch64;android-arm64;android-x64'
         Selected targeting pack 'Microsoft.NETCore.App@10.0.2'
         Added runtime framework 'Microsoft.NETCore.App@10.0.0'
         Selected Microsoft.WindowsDesktop.App with RIDs 'win-x64;win-x86;win-arm64'
         Selected targeting pack 'Microsoft.WindowsDesktop.App@10.0.2'
         Added runtime framework 'Microsoft.WindowsDesktop.App@10.0.0'
         Selected Microsoft.WindowsDesktop.App with RIDs 'win-x64;win-x86;win-arm64'
         Selected targeting pack 'Microsoft.WindowsDesktop.App.WPF@10.0.2'
         Added runtime framework 'Microsoft.WindowsDesktop.App@10.0.0'
         Selected Microsoft.WindowsDesktop.App with RIDs 'win-x64;win-x86;win-arm64'
         Selected targeting pack 'Microsoft.WindowsDesktop.App.WindowsForms@10.0.2'
         Added runtime framework 'Microsoft.WindowsDesktop.App@10.0.0'
         Selected Microsoft.AspNetCore.App with RIDs 'win-x64;win-x86;osx-x64;linux-musl-x64;linux-musl-arm64;linux-x64;linux-arm;linux-arm64;linux-musl-arm;win-arm64;osx-arm64;linux-s390x;linux-loongarch64;linux-ppc64le;freebsd-x64;freebsd-arm64;linux-riscv64;linux-musl-riscv64;linux-loongarch64;linux-musl-loongarch64'
         Selected targeting pack 'Microsoft.AspNetCore.App@10.0.2'
         Added runtime framework 'Microsoft.AspNetCore.App@10.0.0'
       Done executing task "ProcessFrameworkReferences".
       Using "ResolveAppHosts" task from assembly "C:\Program Files\dotnet\sdk\10.0.102\Sdks\Microsoft.NET.Sdk\targets\..\tools\net10.0\Microsoft.NET.Build.Tasks.dll".
       Task "ResolveAppHosts"
       Done executing task "ResolveAppHosts".
   1:5>Done building target "ProcessFrameworkReferences" in project "FoodStreetPoiAdmin.csproj".
   1:5>Target "_CheckForObsoleteDotNetCliToolReferences" in file "C:\Program Files\dotnet\sdk\10.0.102\Sdks\Microsoft.NET.Sdk\targets\Microsoft.NET.ObsoleteReferences.targets" from project "E:\Study_project\C#\FoodStreet\FoodStreet\FoodStreetPoiAdmin\FoodStreetPoiAdmin.csproj" (target "CollectPackageReferences" depends on it):
   1:5>Done building target "_CheckForObsoleteDotNetCliToolReferences" in project "FoodStreetPoiAdmin.csproj".
   1:5>Target "CollectPackageReferences" in file "C:\Program Files\dotnet\sdk\10.0.102\NuGet.targets" from project "E:\Study_project\C#\FoodStreet\FoodStreet\FoodStreetPoiAdmin\FoodStreetPoiAdmin.csproj" (target "_GetRestoreProjectStyle" depends on it):
       Using "CheckForDuplicateNuGetItemsTask" task from assembly "C:\Program Files\dotnet\sdk\10.0.102\NuGet.Build.Tasks.dll".
       Task "CheckForDuplicateNuGetItemsTask"
       Done executing task "CheckForDuplicateNuGetItemsTask".
   1:5>Done building target "CollectPackageReferences" in project "FoodStreetPoiAdmin.csproj".
   1:5>Target "_GetRestoreProjectStyle" in file "C:\Program Files\dotnet\sdk\10.0.102\NuGet.targets" from project "E:\Study_project\C#\FoodStreet\FoodStreet\FoodStreetPoiAdmin\FoodStreetPoiAdmin.csproj" (target "_GenerateRestoreSpecs" depends on it):
       Using "GetRestoreProjectStyleTask" task from assembly "C:\Program Files\dotnet\sdk\10.0.102\NuGet.Build.Tasks.dll".
       Task "GetRestoreProjectStyleTask"
       Done executing task "GetRestoreProjectStyleTask".
   1:5>Done building target "_GetRestoreProjectStyle" in project "FoodStreetPoiAdmin.csproj".
   1:5>Target "_GenerateRestoreSpecs" in file "C:\Program Files\dotnet\sdk\10.0.102\NuGet.targets" from project "E:\Study_project\C#\FoodStreet\FoodStreet\FoodStreetPoiAdmin\FoodStreetPoiAdmin.csproj" (target "_GenerateRestoreGraphProjectEntry" depends on it):
       Task "Message"
         Restore entry point E:\Study_project\C#\FoodStreet\FoodStreet\FoodStreetPoiAdmin\FoodStreetPoiAdmin.csproj
       Done executing task "Message".
   1:5>Done building target "_GenerateRestoreSpecs" in project "FoodStreetPoiAdmin.csproj".
   1:5>Target "_GetRestoreSettingsOverrides" in file "C:\Program Files\dotnet\sdk\10.0.102\NuGet.targets" from project "E:\Study_project\C#\FoodStreet\FoodStreet\FoodStreetPoiAdmin\FoodStreetPoiAdmin.csproj" (target "_GetRestoreSettings" depends on it):
   1:5>Done building target "_GetRestoreSettingsOverrides" in project "FoodStreetPoiAdmin.csproj".
   1:5>Target "_GetRestoreSettingsPerFramework" in file "C:\Program Files\dotnet\sdk\10.0.102\NuGet.targets" from project "E:\Study_project\C#\FoodStreet\FoodStreet\FoodStreetPoiAdmin\FoodStreetPoiAdmin.csproj" (target "_GetRestoreSettingsCurrentProject" depends on it):
   1:5>Done building target "_GetRestoreSettingsPerFramework" in project "FoodStreetPoiAdmin.csproj".
   1:5>Target "_GetRestoreSettingsCurrentProject" in file "C:\Program Files\dotnet\sdk\10.0.102\NuGet.targets" from project "E:\Study_project\C#\FoodStreet\FoodStreet\FoodStreetPoiAdmin\FoodStreetPoiAdmin.csproj" (target "_GetRestoreSettings" depends on it):
   1:5>Done building target "_GetRestoreSettingsCurrentProject" in project "FoodStreetPoiAdmin.csproj".
   1:5>Target "_GetRestoreSettings" in file "C:\Program Files\dotnet\sdk\10.0.102\NuGet.targets" from project "E:\Study_project\C#\FoodStreet\FoodStreet\FoodStreetPoiAdmin\FoodStreetPoiAdmin.csproj" (target "_GenerateDotnetCliToolReferenceSpecs" depends on it):
       Using "GetRestoreSettingsTask" task from assembly "C:\Program Files\dotnet\sdk\10.0.102\NuGet.Build.Tasks.dll".
       Task "GetRestoreSettingsTask"
         Assembly loaded during TaskRun (NuGet.Build.Tasks.GetRestoreSettingsTask): NuGet.Configuration, Version=7.0.2.0, Culture=neutral, PublicKeyToken=31bf3856ad364e35 (location: C:\Program Files\dotnet\sdk\10.0.102\NuGet.Configuration.dll, MVID: 19c054bf-5f43-475d-9020-1af2e31675fc, AssemblyLoadContext: MSBuild plugin C:\Program Files\dotnet\sdk\10.0.102\NuGet.Build.Tasks.dll)
       Done executing task "GetRestoreSettingsTask".
   1:5>Done building target "_GetRestoreSettings" in project "FoodStreetPoiAdmin.csproj".
   1:5>Target "_GenerateDotnetCliToolReferenceSpecs" in file "C:\Program Files\dotnet\sdk\10.0.102\NuGet.targets" from project "E:\Study_project\C#\FoodStreet\FoodStreet\FoodStreetPoiAdmin\FoodStreetPoiAdmin.csproj" (target "_GenerateRestoreGraphProjectEntry" depends on it):
       Using "GetRestoreDotnetCliToolsTask" task from assembly "C:\Program Files\dotnet\sdk\10.0.102\NuGet.Build.Tasks.dll".
       Task "GetRestoreDotnetCliToolsTask"
       Done executing task "GetRestoreDotnetCliToolsTask".
   1:5>Done building target "_GenerateDotnetCliToolReferenceSpecs" in project "FoodStreetPoiAdmin.csproj".
   1:5>Target "_GenerateRestoreGraphProjectEntry" in file "C:\Program Files\dotnet\sdk\10.0.102\NuGet.targets" from project "E:\Study_project\C#\FoodStreet\FoodStreet\FoodStreetPoiAdmin\FoodStreetPoiAdmin.csproj" (entry point):
   1:5>Done building target "_GenerateRestoreGraphProjectEntry" in project "FoodStreetPoiAdmin.csproj".
   1:5>Done Building Project "E:\Study_project\C#\FoodStreet\FoodStreet\FoodStreetPoiAdmin\FoodStreetPoiAdmin.csproj" (_GenerateRestoreGraphProjectEntry target(s)).
     1>Done executing task "MSBuild".
       Task "MSBuild"
         Global Properties:
           ExcludeRestorePackageImports=true
     1>Project "E:\Study_project\C#\FoodStreet\FoodStreet\FoodStreetPoiAdmin\FoodStreetPoiAdmin.csproj" (1) is building "E:\Study_project\C#\FoodStreet\FoodStreet\FoodStreetPoiAdmin\FoodStreetPoiAdmin.csproj" (1:6) on node 1 (_GenerateProjectRestoreGraph target(s)).
   1:6>Target "_GetRestoreProjectStyle" skipped. Previously built successfully.
       Target "_GetRestoreProjectStyle" skipped. Previously built successfully.
       Target "_GetRestoreProjectStyle" skipped. Previously built successfully.
   1:6>Target "_GetRestoreTargetFrameworkOverride" in file "C:\Program Files\dotnet\sdk\10.0.102\NuGet.targets" from project "E:\Study_project\C#\FoodStreet\FoodStreet\FoodStreetPoiAdmin\FoodStreetPoiAdmin.csproj" (target "_GetRestoreTargetFrameworksOutput" depends on it):
   1:6>Done building target "_GetRestoreTargetFrameworkOverride" in project "FoodStreetPoiAdmin.csproj".
   1:6>Target "_GetRestoreTargetFrameworksOutput" in file "C:\Program Files\dotnet\sdk\10.0.102\NuGet.targets" from project "E:\Study_project\C#\FoodStreet\FoodStreet\FoodStreetPoiAdmin\FoodStreetPoiAdmin.csproj" (target "_GenerateRestoreProjectSpec" depends on it):
       Using "GetProjectTargetFrameworksTask" task from assembly "C:\Program Files\dotnet\sdk\10.0.102\NuGet.Build.Tasks.dll".
       Task "GetProjectTargetFrameworksTask"
       Done executing task "GetProjectTargetFrameworksTask".
   1:6>Done building target "_GetRestoreTargetFrameworksOutput" in project "FoodStreetPoiAdmin.csproj".
       Target "_GetRestoreSettings" skipped. Previously built successfully.
   1:6>Target "_GenerateRestoreProjectSpec" in file "C:\Program Files\dotnet\sdk\10.0.102\NuGet.targets" from project "E:\Study_project\C#\FoodStreet\FoodStreet\FoodStreetPoiAdmin\FoodStreetPoiAdmin.csproj" (target "_GenerateProjectRestoreGraph" depends on it):
       Task "ConvertToAbsolutePath"
       Done executing task "ConvertToAbsolutePath".
   1:6>Done building target "_GenerateRestoreProjectSpec" in project "FoodStreetPoiAdmin.csproj".
       Target "_GetRestoreProjectStyle" skipped. Previously built successfully.
       Target "CollectPackageReferences" skipped. Previously built successfully.
   1:6>Target "CollectPackageDownloads" in file "C:\Program Files\dotnet\sdk\10.0.102\NuGet.targets" from project "E:\Study_project\C#\FoodStreet\FoodStreet\FoodStreetPoiAdmin\FoodStreetPoiAdmin.csproj" (target "_CollectRestoreInputs" depends on it):
       Task "CheckForDuplicateNuGetItemsTask"
       Done executing task "CheckForDuplicateNuGetItemsTask".
   1:6>Done building target "CollectPackageDownloads" in project "FoodStreetPoiAdmin.csproj".
   1:6>Target "CollectFrameworkReferences" in file "C:\Program Files\dotnet\sdk\10.0.102\NuGet.targets" from project "E:\Study_project\C#\FoodStreet\FoodStreet\FoodStreetPoiAdmin\FoodStreetPoiAdmin.csproj" (target "_CollectRestoreInputs" depends on it):
   1:6>Done building target "CollectFrameworkReferences" in project "FoodStreetPoiAdmin.csproj".
   1:6>Target "CollectCentralPackageVersions" in file "C:\Program Files\dotnet\sdk\10.0.102\NuGet.targets" from project "E:\Study_project\C#\FoodStreet\FoodStreet\FoodStreetPoiAdmin\FoodStreetPoiAdmin.csproj" (target "_CollectRestoreInputs" depends on it):
       Task "CheckForDuplicateNuGetItemsTask"
       Done executing task "CheckForDuplicateNuGetItemsTask".
   1:6>Done building target "CollectCentralPackageVersions" in project "FoodStreetPoiAdmin.csproj".
   1:6>Target "CollectNuGetAuditSuppressions" in file "C:\Program Files\dotnet\sdk\10.0.102\NuGet.targets" from project "E:\Study_project\C#\FoodStreet\FoodStreet\FoodStreetPoiAdmin\FoodStreetPoiAdmin.csproj" (target "_CollectRestoreInputs" depends on it):
       Task "CheckForDuplicateNuGetItemsTask"
       Done executing task "CheckForDuplicateNuGetItemsTask".
   1:6>Done building target "CollectNuGetAuditSuppressions" in project "FoodStreetPoiAdmin.csproj".
       Target "ProcessFrameworkReferences" skipped. Previously built successfully.
   1:6>Target "AddPrunePackageReferences" in file "C:\Program Files\dotnet\sdk\10.0.102\Sdks\Microsoft.NET.Sdk\targets\Microsoft.NET.Sdk.FrameworkReferenceResolution.targets" from project "E:\Study_project\C#\FoodStreet\FoodStreet\FoodStreetPoiAdmin\FoodStreetPoiAdmin.csproj" (target "CollectPrunePackageReferences" depends on it):
       Using "GetPackagesToPrune" task from assembly "C:\Program Files\dotnet\sdk\10.0.102\Sdks\Microsoft.NET.Sdk\targets\..\tools\net10.0\Microsoft.NET.Build.Tasks.dll".
       Task "GetPackagesToPrune"
         Loading packages to prune for .NETCoreApp 10.0 Microsoft.NETCore.App
         Loading prune package data from PrunePackageData folder
         Failed to load prune package data from PrunePackageData folder, loading from targeting packs instead
         Looking for targeting packs in C:\Program Files\dotnet\packs\Microsoft.NETCore.App.Ref
         Pack directories found: C:\Program Files\dotnet\packs\Microsoft.NETCore.App.Ref\10.0.2
         Found package overrides file C:\Program Files\dotnet\packs\Microsoft.NETCore.App.Ref\10.0.2\data\PackageOverrides.txt
         Loading packages to prune for .NETCoreApp 10.0 Microsoft.AspNetCore.App
         Loading prune package data from PrunePackageData folder
         Failed to load prune package data from PrunePackageData folder, loading from targeting packs instead
         Looking for targeting packs in C:\Program Files\dotnet\packs\Microsoft.AspNetCore.App.Ref
         Pack directories found: C:\Program Files\dotnet\packs\Microsoft.AspNetCore.App.Ref\10.0.2
         Found package overrides file C:\Program Files\dotnet\packs\Microsoft.AspNetCore.App.Ref\10.0.2\data\PackageOverrides.txt
       Done executing task "GetPackagesToPrune".
   1:6>Done building target "AddPrunePackageReferences" in project "FoodStreetPoiAdmin.csproj".
   1:6>Target "CollectPrunePackageReferences" in file "C:\Program Files\dotnet\sdk\10.0.102\NuGet.targets" from project "E:\Study_project\C#\FoodStreet\FoodStreet\FoodStreetPoiAdmin\FoodStreetPoiAdmin.csproj" (target "_CollectRestoreInputs" depends on it):
       Task "CheckForDuplicateNuGetItemsTask"
       Done executing task "CheckForDuplicateNuGetItemsTask".
   1:6>Done building target "CollectPrunePackageReferences" in project "FoodStreetPoiAdmin.csproj".
   1:6>Target "_CollectRestoreInputs" in file "C:\Program Files\dotnet\sdk\10.0.102\NuGet.targets" from project "E:\Study_project\C#\FoodStreet\FoodStreet\FoodStreetPoiAdmin\FoodStreetPoiAdmin.csproj" (target "_GenerateProjectRestoreGraphPerFramework" depends on it):
   1:6>Done building target "_CollectRestoreInputs" in project "FoodStreetPoiAdmin.csproj".
   1:6>Target "_GenerateProjectRestoreGraphPerFramework" in file "C:\Program Files\dotnet\sdk\10.0.102\NuGet.targets" from project "E:\Study_project\C#\FoodStreet\FoodStreet\FoodStreetPoiAdmin\FoodStreetPoiAdmin.csproj" (target "_GenerateProjectRestoreGraphCurrentProject" depends on it):
       Using "GetRestoreProjectReferencesTask" task from assembly "C:\Program Files\dotnet\sdk\10.0.102\NuGet.Build.Tasks.dll".
       Task "GetRestoreProjectReferencesTask"
       Done executing task "GetRestoreProjectReferencesTask".
       Using "GetRestorePackageReferencesTask" task from assembly "C:\Program Files\dotnet\sdk\10.0.102\NuGet.Build.Tasks.dll".
       Task "GetRestorePackageReferencesTask"
       Done executing task "GetRestorePackageReferencesTask".
       Using "GetRestorePackageDownloadsTask" task from assembly "C:\Program Files\dotnet\sdk\10.0.102\NuGet.Build.Tasks.dll".
       Task "GetRestorePackageDownloadsTask"
       Done executing task "GetRestorePackageDownloadsTask".
       Using "GetRestoreFrameworkReferencesTask" task from assembly "C:\Program Files\dotnet\sdk\10.0.102\NuGet.Build.Tasks.dll".
       Task "GetRestoreFrameworkReferencesTask"
       Done executing task "GetRestoreFrameworkReferencesTask".
       Using "GetRestoreNuGetAuditSuppressionsTask" task from assembly "C:\Program Files\dotnet\sdk\10.0.102\NuGet.Build.Tasks.dll".
       Task "GetRestoreNuGetAuditSuppressionsTask"
       Done executing task "GetRestoreNuGetAuditSuppressionsTask".
       Using "GetRestorePrunePackageReferencesTask" task from assembly "C:\Program Files\dotnet\sdk\10.0.102\NuGet.Build.Tasks.dll".
       Task "GetRestorePrunePackageReferencesTask"
       Done executing task "GetRestorePrunePackageReferencesTask".
   1:6>Done building target "_GenerateProjectRestoreGraphPerFramework" in project "FoodStreetPoiAdmin.csproj".
   1:6>Target "_GenerateProjectRestoreGraphCurrentProject" in file "C:\Program Files\dotnet\sdk\10.0.102\NuGet.targets" from project "E:\Study_project\C#\FoodStreet\FoodStreet\FoodStreetPoiAdmin\FoodStreetPoiAdmin.csproj" (target "_GenerateRestoreDependencies" depends on it):
   1:6>Done building target "_GenerateProjectRestoreGraphCurrentProject" in project "FoodStreetPoiAdmin.csproj".
   1:6>Target "_GenerateRestoreDependencies" in file "C:\Program Files\dotnet\sdk\10.0.102\NuGet.targets" from project "E:\Study_project\C#\FoodStreet\FoodStreet\FoodStreetPoiAdmin\FoodStreetPoiAdmin.csproj" (target "_GenerateProjectRestoreGraph" depends on it):
   1:6>Done building target "_GenerateRestoreDependencies" in project "FoodStreetPoiAdmin.csproj".
   1:6>Target "_GenerateProjectRestoreGraph" in file "C:\Program Files\dotnet\sdk\10.0.102\NuGet.targets" from project "E:\Study_project\C#\FoodStreet\FoodStreet\FoodStreetPoiAdmin\FoodStreetPoiAdmin.csproj" (entry point):
   1:6>Done building target "_GenerateProjectRestoreGraph" in project "FoodStreetPoiAdmin.csproj".
   1:6>Done Building Project "E:\Study_project\C#\FoodStreet\FoodStreet\FoodStreetPoiAdmin\FoodStreetPoiAdmin.csproj" (_GenerateProjectRestoreGraph target(s)).
     1>Done executing task "MSBuild".
     1>Done building target "_GenerateRestoreGraph" in project "FoodStreetPoiAdmin.csproj".
     1>Target "_CollectTargetFrameworkForTelemetry" in file "C:\Program Files\dotnet\sdk\10.0.102\Sdks\Microsoft.NET.Sdk\targets\Microsoft.NET.TargetFrameworkInference.targets" from project "E:\Study_project\C#\FoodStreet\FoodStreet\FoodStreetPoiAdmin\FoodStreetPoiAdmin.csproj" (target "Restore" depends on it):
       Using "AllowEmptyTelemetry" task from assembly "C:\Program Files\dotnet\sdk\10.0.102\Sdks\Microsoft.NET.Sdk\targets\..\tools\net10.0\Microsoft.NET.Build.Tasks.dll".
       Task "AllowEmptyTelemetry"
       Done executing task "AllowEmptyTelemetry".
     1>Done building target "_CollectTargetFrameworkForTelemetry" in project "FoodStreetPoiAdmin.csproj".
     1>Target "_CheckForUnsupportedNETCoreVersion" in file "C:\Program Files\dotnet\sdk\10.0.102\Sdks\Microsoft.NET.Sdk\targets\Microsoft.NET.TargetFrameworkInference.targets" from project "E:\Study_project\C#\FoodStreet\FoodStreet\FoodStreetPoiAdmin\FoodStreetPoiAdmin.csproj" (target "Restore" depends on it):
     1>Done building target "_CheckForUnsupportedNETCoreVersion" in project "FoodStreetPoiAdmin.csproj".
     1>Target "_CheckForUnsupportedCppNETCoreVersion" in file "C:\Program Files\dotnet\sdk\10.0.102\Sdks\Microsoft.NET.Sdk\targets\Microsoft.NET.TargetFrameworkInference.targets" from project "E:\Study_project\C#\FoodStreet\FoodStreet\FoodStreetPoiAdmin\FoodStreetPoiAdmin.csproj" (target "Restore" depends on it):
     1>Done building target "_CheckForUnsupportedCppNETCoreVersion" in project "FoodStreetPoiAdmin.csproj".
     1>Target "Restore" in file "C:\Program Files\dotnet\sdk\10.0.102\NuGet.targets" from project "E:\Study_project\C#\FoodStreet\FoodStreet\FoodStreetPoiAdmin\FoodStreetPoiAdmin.csproj" (entry point):
       Task "RemoveDuplicates"
       Done executing task "RemoveDuplicates".
       Using "RestoreTask" task from assembly "C:\Program Files\dotnet\sdk\10.0.102\NuGet.Build.Tasks.dll".
       Task "RestoreTask"
         Assembly loaded during TaskRun (NuGet.Build.Tasks.RestoreTask): NuGet.Packaging, Version=7.0.2.0, Culture=neutral, PublicKeyToken=31bf3856ad364e35 (location: C:\Program Files\dotnet\sdk\10.0.102\NuGet.Packaging.dll, MVID: d97df112-1c31-494b-92f9-b19b3bf4d608, AssemblyLoadContext: MSBuild plugin C:\Program Files\dotnet\sdk\10.0.102\NuGet.Build.Tasks.dll)
         Assembly loaded during TaskRun (NuGet.Build.Tasks.RestoreTask): NuGet.LibraryModel, Version=7.0.2.0, Culture=neutral, PublicKeyToken=31bf3856ad364e35 (location: C:\Program Files\dotnet\sdk\10.0.102\NuGet.LibraryModel.dll, MVID: 03dea5e2-604e-44a3-ac1e-999ae6290330, AssemblyLoadContext: MSBuild plugin C:\Program Files\dotnet\sdk\10.0.102\NuGet.Build.Tasks.dll)
         Assembly loaded during TaskRun (NuGet.Build.Tasks.RestoreTask): NuGet.Versioning, Version=7.0.2.0, Culture=neutral, PublicKeyToken=31bf3856ad364e35 (location: C:\Program Files\dotnet\sdk\10.0.102\NuGet.Versioning.dll, MVID: 15b335c1-43f9-43e2-b0cb-2e5ace291849, AssemblyLoadContext: MSBuild plugin C:\Program Files\dotnet\sdk\10.0.102\NuGet.Build.Tasks.dll)
         Assembly loaded during TaskRun (NuGet.Build.Tasks.RestoreTask): NuGet.Frameworks, Version=7.0.2.0, Culture=neutral, PublicKeyToken=31bf3856ad364e35 (location: C:\Program Files\dotnet\sdk\10.0.102\NuGet.Frameworks.dll, MVID: 49dfecd1-88f8-4b59-9e85-1a519567a742, AssemblyLoadContext: MSBuild plugin C:\Program Files\dotnet\sdk\10.0.102\NuGet.Build.Tasks.dll)
         Assembly loaded during TaskRun (NuGet.Build.Tasks.RestoreTask): NuGet.Protocol, Version=7.0.2.0, Culture=neutral, PublicKeyToken=31bf3856ad364e35 (location: C:\Program Files\dotnet\sdk\10.0.102\NuGet.Protocol.dll, MVID: 3112dd94-2913-48a5-b33e-969750b0052f, AssemblyLoadContext: MSBuild plugin C:\Program Files\dotnet\sdk\10.0.102\NuGet.Build.Tasks.dll)
         Assembly loaded during TaskRun (NuGet.Build.Tasks.RestoreTask): NuGet.Credentials, Version=7.0.2.0, Culture=neutral, PublicKeyToken=31bf3856ad364e35 (location: C:\Program Files\dotnet\sdk\10.0.102\NuGet.Credentials.dll, MVID: ed9535eb-54bc-4b05-aab5-2de28d992033, AssemblyLoadContext: MSBuild plugin C:\Program Files\dotnet\sdk\10.0.102\NuGet.Build.Tasks.dll)
         X.509 certificate chain validation will use the default trust store selected by .NET for code signing.
         X.509 certificate chain validation will use the default trust store selected by .NET for timestamping.
         Assembly loaded during TaskRun (NuGet.Build.Tasks.RestoreTask): NuGet.DependencyResolver.Core, Version=7.0.2.0, Culture=neutral, PublicKeyToken=31bf3856ad364e35 (location: C:\Program Files\dotnet\sdk\10.0.102\NuGet.DependencyResolver.Core.dll, MVID: 0c2a5b5c-f4d2-4833-ae79-b5319386cf4f, AssemblyLoadContext: MSBuild plugin C:\Program Files\dotnet\sdk\10.0.102\NuGet.Build.Tasks.dll)
         Running restore with 12 concurrent jobs.
         Reading project file E:\Study_project\C#\FoodStreet\FoodStreet\FoodStreetPoiAdmin\FoodStreetPoiAdmin.csproj.
         Assembly loaded during TaskRun (NuGet.Build.Tasks.RestoreTask): Newtonsoft.Json, Version=13.0.0.0, Culture=neutral, PublicKeyToken=30ad4fe6b2a6aeed (location: C:\Program Files\dotnet\sdk\10.0.102\Newtonsoft.Json.dll, MVID: 7e62198b-eab2-4380-bbac-29171862d1d8, AssemblyLoadContext: MSBuild plugin C:\Program Files\dotnet\sdk\10.0.102\NuGet.Build.Tasks.dll)
         Assembly loaded during TaskRun (NuGet.Build.Tasks.RestoreTask): System.Runtime.Serialization.Primitives, Version=10.0.0.0, Culture=neutral, PublicKeyToken=b03f5f7f11d50a3a (location: C:\Program Files\dotnet\shared\Microsoft.NETCore.App\10.0.2\System.Runtime.Serialization.Primitives.dll, MVID: c5d73862-c5f5-410d-82d8-2a2f001e103d, AssemblyLoadContext: Default)
         Assembly loaded during TaskRun (NuGet.Build.Tasks.RestoreTask): System.Runtime.Numerics, Version=10.0.0.0, Culture=neutral, PublicKeyToken=b03f5f7f11d50a3a (location: C:\Program Files\dotnet\shared\Microsoft.NETCore.App\10.0.2\System.Runtime.Numerics.dll, MVID: 9d46277f-a883-4562-9353-6e7e48d190e7, AssemblyLoadContext: Default)
         Assembly loaded during TaskRun (NuGet.Build.Tasks.RestoreTask): System.Reflection.Emit.ILGeneration, Version=10.0.0.0, Culture=neutral, PublicKeyToken=b03f5f7f11d50a3a (location: C:\Program Files\dotnet\shared\Microsoft.NETCore.App\10.0.2\System.Reflection.Emit.ILGeneration.dll, MVID: 204a9b3b-e58d-400c-9636-75a77a17e670, AssemblyLoadContext: Default)
         The restore inputs for 'FoodStreetPoiAdmin' have not changed. No further actions are required to complete the restore.
         Committing restore...
         Assets file has not changed. Skipping assets file writing. Path: E:\Study_project\C#\FoodStreet\FoodStreet\FoodStreetPoiAdmin\obj\project.assets.json
         No-Op restore. The cache will not be updated. Path: E:\Study_project\C#\FoodStreet\FoodStreet\FoodStreetPoiAdmin\obj\project.nuget.cache
         Restored E:\Study_project\C#\FoodStreet\FoodStreet\FoodStreetPoiAdmin\FoodStreetPoiAdmin.csproj (in 40 ms).
         
         NuGet Config files used:
             C:\Users\lenovo\AppData\Roaming\NuGet\NuGet.Config
         
         Feeds used:
             https://api.nuget.org/v3/index.json
             C:\Program Files\dotnet\library-packs
         All projects are up-to-date for restore.
       Done executing task "RestoreTask".
     1>Done building target "Restore" in project "FoodStreetPoiAdmin.csproj".
     1>Done Building Project "E:\Study_project\C#\FoodStreet\FoodStreet\FoodStreetPoiAdmin\FoodStreetPoiAdmin.csproj" (Restore target(s)).
     0>The SDK "Microsoft.NET.Sdk.Web" was successfully resolved by the "DefaultSdkResolver" resolver to location "C:\Program Files\dotnet\sdk\10.0.102\Sdks\Microsoft.NET.Sdk.Web\Sdk" and version "".
       The SDK "Microsoft.NET.Sdk" was successfully resolved by the "DefaultSdkResolver" resolver to location "C:\Program Files\dotnet\sdk\10.0.102\Sdks\Microsoft.NET.Sdk\Sdk" and version "".
       C:\Program Files\dotnet\sdk\10.0.102\Sdks\Microsoft.NET.Sdk\Sdk\Sdk.props(49,11): message : Property 'MSBuildExtensionsPath' with value 'C:\Program Files\dotnet\sdk\10.0.102\' expanded from the environment.
       C:\Program Files\dotnet\sdk\10.0.102\Current\Microsoft.Common.props(60,5): message : Property reassignment: $(MSBuildProjectExtensionsPath)="E:\Study_project\C#\FoodStreet\FoodStreet\FoodStreetPoiAdmin\obj\" (previous value: "obj\") at C:\Program Files\dotnet\sdk\10.0.102\Current\Microsoft.Common.props (60,5)
       E:\Study_project\C#\FoodStreet\FoodStreet\FoodStreetPoiAdmin\obj\FoodStreetPoiAdmin.csproj.nuget.g.props(7,5): message : Property 'USERPROFILE' with value 'C:\Users\lenovo' expanded from the environment.
       C:\Program Files\dotnet\sdk\10.0.102\Current\Microsoft.Common.props(84,119): message : Property 'MSBuildUserExtensionsPath' with value 'C:\Users\lenovo\AppData\Local\Microsoft\MSBuild' expanded from the environment.
       C:\Program Files\dotnet\sdk\10.0.102\Sdks\Microsoft.NET.Sdk\targets\Microsoft.NET.Sdk.props(90,5): message : Property reassignment: $(AssemblySearchPaths)="{CandidateAssemblyFiles};{HintPathFromItem}" (previous value: "{CandidateAssemblyFiles}") at C:\Program Files\dotnet\sdk\10.0.102\Sdks\Microsoft.NET.Sdk\targets\Microsoft.NET.Sdk.props (90,5)
       C:\Program Files\dotnet\sdk\10.0.102\Sdks\Microsoft.NET.Sdk\targets\Microsoft.NET.Sdk.props(91,5): message : Property reassignment: $(AssemblySearchPaths)="{CandidateAssemblyFiles};{HintPathFromItem};{TargetFrameworkDirectory}" (previous value: "{CandidateAssemblyFiles};{HintPathFromItem}") at C:\Program Files\dotnet\sdk\10.0.102\Sdks\Microsoft.NET.Sdk\targets\Microsoft.NET.Sdk.props (91,5)
       C:\Program Files\dotnet\sdk\10.0.102\Sdks\Microsoft.NET.Sdk\targets\Microsoft.NET.Sdk.props(92,5): message : Property reassignment: $(AssemblySearchPaths)="{CandidateAssemblyFiles};{HintPathFromItem};{TargetFrameworkDirectory};{RawFileName}" (previous value: "{CandidateAssemblyFiles};{HintPathFromItem};{TargetFrameworkDirectory}") at C:\Program Files\dotnet\sdk\10.0.102\Sdks\Microsoft.NET.Sdk\targets\Microsoft.NET.Sdk.props (92,5)
       The "DefaultSdkResolver" resolver attempted to resolve the SDK "Microsoft.NET.SDK.WorkloadAutoImportPropsLocator".
       Warnings: null
       Errors: MSB4276: The default SDK resolver failed to resolve SDK "Microsoft.NET.SDK.WorkloadAutoImportPropsLocator" because directory "C:\Program Files\dotnet\sdk\10.0.102\Sdks\Microsoft.NET.SDK.WorkloadAutoImportPropsLocator\Sdk" did not exist.
       The SDK "Microsoft.NET.SDK.WorkloadAutoImportPropsLocator" was successfully resolved by the "Microsoft.DotNet.MSBuildWorkloadSdkResolver" resolver to location "C:\Program Files\dotnet\packs\Microsoft.Android.Sdk.Windows\36.1.53\Sdk" and version "null".
       The SDK "Microsoft.NET.Sdk.Razor" was successfully resolved by the "DefaultSdkResolver" resolver to location "C:\Program Files\dotnet\sdk\10.0.102\Sdks\Microsoft.NET.Sdk.Razor\Sdk" and version "".
       The SDK "Microsoft.NET.Sdk.StaticWebAssets" was successfully resolved by the "DefaultSdkResolver" resolver to location "C:\Program Files\dotnet\sdk\10.0.102\Sdks\Microsoft.NET.Sdk.StaticWebAssets\Sdk" and version "".
       C:\Program Files\dotnet\sdk\10.0.102\Sdks\Microsoft.NET.Sdk.StaticWebAssets\Sdk\Sdk.StaticWebAssets.StaticAssets.ProjectSystem.props(23,5): message : Property reassignment: $(DefaultItemExcludes)=";**\node_modules\**;node_modules\**;**\jspm_packages\**;jspm_packages\**" (previous value: ";**\node_modules\**;node_modules\**") at C:\Program Files\dotnet\sdk\10.0.102\Sdks\Microsoft.NET.Sdk.StaticWebAssets\Sdk\Sdk.StaticWebAssets.StaticAssets.ProjectSystem.props (23,5)
       C:\Program Files\dotnet\sdk\10.0.102\Sdks\Microsoft.NET.Sdk.StaticWebAssets\Sdk\Sdk.StaticWebAssets.StaticAssets.ProjectSystem.props(24,5): message : Property reassignment: $(DefaultItemExcludes)=";**\node_modules\**;node_modules\**;**\jspm_packages\**;jspm_packages\**;**\bower_components\**;bower_components\**" (previous value: ";**\node_modules\**;node_modules\**;**\jspm_packages\**;jspm_packages\**") at C:\Program Files\dotnet\sdk\10.0.102\Sdks\Microsoft.NET.Sdk.StaticWebAssets\Sdk\Sdk.StaticWebAssets.StaticAssets.ProjectSystem.props (24,5)
       C:\Program Files\dotnet\sdk\10.0.102\Sdks\Microsoft.NET.Sdk.StaticWebAssets\Sdk\Sdk.StaticWebAssets.StaticAssets.ProjectSystem.props(25,5): message : Property reassignment: $(DefaultItemExcludes)=";**\node_modules\**;node_modules\**;**\jspm_packages\**;jspm_packages\**;**\bower_components\**;bower_components\**;**\packages.lock.json" (previous value: ";**\node_modules\**;node_modules\**;**\jspm_packages\**;jspm_packages\**;**\bower_components\**;bower_components\**") at C:\Program Files\dotnet\sdk\10.0.102\Sdks\Microsoft.NET.Sdk.StaticWebAssets\Sdk\Sdk.StaticWebAssets.StaticAssets.ProjectSystem.props (25,5)
       The SDK "Microsoft.NET.Sdk.Web.ProjectSystem" was successfully resolved by the "DefaultSdkResolver" resolver to location "C:\Program Files\dotnet\sdk\10.0.102\Sdks\Microsoft.NET.Sdk.Web.ProjectSystem\Sdk" and version "".
       C:\Program Files\dotnet\sdk\10.0.102\Sdks\Microsoft.NET.Sdk.Web.ProjectSystem\targets\Microsoft.NET.Sdk.Web.ProjectSystem.props(16,5): message : Property reassignment: $(OutputType)="Exe" (previous value: "Library") at C:\Program Files\dotnet\sdk\10.0.102\Sdks\Microsoft.NET.Sdk.Web.ProjectSystem\targets\Microsoft.NET.Sdk.Web.ProjectSystem.props (16,5)
       The SDK "Microsoft.NET.Sdk.Publish" was successfully resolved by the "DefaultSdkResolver" resolver to location "C:\Program Files\dotnet\sdk\10.0.102\Sdks\Microsoft.NET.Sdk.Publish\Sdk" and version "".
       E:\Study_project\C#\FoodStreet\FoodStreet\FoodStreetPoiAdmin\FoodStreetPoiAdmin.csproj(6,5): message : Property reassignment: $(DefaultItemExcludes)=";**\node_modules\**;node_modules\**;**\jspm_packages\**;jspm_packages\**;**\bower_components\**;bower_components\**;**\packages.lock.json;bin_verify*/**;**/bin_verify*/**" (previous value: ";**\node_modules\**;node_modules\**;**\jspm_packages\**;jspm_packages\**;**\bower_components\**;bower_components\**;**\packages.lock.json") at E:\Study_project\C#\FoodStreet\FoodStreet\FoodStreetPoiAdmin\FoodStreetPoiAdmin.csproj (6,5)
       C:\Program Files\dotnet\sdk\10.0.102\Sdks\Microsoft.NET.Sdk\targets\Microsoft.NET.Sdk.ImportPublishProfile.targets(28,5): message : Property reassignment: $(PublishProfileImported)="false" (previous value: "true") at C:\Program Files\dotnet\sdk\10.0.102\Sdks\Microsoft.NET.Sdk\targets\Microsoft.NET.Sdk.ImportPublishProfile.targets (28,5)
       C:\Program Files\dotnet\sdk\10.0.102\Sdks\Microsoft.NET.Sdk\targets\Microsoft.NET.TargetFrameworkInference.targets(81,5): message : Property reassignment: $(TargetPlatformVersion)="" (previous value: "0.0") at C:\Program Files\dotnet\sdk\10.0.102\Sdks\Microsoft.NET.Sdk\targets\Microsoft.NET.TargetFrameworkInference.targets (81,5)
       C:\Program Files\dotnet\sdk\10.0.102\Sdks\Microsoft.NET.Sdk\targets\Microsoft.NET.DefaultOutputPaths.targets(126,5): message : Property reassignment: $(DefaultItemExcludes)=";**\node_modules\**;node_modules\**;**\jspm_packages\**;jspm_packages\**;**\bower_components\**;bower_components\**;**\packages.lock.json;bin_verify*/**;**/bin_verify*/**;bin\Debug\/**" (previous value: ";**\node_modules\**;node_modules\**;**\jspm_packages\**;jspm_packages\**;**\bower_components\**;bower_components\**;**\packages.lock.json;bin_verify*/**;**/bin_verify*/**") at C:\Program Files\dotnet\sdk\10.0.102\Sdks\Microsoft.NET.Sdk\targets\Microsoft.NET.DefaultOutputPaths.targets (126,5)
       C:\Program Files\dotnet\sdk\10.0.102\Sdks\Microsoft.NET.Sdk\targets\Microsoft.NET.DefaultOutputPaths.targets(127,5): message : Property reassignment: $(DefaultItemExcludes)=";**\node_modules\**;node_modules\**;**\jspm_packages\**;jspm_packages\**;**\bower_components\**;bower_components\**;**\packages.lock.json;bin_verify*/**;**/bin_verify*/**;bin\Debug\/**;obj\Debug\/**" (previous value: ";**\node_modules\**;node_modules\**;**\jspm_packages\**;jspm_packages\**;**\bower_components\**;bower_components\**;**\packages.lock.json;bin_verify*/**;**/bin_verify*/**;bin\Debug\/**") at C:\Program Files\dotnet\sdk\10.0.102\Sdks\Microsoft.NET.Sdk\targets\Microsoft.NET.DefaultOutputPaths.targets (127,5)
       C:\Program Files\dotnet\sdk\10.0.102\Sdks\Microsoft.NET.Sdk\targets\Microsoft.NET.DefaultOutputPaths.targets(142,5): message : Property reassignment: $(OutputPath)="bin\Debug\net10.0\" (previous value: "bin\Debug\") at C:\Program Files\dotnet\sdk\10.0.102\Sdks\Microsoft.NET.Sdk\targets\Microsoft.NET.DefaultOutputPaths.targets (142,5)
       C:\Program Files\dotnet\sdk\10.0.102\Sdks\Microsoft.NET.Sdk\targets\Microsoft.NET.DefaultOutputPaths.targets(147,5): message : Property reassignment: $(IntermediateOutputPath)="obj\Debug\net10.0\" (previous value: "obj\Debug\") at C:\Program Files\dotnet\sdk\10.0.102\Sdks\Microsoft.NET.Sdk\targets\Microsoft.NET.DefaultOutputPaths.targets (147,5)
       The "DefaultSdkResolver" resolver attempted to resolve the SDK "Microsoft.NET.SDK.WorkloadManifestTargetsLocator".
       Warnings: null
       Errors: MSB4276: The default SDK resolver failed to resolve SDK "Microsoft.NET.SDK.WorkloadManifestTargetsLocator" because directory "C:\Program Files\dotnet\sdk\10.0.102\Sdks\Microsoft.NET.SDK.WorkloadManifestTargetsLocator\Sdk" did not exist.
       The SDK "Microsoft.NET.SDK.WorkloadManifestTargetsLocator" was successfully resolved by the "Microsoft.DotNet.MSBuildWorkloadSdkResolver" resolver to location "C:\Program Files\dotnet\sdk-manifests\10.0.100\microsoft.net.sdk.android\36.1.53" and version "null".
       C:\Program Files\dotnet\sdk\10.0.102\Sdks\Microsoft.NET.Sdk\targets\Microsoft.NET.Sdk.BeforeCommon.targets(371,5): message : Property reassignment: $(RoslynTargetsPath)="C:\Program Files\dotnet\sdk\10.0.102\Sdks\Microsoft.NET.Sdk\targets\..\..\..\Roslyn" (previous value: "C:\Program Files\dotnet\sdk\10.0.102\Roslyn") at C:\Program Files\dotnet\sdk\10.0.102\Sdks\Microsoft.NET.Sdk\targets\Microsoft.NET.Sdk.BeforeCommon.targets (371,5)
       C:\Program Files\dotnet\sdk\10.0.102\Roslyn\Microsoft.Managed.Core.targets(6,5): message : Property reassignment: $(_BuildTasksDirectory)="C:\Program Files\dotnet\sdk\10.0.102\Sdks\Microsoft.NET.Sdk\targets\..\..\..\Roslyn\" (previous value: "C:\Program Files\dotnet\sdk\10.0.102\Roslyn\") at C:\Program Files\dotnet\sdk\10.0.102\Roslyn\Microsoft.Managed.Core.targets (6,5)
       C:\Program Files\dotnet\sdk\10.0.102\Roslyn\Microsoft.CSharp.Core.targets(200,5): message : Property reassignment: $(CommandLineArgsForDesignTimeEvaluation)="-langversion:14.0 -define:TRACE" (previous value: "-langversion:14.0") at C:\Program Files\dotnet\sdk\10.0.102\Roslyn\Microsoft.CSharp.Core.targets (200,5)
       C:\Program Files\dotnet\sdk\10.0.102\Microsoft.Common.CurrentVersion.targets(175,5): message : Property reassignment: $(_DebugSymbolsProduced)="true" (previous value: "false") at C:\Program Files\dotnet\sdk\10.0.102\Microsoft.Common.CurrentVersion.targets (175,5)
       C:\Program Files\dotnet\sdk\10.0.102\Microsoft.Common.CurrentVersion.targets(185,5): message : Property reassignment: $(_DocumentationFileProduced)="false" (previous value: "true") at C:\Program Files\dotnet\sdk\10.0.102\Microsoft.Common.CurrentVersion.targets (185,5)
       C:\Program Files\dotnet\sdk\10.0.102\Microsoft.Common.CurrentVersion.targets(392,5): message : Property reassignment: $(MSBuildCopyMarkerName)="FoodStre.2476A410" (previous value: "FoodStreetPoiAdmin.csproj") at C:\Program Files\dotnet\sdk\10.0.102\Microsoft.Common.CurrentVersion.targets (392,5)
       C:\Program Files\dotnet\sdk\10.0.102\Microsoft.Common.CurrentVersion.targets(393,5): message : Property reassignment: $(MSBuildCopyMarkerName)="FoodStre.2476A410.Up2Date" (previous value: "FoodStre.2476A410") at C:\Program Files\dotnet\sdk\10.0.102\Microsoft.Common.CurrentVersion.targets (393,5)
       C:\Program Files\dotnet\sdk\10.0.102\Microsoft.Common.CurrentVersion.targets(541,5): message : Property reassignment: $(ProcessorArchitecture)="msil" (previous value: "") at C:\Program Files\dotnet\sdk\10.0.102\Microsoft.Common.CurrentVersion.targets (541,5)
       C:\Program Files\dotnet\sdk\10.0.102\Microsoft.Common.CurrentVersion.targets(580,5): message : Property reassignment: $(DelaySign)="" (previous value: "false") at C:\Program Files\dotnet\sdk\10.0.102\Microsoft.Common.CurrentVersion.targets (580,5)
       C:\Program Files\dotnet\sdk\10.0.102\Microsoft.Common.CurrentVersion.targets(2606,5): message : Property 'LOCALAPPDATA' with value 'C:\Users\lenovo\AppData\Local' expanded from the environment.
       C:\Program Files\dotnet\sdk\10.0.102\Microsoft.Common.CurrentVersion.targets(3934,5): message : Property reassignment: $(_SGenGenerateSerializationAssembliesConfig)="Auto" (previous value: "") at C:\Program Files\dotnet\sdk\10.0.102\Microsoft.Common.CurrentVersion.targets (3934,5)
       C:\Program Files\dotnet\sdk\10.0.102\Microsoft.Common.CurrentVersion.targets(3935,5): message : Property reassignment: $(_SGenGenerateSerializationAssembliesConfig)="Off" (previous value: "Auto") at C:\Program Files\dotnet\sdk\10.0.102\Microsoft.Common.CurrentVersion.targets (3935,5)
       C:\Program Files\dotnet\sdk\10.0.102\Microsoft.Common.CurrentVersion.targets(5146,5): message : Property reassignment: $(_TargetsThatPrepareProjectReferences)="
       C:\Program Files\dotnet\sdk\10.0.102\Microsoft.Common.CurrentVersion.targets(5146,5): message :       AssignProjectConfiguration;
       C:\Program Files\dotnet\sdk\10.0.102\Microsoft.Common.CurrentVersion.targets(5146,5): message :       _SplitProjectReferencesByFileExistence
       C:\Program Files\dotnet\sdk\10.0.102\Microsoft.Common.CurrentVersion.targets(5146,5): message :     " (previous value: "_SplitProjectReferencesByFileExistence") at C:\Program Files\dotnet\sdk\10.0.102\Microsoft.Common.CurrentVersion.targets (5146,5)
       C:\Program Files\dotnet\sdk\10.0.102\Microsoft.Common.CurrentVersion.targets(6959,5): message : Property 'MSBuildExtensionsPath32' with value 'C:\Program Files\dotnet\sdk\10.0.102' expanded from the environment.
       The "NuGetInteractive" property is a global property, and cannot be modified.
       C:\Program Files\dotnet\sdk\10.0.102\Sdks\Microsoft.NET.Sdk\targets\Microsoft.PackageDependencyResolution.targets(29,5): message : Property reassignment: $(ProjectAssetsCacheFile)="E:\Study_project\C#\FoodStreet\FoodStreet\FoodStreetPoiAdmin\obj\Debug\net10.0\FoodStreetPoiAdmin.assets.cache" (previous value: "obj\Debug\net10.0\FoodStreetPoiAdmin.assets.cache") at C:\Program Files\dotnet\sdk\10.0.102\Sdks\Microsoft.NET.Sdk\targets\Microsoft.PackageDependencyResolution.targets (29,5)
       C:\Program Files\dotnet\sdk\10.0.102\Sdks\Microsoft.NET.Sdk\targets\Microsoft.PackageDependencyResolution.targets(80,5): message : Property reassignment: $(ResolveAssemblyReferencesDependsOn)="
       C:\Program Files\dotnet\sdk\10.0.102\Sdks\Microsoft.NET.Sdk\targets\Microsoft.PackageDependencyResolution.targets(80,5): message :       
       C:\Program Files\dotnet\sdk\10.0.102\Sdks\Microsoft.NET.Sdk\targets\Microsoft.PackageDependencyResolution.targets(80,5): message :       ResolveProjectReferences;
       C:\Program Files\dotnet\sdk\10.0.102\Sdks\Microsoft.NET.Sdk\targets\Microsoft.PackageDependencyResolution.targets(80,5): message :       FindInvalidProjectReferences;
       C:\Program Files\dotnet\sdk\10.0.102\Sdks\Microsoft.NET.Sdk\targets\Microsoft.PackageDependencyResolution.targets(80,5): message :       GetFrameworkPaths;
       C:\Program Files\dotnet\sdk\10.0.102\Sdks\Microsoft.NET.Sdk\targets\Microsoft.PackageDependencyResolution.targets(80,5): message :       GetReferenceAssemblyPaths;
       C:\Program Files\dotnet\sdk\10.0.102\Sdks\Microsoft.NET.Sdk\targets\Microsoft.PackageDependencyResolution.targets(80,5): message :       PrepareForBuild;
       C:\Program Files\dotnet\sdk\10.0.102\Sdks\Microsoft.NET.Sdk\targets\Microsoft.PackageDependencyResolution.targets(80,5): message :       ResolveSDKReferences;
       C:\Program Files\dotnet\sdk\10.0.102\Sdks\Microsoft.NET.Sdk\targets\Microsoft.PackageDependencyResolution.targets(80,5): message :       ExpandSDKReferences;
       C:\Program Files\dotnet\sdk\10.0.102\Sdks\Microsoft.NET.Sdk\targets\Microsoft.PackageDependencyResolution.targets(80,5): message :     ;
       C:\Program Files\dotnet\sdk\10.0.102\Sdks\Microsoft.NET.Sdk\targets\Microsoft.PackageDependencyResolution.targets(80,5): message :       ResolvePackageDependenciesForBuild;
       C:\Program Files\dotnet\sdk\10.0.102\Sdks\Microsoft.NET.Sdk\targets\Microsoft.PackageDependencyResolution.targets(80,5): message :       _HandlePackageFileConflicts;
       C:\Program Files\dotnet\sdk\10.0.102\Sdks\Microsoft.NET.Sdk\targets\Microsoft.PackageDependencyResolution.targets(80,5): message :     " (previous value: "
       C:\Program Files\dotnet\sdk\10.0.102\Sdks\Microsoft.NET.Sdk\targets\Microsoft.PackageDependencyResolution.targets(80,5): message :       ResolveProjectReferences;
       C:\Program Files\dotnet\sdk\10.0.102\Sdks\Microsoft.NET.Sdk\targets\Microsoft.PackageDependencyResolution.targets(80,5): message :       FindInvalidProjectReferences;
       C:\Program Files\dotnet\sdk\10.0.102\Sdks\Microsoft.NET.Sdk\targets\Microsoft.PackageDependencyResolution.targets(80,5): message :       GetFrameworkPaths;
       C:\Program Files\dotnet\sdk\10.0.102\Sdks\Microsoft.NET.Sdk\targets\Microsoft.PackageDependencyResolution.targets(80,5): message :       GetReferenceAssemblyPaths;
       C:\Program Files\dotnet\sdk\10.0.102\Sdks\Microsoft.NET.Sdk\targets\Microsoft.PackageDependencyResolution.targets(80,5): message :       PrepareForBuild;
       C:\Program Files\dotnet\sdk\10.0.102\Sdks\Microsoft.NET.Sdk\targets\Microsoft.PackageDependencyResolution.targets(80,5): message :       ResolveSDKReferences;
       C:\Program Files\dotnet\sdk\10.0.102\Sdks\Microsoft.NET.Sdk\targets\Microsoft.PackageDependencyResolution.targets(80,5): message :       ExpandSDKReferences;
       C:\Program Files\dotnet\sdk\10.0.102\Sdks\Microsoft.NET.Sdk\targets\Microsoft.PackageDependencyResolution.targets(80,5): message :     ") at C:\Program Files\dotnet\sdk\10.0.102\Sdks\Microsoft.NET.Sdk\targets\Microsoft.PackageDependencyResolution.targets (80,5)
       C:\Program Files\dotnet\sdk\10.0.102\Sdks\Microsoft.NET.Sdk\targets\Microsoft.PackageDependencyResolution.targets(86,5): message : Property reassignment: $(PrepareResourcesDependsOn)="
       C:\Program Files\dotnet\sdk\10.0.102\Sdks\Microsoft.NET.Sdk\targets\Microsoft.PackageDependencyResolution.targets(86,5): message :       ResolvePackageDependenciesForBuild;
       C:\Program Files\dotnet\sdk\10.0.102\Sdks\Microsoft.NET.Sdk\targets\Microsoft.PackageDependencyResolution.targets(86,5): message :       _HandlePackageFileConflicts;
       C:\Program Files\dotnet\sdk\10.0.102\Sdks\Microsoft.NET.Sdk\targets\Microsoft.PackageDependencyResolution.targets(86,5): message :       
       C:\Program Files\dotnet\sdk\10.0.102\Sdks\Microsoft.NET.Sdk\targets\Microsoft.PackageDependencyResolution.targets(86,5): message :       ;
       C:\Program Files\dotnet\sdk\10.0.102\Sdks\Microsoft.NET.Sdk\targets\Microsoft.PackageDependencyResolution.targets(86,5): message :       PrepareResourceNames;
       C:\Program Files\dotnet\sdk\10.0.102\Sdks\Microsoft.NET.Sdk\targets\Microsoft.PackageDependencyResolution.targets(86,5): message :       ResGen;
       C:\Program Files\dotnet\sdk\10.0.102\Sdks\Microsoft.NET.Sdk\targets\Microsoft.PackageDependencyResolution.targets(86,5): message :       CompileLicxFiles
       C:\Program Files\dotnet\sdk\10.0.102\Sdks\Microsoft.NET.Sdk\targets\Microsoft.PackageDependencyResolution.targets(86,5): message :     
       C:\Program Files\dotnet\sdk\10.0.102\Sdks\Microsoft.NET.Sdk\targets\Microsoft.PackageDependencyResolution.targets(86,5): message :     " (previous value: "
       C:\Program Files\dotnet\sdk\10.0.102\Sdks\Microsoft.NET.Sdk\targets\Microsoft.PackageDependencyResolution.targets(86,5): message :       ;
       C:\Program Files\dotnet\sdk\10.0.102\Sdks\Microsoft.NET.Sdk\targets\Microsoft.PackageDependencyResolution.targets(86,5): message :       PrepareResourceNames;
       C:\Program Files\dotnet\sdk\10.0.102\Sdks\Microsoft.NET.Sdk\targets\Microsoft.PackageDependencyResolution.targets(86,5): message :       ResGen;
       C:\Program Files\dotnet\sdk\10.0.102\Sdks\Microsoft.NET.Sdk\targets\Microsoft.PackageDependencyResolution.targets(86,5): message :       CompileLicxFiles
       C:\Program Files\dotnet\sdk\10.0.102\Sdks\Microsoft.NET.Sdk\targets\Microsoft.PackageDependencyResolution.targets(86,5): message :     ") at C:\Program Files\dotnet\sdk\10.0.102\Sdks\Microsoft.NET.Sdk\targets\Microsoft.PackageDependencyResolution.targets (86,5)
       C:\Program Files\dotnet\sdk\10.0.102\Sdks\Microsoft.NET.Sdk\targets\Microsoft.NET.Sdk.DefaultItems.targets(35,5): message : Property reassignment: $(DefaultItemExcludes)=";**\node_modules\**;node_modules\**;**\jspm_packages\**;jspm_packages\**;**\bower_components\**;bower_components\**;**\packages.lock.json;bin_verify*/**;**/bin_verify*/**;bin\Debug\/**;obj\Debug\/**;bin\/**" (previous value: ";**\node_modules\**;node_modules\**;**\jspm_packages\**;jspm_packages\**;**\bower_components\**;bower_components\**;**\packages.lock.json;bin_verify*/**;**/bin_verify*/**;bin\Debug\/**;obj\Debug\/**") at C:\Program Files\dotnet\sdk\10.0.102\Sdks\Microsoft.NET.Sdk\targets\Microsoft.NET.Sdk.DefaultItems.targets (35,5)
       C:\Program Files\dotnet\sdk\10.0.102\Sdks\Microsoft.NET.Sdk\targets\Microsoft.NET.Sdk.DefaultItems.targets(37,5): message : Property reassignment: $(DefaultItemExcludes)=";**\node_modules\**;node_modules\**;**\jspm_packages\**;jspm_packages\**;**\bower_components\**;bower_components\**;**\packages.lock.json;bin_verify*/**;**/bin_verify*/**;bin\Debug\/**;obj\Debug\/**;bin\/**;obj\/**" (previous value: ";**\node_modules\**;node_modules\**;**\jspm_packages\**;jspm_packages\**;**\bower_components\**;bower_components\**;**\packages.lock.json;bin_verify*/**;**/bin_verify*/**;bin\Debug\/**;obj\Debug\/**;bin\/**") at C:\Program Files\dotnet\sdk\10.0.102\Sdks\Microsoft.NET.Sdk\targets\Microsoft.NET.Sdk.DefaultItems.targets (37,5)
       C:\Program Files\dotnet\sdk\10.0.102\Sdks\Microsoft.NET.Sdk\targets\Microsoft.NET.Sdk.DefaultItems.targets(40,5): message : Property reassignment: $(DefaultItemExcludes)=";**\node_modules\**;node_modules\**;**\jspm_packages\**;jspm_packages\**;**\bower_components\**;bower_components\**;**\packages.lock.json;bin_verify*/**;**/bin_verify*/**;bin\Debug\/**;obj\Debug\/**;bin\/**;obj\/**;**/*.user" (previous value: ";**\node_modules\**;node_modules\**;**\jspm_packages\**;jspm_packages\**;**\bower_components\**;bower_components\**;**\packages.lock.json;bin_verify*/**;**/bin_verify*/**;bin\Debug\/**;obj\Debug\/**;bin\/**;obj\/**") at C:\Program Files\dotnet\sdk\10.0.102\Sdks\Microsoft.NET.Sdk\targets\Microsoft.NET.Sdk.DefaultItems.targets (40,5)
       C:\Program Files\dotnet\sdk\10.0.102\Sdks\Microsoft.NET.Sdk\targets\Microsoft.NET.Sdk.DefaultItems.targets(41,5): message : Property reassignment: $(DefaultItemExcludes)=";**\node_modules\**;node_modules\**;**\jspm_packages\**;jspm_packages\**;**\bower_components\**;bower_components\**;**\packages.lock.json;bin_verify*/**;**/bin_verify*/**;bin\Debug\/**;obj\Debug\/**;bin\/**;obj\/**;**/*.user;**/*.*proj" (previous value: ";**\node_modules\**;node_modules\**;**\jspm_packages\**;jspm_packages\**;**\bower_components\**;bower_components\**;**\packages.lock.json;bin_verify*/**;**/bin_verify*/**;bin\Debug\/**;obj\Debug\/**;bin\/**;obj\/**;**/*.user") at C:\Program Files\dotnet\sdk\10.0.102\Sdks\Microsoft.NET.Sdk\targets\Microsoft.NET.Sdk.DefaultItems.targets (41,5)
       C:\Program Files\dotnet\sdk\10.0.102\Sdks\Microsoft.NET.Sdk\targets\Microsoft.NET.Sdk.DefaultItems.targets(42,5): message : Property reassignment: $(DefaultItemExcludes)=";**\node_modules\**;node_modules\**;**\jspm_packages\**;jspm_packages\**;**\bower_components\**;bower_components\**;**\packages.lock.json;bin_verify*/**;**/bin_verify*/**;bin\Debug\/**;obj\Debug\/**;bin\/**;obj\/**;**/*.user;**/*.*proj;**/*.sln" (previous value: ";**\node_modules\**;node_modules\**;**\jspm_packages\**;jspm_packages\**;**\bower_components\**;bower_components\**;**\packages.lock.json;bin_verify*/**;**/bin_verify*/**;bin\Debug\/**;obj\Debug\/**;bin\/**;obj\/**;**/*.user;**/*.*proj") at C:\Program Files\dotnet\sdk\10.0.102\Sdks\Microsoft.NET.Sdk\targets\Microsoft.NET.Sdk.DefaultItems.targets (42,5)
       C:\Program Files\dotnet\sdk\10.0.102\Sdks\Microsoft.NET.Sdk\targets\Microsoft.NET.Sdk.DefaultItems.targets(43,5): message : Property reassignment: $(DefaultItemExcludes)=";**\node_modules\**;node_modules\**;**\jspm_packages\**;jspm_packages\**;**\bower_components\**;bower_components\**;**\packages.lock.json;bin_verify*/**;**/bin_verify*/**;bin\Debug\/**;obj\Debug\/**;bin\/**;obj\/**;**/*.user;**/*.*proj;**/*.sln;**/*.slnx" (previous value: ";**\node_modules\**;node_modules\**;**\jspm_packages\**;jspm_packages\**;**\bower_components\**;bower_components\**;**\packages.lock.json;bin_verify*/**;**/bin_verify*/**;bin\Debug\/**;obj\Debug\/**;bin\/**;obj\/**;**/*.user;**/*.*proj;**/*.sln") at C:\Program Files\dotnet\sdk\10.0.102\Sdks\Microsoft.NET.Sdk\targets\Microsoft.NET.Sdk.DefaultItems.targets (43,5)
       C:\Program Files\dotnet\sdk\10.0.102\Sdks\Microsoft.NET.Sdk\targets\Microsoft.NET.Sdk.DefaultItems.targets(44,5): message : Property reassignment: $(DefaultItemExcludes)=";**\node_modules\**;node_modules\**;**\jspm_packages\**;jspm_packages\**;**\bower_components\**;bower_components\**;**\packages.lock.json;bin_verify*/**;**/bin_verify*/**;bin\Debug\/**;obj\Debug\/**;bin\/**;obj\/**;**/*.user;**/*.*proj;**/*.sln;**/*.slnx;**/*.vssscc" (previous value: ";**\node_modules\**;node_modules\**;**\jspm_packages\**;jspm_packages\**;**\bower_components\**;bower_components\**;**\packages.lock.json;bin_verify*/**;**/bin_verify*/**;bin\Debug\/**;obj\Debug\/**;bin\/**;obj\/**;**/*.user;**/*.*proj;**/*.sln;**/*.slnx") at C:\Program Files\dotnet\sdk\10.0.102\Sdks\Microsoft.NET.Sdk\targets\Microsoft.NET.Sdk.DefaultItems.targets (44,5)
       C:\Program Files\dotnet\sdk\10.0.102\Sdks\Microsoft.NET.Sdk\targets\Microsoft.NET.Sdk.DefaultItems.targets(45,5): message : Property reassignment: $(DefaultItemExcludes)=";**\node_modules\**;node_modules\**;**\jspm_packages\**;jspm_packages\**;**\bower_components\**;bower_components\**;**\packages.lock.json;bin_verify*/**;**/bin_verify*/**;bin\Debug\/**;obj\Debug\/**;bin\/**;obj\/**;**/*.user;**/*.*proj;**/*.sln;**/*.slnx;**/*.vssscc;**/.DS_Store" (previous value: ";**\node_modules\**;node_modules\**;**\jspm_packages\**;jspm_packages\**;**\bower_components\**;bower_components\**;**\packages.lock.json;bin_verify*/**;**/bin_verify*/**;bin\Debug\/**;obj\Debug\/**;bin\/**;obj\/**;**/*.user;**/*.*proj;**/*.sln;**/*.slnx;**/*.vssscc") at C:\Program Files\dotnet\sdk\10.0.102\Sdks\Microsoft.NET.Sdk\targets\Microsoft.NET.Sdk.DefaultItems.targets (45,5)
       C:\Program Files\dotnet\sdk\10.0.102\Sdks\Microsoft.NET.Sdk\targets\Microsoft.NET.Sdk.FrameworkReferenceResolution.targets(14,5): message : Property reassignment: $(ResolveAssemblyReferencesDependsOn)="
       C:\Program Files\dotnet\sdk\10.0.102\Sdks\Microsoft.NET.Sdk\targets\Microsoft.NET.Sdk.FrameworkReferenceResolution.targets(14,5): message :       
       C:\Program Files\dotnet\sdk\10.0.102\Sdks\Microsoft.NET.Sdk\targets\Microsoft.NET.Sdk.FrameworkReferenceResolution.targets(14,5): message :       
       C:\Program Files\dotnet\sdk\10.0.102\Sdks\Microsoft.NET.Sdk\targets\Microsoft.NET.Sdk.FrameworkReferenceResolution.targets(14,5): message :       ResolveProjectReferences;
       C:\Program Files\dotnet\sdk\10.0.102\Sdks\Microsoft.NET.Sdk\targets\Microsoft.NET.Sdk.FrameworkReferenceResolution.targets(14,5): message :       FindInvalidProjectReferences;
       C:\Program Files\dotnet\sdk\10.0.102\Sdks\Microsoft.NET.Sdk\targets\Microsoft.NET.Sdk.FrameworkReferenceResolution.targets(14,5): message :       GetFrameworkPaths;
       C:\Program Files\dotnet\sdk\10.0.102\Sdks\Microsoft.NET.Sdk\targets\Microsoft.NET.Sdk.FrameworkReferenceResolution.targets(14,5): message :       GetReferenceAssemblyPaths;
       C:\Program Files\dotnet\sdk\10.0.102\Sdks\Microsoft.NET.Sdk\targets\Microsoft.NET.Sdk.FrameworkReferenceResolution.targets(14,5): message :       PrepareForBuild;
       C:\Program Files\dotnet\sdk\10.0.102\Sdks\Microsoft.NET.Sdk\targets\Microsoft.NET.Sdk.FrameworkReferenceResolution.targets(14,5): message :       ResolveSDKReferences;
       C:\Program Files\dotnet\sdk\10.0.102\Sdks\Microsoft.NET.Sdk\targets\Microsoft.NET.Sdk.FrameworkReferenceResolution.targets(14,5): message :       ExpandSDKReferences;
       C:\Program Files\dotnet\sdk\10.0.102\Sdks\Microsoft.NET.Sdk\targets\Microsoft.NET.Sdk.FrameworkReferenceResolution.targets(14,5): message :     ;
       C:\Program Files\dotnet\sdk\10.0.102\Sdks\Microsoft.NET.Sdk\targets\Microsoft.NET.Sdk.FrameworkReferenceResolution.targets(14,5): message :       ResolvePackageDependenciesForBuild;
       C:\Program Files\dotnet\sdk\10.0.102\Sdks\Microsoft.NET.Sdk\targets\Microsoft.NET.Sdk.FrameworkReferenceResolution.targets(14,5): message :       _HandlePackageFileConflicts;
       C:\Program Files\dotnet\sdk\10.0.102\Sdks\Microsoft.NET.Sdk\targets\Microsoft.NET.Sdk.FrameworkReferenceResolution.targets(14,5): message :     ;
       C:\Program Files\dotnet\sdk\10.0.102\Sdks\Microsoft.NET.Sdk\targets\Microsoft.NET.Sdk.FrameworkReferenceResolution.targets(14,5): message :       ResolveTargetingPackAssets;
       C:\Program Files\dotnet\sdk\10.0.102\Sdks\Microsoft.NET.Sdk\targets\Microsoft.NET.Sdk.FrameworkReferenceResolution.targets(14,5): message :     " (previous value: "
       C:\Program Files\dotnet\sdk\10.0.102\Sdks\Microsoft.NET.Sdk\targets\Microsoft.NET.Sdk.FrameworkReferenceResolution.targets(14,5): message :       
       C:\Program Files\dotnet\sdk\10.0.102\Sdks\Microsoft.NET.Sdk\targets\Microsoft.NET.Sdk.FrameworkReferenceResolution.targets(14,5): message :       ResolveProjectReferences;
       C:\Program Files\dotnet\sdk\10.0.102\Sdks\Microsoft.NET.Sdk\targets\Microsoft.NET.Sdk.FrameworkReferenceResolution.targets(14,5): message :       FindInvalidProjectReferences;
       C:\Program Files\dotnet\sdk\10.0.102\Sdks\Microsoft.NET.Sdk\targets\Microsoft.NET.Sdk.FrameworkReferenceResolution.targets(14,5): message :       GetFrameworkPaths;
       C:\Program Files\dotnet\sdk\10.0.102\Sdks\Microsoft.NET.Sdk\targets\Microsoft.NET.Sdk.FrameworkReferenceResolution.targets(14,5): message :       GetReferenceAssemblyPaths;
       C:\Program Files\dotnet\sdk\10.0.102\Sdks\Microsoft.NET.Sdk\targets\Microsoft.NET.Sdk.FrameworkReferenceResolution.targets(14,5): message :       PrepareForBuild;
       C:\Program Files\dotnet\sdk\10.0.102\Sdks\Microsoft.NET.Sdk\targets\Microsoft.NET.Sdk.FrameworkReferenceResolution.targets(14,5): message :       ResolveSDKReferences;
       C:\Program Files\dotnet\sdk\10.0.102\Sdks\Microsoft.NET.Sdk\targets\Microsoft.NET.Sdk.FrameworkReferenceResolution.targets(14,5): message :       ExpandSDKReferences;
       C:\Program Files\dotnet\sdk\10.0.102\Sdks\Microsoft.NET.Sdk\targets\Microsoft.NET.Sdk.FrameworkReferenceResolution.targets(14,5): message :     ;
       C:\Program Files\dotnet\sdk\10.0.102\Sdks\Microsoft.NET.Sdk\targets\Microsoft.NET.Sdk.FrameworkReferenceResolution.targets(14,5): message :       ResolvePackageDependenciesForBuild;
       C:\Program Files\dotnet\sdk\10.0.102\Sdks\Microsoft.NET.Sdk\targets\Microsoft.NET.Sdk.FrameworkReferenceResolution.targets(14,5): message :       _HandlePackageFileConflicts;
       C:\Program Files\dotnet\sdk\10.0.102\Sdks\Microsoft.NET.Sdk\targets\Microsoft.NET.Sdk.FrameworkReferenceResolution.targets(14,5): message :     ") at C:\Program Files\dotnet\sdk\10.0.102\Sdks\Microsoft.NET.Sdk\targets\Microsoft.NET.Sdk.FrameworkReferenceResolution.targets (14,5)
       C:\Program Files\dotnet\sdk\10.0.102\Sdks\Microsoft.NET.Sdk\targets\Microsoft.NET.Sdk.targets(44,5): message : Property reassignment: $(_GenerateRuntimeConfigurationPropertyInputsCache)="E:\Study_project\C#\FoodStreet\FoodStreet\FoodStreetPoiAdmin\obj\Debug\net10.0\FoodStreetPoiAdmin.genruntimeconfig.cache" (previous value: "obj\Debug\net10.0\FoodStreetPoiAdmin.genruntimeconfig.cache") at C:\Program Files\dotnet\sdk\10.0.102\Sdks\Microsoft.NET.Sdk\targets\Microsoft.NET.Sdk.targets (44,5)
       C:\Program Files\dotnet\sdk\10.0.102\Sdks\Microsoft.NET.Sdk\targets\Microsoft.NET.Sdk.targets(46,5): message : Property reassignment: $(_GeneratePublishDependencyFilePropertyInputsCache)="E:\Study_project\C#\FoodStreet\FoodStreet\FoodStreetPoiAdmin\obj\Debug\net10.0\FoodStreetPoiAdmin.genpublishdeps.cache" (previous value: "obj\Debug\net10.0\FoodStreetPoiAdmin.genpublishdeps.cache") at C:\Program Files\dotnet\sdk\10.0.102\Sdks\Microsoft.NET.Sdk\targets\Microsoft.NET.Sdk.targets (46,5)
       C:\Program Files\dotnet\sdk\10.0.102\Sdks\Microsoft.NET.Sdk\targets\Microsoft.NET.Sdk.targets(48,5): message : Property reassignment: $(_GenerateSingleFileBundlePropertyInputsCache)="E:\Study_project\C#\FoodStreet\FoodStreet\FoodStreetPoiAdmin\obj\Debug\net10.0\FoodStreetPoiAdmin.genbundle.cache" (previous value: "obj\Debug\net10.0\FoodStreetPoiAdmin.genbundle.cache") at C:\Program Files\dotnet\sdk\10.0.102\Sdks\Microsoft.NET.Sdk\targets\Microsoft.NET.Sdk.targets (48,5)
       C:\Program Files\dotnet\sdk\10.0.102\Sdks\Microsoft.NET.Sdk\targets\Microsoft.NET.Sdk.targets(81,5): message : Property reassignment: $(GenerateRuntimeConfigDevFile)="false" (previous value: "true") at C:\Program Files\dotnet\sdk\10.0.102\Sdks\Microsoft.NET.Sdk\targets\Microsoft.NET.Sdk.targets (81,5)
       C:\Program Files\dotnet\sdk\10.0.102\Sdks\Microsoft.NET.Sdk\targets\Microsoft.NET.Sdk.targets(98,5): message : Property reassignment: $(_DefaultUserProfileRuntimeStorePath)="C:\Users\lenovo" (previous value: "") at C:\Program Files\dotnet\sdk\10.0.102\Sdks\Microsoft.NET.Sdk\targets\Microsoft.NET.Sdk.targets (98,5)
       C:\Program Files\dotnet\sdk\10.0.102\Sdks\Microsoft.NET.Sdk\targets\Microsoft.NET.Sdk.targets(99,5): message : Property reassignment: $(_DefaultUserProfileRuntimeStorePath)="C:\Users\lenovo\.dotnet\store" (previous value: "C:\Users\lenovo") at C:\Program Files\dotnet\sdk\10.0.102\Sdks\Microsoft.NET.Sdk\targets\Microsoft.NET.Sdk.targets (99,5)
       C:\Program Files\dotnet\sdk\10.0.102\Sdks\Microsoft.NET.Sdk\targets\Microsoft.NET.Sdk.targets(144,5): message : Property reassignment: $(AvailablePlatforms)="Any CPU,x86,x64,ARM32" (previous value: "Any CPU,x86,x64") at C:\Program Files\dotnet\sdk\10.0.102\Sdks\Microsoft.NET.Sdk\targets\Microsoft.NET.Sdk.targets (144,5)
       C:\Program Files\dotnet\sdk\10.0.102\Sdks\Microsoft.NET.Sdk\targets\Microsoft.NET.Sdk.targets(148,5): message : Property reassignment: $(AvailablePlatforms)="Any CPU,x86,x64,ARM32,ARM64" (previous value: "Any CPU,x86,x64,ARM32") at C:\Program Files\dotnet\sdk\10.0.102\Sdks\Microsoft.NET.Sdk\targets\Microsoft.NET.Sdk.targets (148,5)
       C:\Program Files\dotnet\sdk\10.0.102\Sdks\Microsoft.NET.Sdk\targets\Microsoft.NET.Sdk.targets(204,5): message : Property reassignment: $(CoreBuildDependsOn)="
       C:\Program Files\dotnet\sdk\10.0.102\Sdks\Microsoft.NET.Sdk\targets\Microsoft.NET.Sdk.targets(204,5): message :       _CheckForBuildWithNoBuild;
       C:\Program Files\dotnet\sdk\10.0.102\Sdks\Microsoft.NET.Sdk\targets\Microsoft.NET.Sdk.targets(204,5): message :       
       C:\Program Files\dotnet\sdk\10.0.102\Sdks\Microsoft.NET.Sdk\targets\Microsoft.NET.Sdk.targets(204,5): message :       BuildOnlySettings;
       C:\Program Files\dotnet\sdk\10.0.102\Sdks\Microsoft.NET.Sdk\targets\Microsoft.NET.Sdk.targets(204,5): message :       PrepareForBuild;
       C:\Program Files\dotnet\sdk\10.0.102\Sdks\Microsoft.NET.Sdk\targets\Microsoft.NET.Sdk.targets(204,5): message :       PreBuildEvent;
       C:\Program Files\dotnet\sdk\10.0.102\Sdks\Microsoft.NET.Sdk\targets\Microsoft.NET.Sdk.targets(204,5): message :       ResolveReferences;
       C:\Program Files\dotnet\sdk\10.0.102\Sdks\Microsoft.NET.Sdk\targets\Microsoft.NET.Sdk.targets(204,5): message :       PrepareResources;
       C:\Program Files\dotnet\sdk\10.0.102\Sdks\Microsoft.NET.Sdk\targets\Microsoft.NET.Sdk.targets(204,5): message :       ResolveKeySource;
       C:\Program Files\dotnet\sdk\10.0.102\Sdks\Microsoft.NET.Sdk\targets\Microsoft.NET.Sdk.targets(204,5): message :       Compile;
       C:\Program Files\dotnet\sdk\10.0.102\Sdks\Microsoft.NET.Sdk\targets\Microsoft.NET.Sdk.targets(204,5): message :       ExportWindowsMDFile;
       C:\Program Files\dotnet\sdk\10.0.102\Sdks\Microsoft.NET.Sdk\targets\Microsoft.NET.Sdk.targets(204,5): message :       UnmanagedUnregistration;
       C:\Program Files\dotnet\sdk\10.0.102\Sdks\Microsoft.NET.Sdk\targets\Microsoft.NET.Sdk.targets(204,5): message :       GenerateSerializationAssemblies;
       C:\Program Files\dotnet\sdk\10.0.102\Sdks\Microsoft.NET.Sdk\targets\Microsoft.NET.Sdk.targets(204,5): message :       CreateSatelliteAssemblies;
       C:\Program Files\dotnet\sdk\10.0.102\Sdks\Microsoft.NET.Sdk\targets\Microsoft.NET.Sdk.targets(204,5): message :       GenerateManifests;
       C:\Program Files\dotnet\sdk\10.0.102\Sdks\Microsoft.NET.Sdk\targets\Microsoft.NET.Sdk.targets(204,5): message :       GetTargetPath;
       C:\Program Files\dotnet\sdk\10.0.102\Sdks\Microsoft.NET.Sdk\targets\Microsoft.NET.Sdk.targets(204,5): message :       PrepareForRun;
       C:\Program Files\dotnet\sdk\10.0.102\Sdks\Microsoft.NET.Sdk\targets\Microsoft.NET.Sdk.targets(204,5): message :       UnmanagedRegistration;
       C:\Program Files\dotnet\sdk\10.0.102\Sdks\Microsoft.NET.Sdk\targets\Microsoft.NET.Sdk.targets(204,5): message :       IncrementalClean;
       C:\Program Files\dotnet\sdk\10.0.102\Sdks\Microsoft.NET.Sdk\targets\Microsoft.NET.Sdk.targets(204,5): message :       PostBuildEvent
       C:\Program Files\dotnet\sdk\10.0.102\Sdks\Microsoft.NET.Sdk\targets\Microsoft.NET.Sdk.targets(204,5): message :     ;
       C:\Program Files\dotnet\sdk\10.0.102\Sdks\Microsoft.NET.Sdk\targets\Microsoft.NET.Sdk.targets(204,5): message :       GenerateBuildDependencyFile;
       C:\Program Files\dotnet\sdk\10.0.102\Sdks\Microsoft.NET.Sdk\targets\Microsoft.NET.Sdk.targets(204,5): message :       GenerateBuildRuntimeConfigurationFiles
       C:\Program Files\dotnet\sdk\10.0.102\Sdks\Microsoft.NET.Sdk\targets\Microsoft.NET.Sdk.targets(204,5): message :     " (previous value: "
       C:\Program Files\dotnet\sdk\10.0.102\Sdks\Microsoft.NET.Sdk\targets\Microsoft.NET.Sdk.targets(204,5): message :       BuildOnlySettings;
       C:\Program Files\dotnet\sdk\10.0.102\Sdks\Microsoft.NET.Sdk\targets\Microsoft.NET.Sdk.targets(204,5): message :       PrepareForBuild;
       C:\Program Files\dotnet\sdk\10.0.102\Sdks\Microsoft.NET.Sdk\targets\Microsoft.NET.Sdk.targets(204,5): message :       PreBuildEvent;
       C:\Program Files\dotnet\sdk\10.0.102\Sdks\Microsoft.NET.Sdk\targets\Microsoft.NET.Sdk.targets(204,5): message :       ResolveReferences;
       C:\Program Files\dotnet\sdk\10.0.102\Sdks\Microsoft.NET.Sdk\targets\Microsoft.NET.Sdk.targets(204,5): message :       PrepareResources;
       C:\Program Files\dotnet\sdk\10.0.102\Sdks\Microsoft.NET.Sdk\targets\Microsoft.NET.Sdk.targets(204,5): message :       ResolveKeySource;
       C:\Program Files\dotnet\sdk\10.0.102\Sdks\Microsoft.NET.Sdk\targets\Microsoft.NET.Sdk.targets(204,5): message :       Compile;
       C:\Program Files\dotnet\sdk\10.0.102\Sdks\Microsoft.NET.Sdk\targets\Microsoft.NET.Sdk.targets(204,5): message :       ExportWindowsMDFile;
       C:\Program Files\dotnet\sdk\10.0.102\Sdks\Microsoft.NET.Sdk\targets\Microsoft.NET.Sdk.targets(204,5): message :       UnmanagedUnregistration;
       C:\Program Files\dotnet\sdk\10.0.102\Sdks\Microsoft.NET.Sdk\targets\Microsoft.NET.Sdk.targets(204,5): message :       GenerateSerializationAssemblies;
       C:\Program Files\dotnet\sdk\10.0.102\Sdks\Microsoft.NET.Sdk\targets\Microsoft.NET.Sdk.targets(204,5): message :       CreateSatelliteAssemblies;
       C:\Program Files\dotnet\sdk\10.0.102\Sdks\Microsoft.NET.Sdk\targets\Microsoft.NET.Sdk.targets(204,5): message :       GenerateManifests;
       C:\Program Files\dotnet\sdk\10.0.102\Sdks\Microsoft.NET.Sdk\targets\Microsoft.NET.Sdk.targets(204,5): message :       GetTargetPath;
       C:\Program Files\dotnet\sdk\10.0.102\Sdks\Microsoft.NET.Sdk\targets\Microsoft.NET.Sdk.targets(204,5): message :       PrepareForRun;
       C:\Program Files\dotnet\sdk\10.0.102\Sdks\Microsoft.NET.Sdk\targets\Microsoft.NET.Sdk.targets(204,5): message :       UnmanagedRegistration;
       C:\Program Files\dotnet\sdk\10.0.102\Sdks\Microsoft.NET.Sdk\targets\Microsoft.NET.Sdk.targets(204,5): message :       IncrementalClean;
       C:\Program Files\dotnet\sdk\10.0.102\Sdks\Microsoft.NET.Sdk\targets\Microsoft.NET.Sdk.targets(204,5): message :       PostBuildEvent
       C:\Program Files\dotnet\sdk\10.0.102\Sdks\Microsoft.NET.Sdk\targets\Microsoft.NET.Sdk.targets(204,5): message :     ") at C:\Program Files\dotnet\sdk\10.0.102\Sdks\Microsoft.NET.Sdk\targets\Microsoft.NET.Sdk.targets (204,5)
       C:\Program Files\dotnet\sdk\10.0.102\Sdks\Microsoft.NET.Sdk\targets\Microsoft.NET.Sdk.targets(213,5): message : Property reassignment: $(CoreCleanDependsOn)="
       C:\Program Files\dotnet\sdk\10.0.102\Sdks\Microsoft.NET.Sdk\targets\Microsoft.NET.Sdk.targets(213,5): message :       _SdkBeforeClean;
       C:\Program Files\dotnet\sdk\10.0.102\Sdks\Microsoft.NET.Sdk\targets\Microsoft.NET.Sdk.targets(213,5): message :       
       C:\Program Files\dotnet\sdk\10.0.102\Sdks\Microsoft.NET.Sdk\targets\Microsoft.NET.Sdk.targets(213,5): message :     " (previous value: "") at C:\Program Files\dotnet\sdk\10.0.102\Sdks\Microsoft.NET.Sdk\targets\Microsoft.NET.Sdk.targets (213,5)
       C:\Program Files\dotnet\sdk\10.0.102\Sdks\Microsoft.NET.Sdk\targets\Microsoft.NET.Sdk.targets(220,5): message : Property reassignment: $(RebuildDependsOn)="
       C:\Program Files\dotnet\sdk\10.0.102\Sdks\Microsoft.NET.Sdk\targets\Microsoft.NET.Sdk.targets(220,5): message :       _SdkBeforeRebuild;
       C:\Program Files\dotnet\sdk\10.0.102\Sdks\Microsoft.NET.Sdk\targets\Microsoft.NET.Sdk.targets(220,5): message :       
       C:\Program Files\dotnet\sdk\10.0.102\Sdks\Microsoft.NET.Sdk\targets\Microsoft.NET.Sdk.targets(220,5): message :       BeforeRebuild;
       C:\Program Files\dotnet\sdk\10.0.102\Sdks\Microsoft.NET.Sdk\targets\Microsoft.NET.Sdk.targets(220,5): message :       Clean;
       C:\Program Files\dotnet\sdk\10.0.102\Sdks\Microsoft.NET.Sdk\targets\Microsoft.NET.Sdk.targets(220,5): message :       Build;
       C:\Program Files\dotnet\sdk\10.0.102\Sdks\Microsoft.NET.Sdk\targets\Microsoft.NET.Sdk.targets(220,5): message :       AfterRebuild;
       C:\Program Files\dotnet\sdk\10.0.102\Sdks\Microsoft.NET.Sdk\targets\Microsoft.NET.Sdk.targets(220,5): message :     
       C:\Program Files\dotnet\sdk\10.0.102\Sdks\Microsoft.NET.Sdk\targets\Microsoft.NET.Sdk.targets(220,5): message :     " (previous value: "
       C:\Program Files\dotnet\sdk\10.0.102\Sdks\Microsoft.NET.Sdk\targets\Microsoft.NET.Sdk.targets(220,5): message :       BeforeRebuild;
       C:\Program Files\dotnet\sdk\10.0.102\Sdks\Microsoft.NET.Sdk\targets\Microsoft.NET.Sdk.targets(220,5): message :       Clean;
       C:\Program Files\dotnet\sdk\10.0.102\Sdks\Microsoft.NET.Sdk\targets\Microsoft.NET.Sdk.targets(220,5): message :       Build;
       C:\Program Files\dotnet\sdk\10.0.102\Sdks\Microsoft.NET.Sdk\targets\Microsoft.NET.Sdk.targets(220,5): message :       AfterRebuild;
       C:\Program Files\dotnet\sdk\10.0.102\Sdks\Microsoft.NET.Sdk\targets\Microsoft.NET.Sdk.targets(220,5): message :     ") at C:\Program Files\dotnet\sdk\10.0.102\Sdks\Microsoft.NET.Sdk\targets\Microsoft.NET.Sdk.targets (220,5)
       C:\Program Files\dotnet\sdk\10.0.102\Sdks\Microsoft.NET.Sdk\targets\Microsoft.NET.Sdk.targets(799,5): message : Property reassignment: $(CompileDependsOn)="
       C:\Program Files\dotnet\sdk\10.0.102\Sdks\Microsoft.NET.Sdk\targets\Microsoft.NET.Sdk.targets(799,5): message :       
       C:\Program Files\dotnet\sdk\10.0.102\Sdks\Microsoft.NET.Sdk\targets\Microsoft.NET.Sdk.targets(799,5): message :       ResolveReferences;
       C:\Program Files\dotnet\sdk\10.0.102\Sdks\Microsoft.NET.Sdk\targets\Microsoft.NET.Sdk.targets(799,5): message :       ResolveKeySource;
       C:\Program Files\dotnet\sdk\10.0.102\Sdks\Microsoft.NET.Sdk\targets\Microsoft.NET.Sdk.targets(799,5): message :       SetWin32ManifestProperties;
       C:\Program Files\dotnet\sdk\10.0.102\Sdks\Microsoft.NET.Sdk\targets\Microsoft.NET.Sdk.targets(799,5): message :       _SetPreferNativeArm64Win32ManifestProperties;
       C:\Program Files\dotnet\sdk\10.0.102\Sdks\Microsoft.NET.Sdk\targets\Microsoft.NET.Sdk.targets(799,5): message :       FindReferenceAssembliesForReferences;
       C:\Program Files\dotnet\sdk\10.0.102\Sdks\Microsoft.NET.Sdk\targets\Microsoft.NET.Sdk.targets(799,5): message :       _GenerateCompileInputs;
       C:\Program Files\dotnet\sdk\10.0.102\Sdks\Microsoft.NET.Sdk\targets\Microsoft.NET.Sdk.targets(799,5): message :       BeforeCompile;
       C:\Program Files\dotnet\sdk\10.0.102\Sdks\Microsoft.NET.Sdk\targets\Microsoft.NET.Sdk.targets(799,5): message :       _TimeStampBeforeCompile;
       C:\Program Files\dotnet\sdk\10.0.102\Sdks\Microsoft.NET.Sdk\targets\Microsoft.NET.Sdk.targets(799,5): message :       _GenerateCompileDependencyCache;
       C:\Program Files\dotnet\sdk\10.0.102\Sdks\Microsoft.NET.Sdk\targets\Microsoft.NET.Sdk.targets(799,5): message :       CoreCompile;
       C:\Program Files\dotnet\sdk\10.0.102\Sdks\Microsoft.NET.Sdk\targets\Microsoft.NET.Sdk.targets(799,5): message :       _TimeStampAfterCompile;
       C:\Program Files\dotnet\sdk\10.0.102\Sdks\Microsoft.NET.Sdk\targets\Microsoft.NET.Sdk.targets(799,5): message :       AfterCompile;
       C:\Program Files\dotnet\sdk\10.0.102\Sdks\Microsoft.NET.Sdk\targets\Microsoft.NET.Sdk.targets(799,5): message :     ;
       C:\Program Files\dotnet\sdk\10.0.102\Sdks\Microsoft.NET.Sdk\targets\Microsoft.NET.Sdk.targets(799,5): message :       _CreateAppHost;
       C:\Program Files\dotnet\sdk\10.0.102\Sdks\Microsoft.NET.Sdk\targets\Microsoft.NET.Sdk.targets(799,5): message :       _CreateComHost;
       C:\Program Files\dotnet\sdk\10.0.102\Sdks\Microsoft.NET.Sdk\targets\Microsoft.NET.Sdk.targets(799,5): message :       _GetIjwHostPaths;
       C:\Program Files\dotnet\sdk\10.0.102\Sdks\Microsoft.NET.Sdk\targets\Microsoft.NET.Sdk.targets(799,5): message :     " (previous value: "
       C:\Program Files\dotnet\sdk\10.0.102\Sdks\Microsoft.NET.Sdk\targets\Microsoft.NET.Sdk.targets(799,5): message :       ResolveReferences;
       C:\Program Files\dotnet\sdk\10.0.102\Sdks\Microsoft.NET.Sdk\targets\Microsoft.NET.Sdk.targets(799,5): message :       ResolveKeySource;
       C:\Program Files\dotnet\sdk\10.0.102\Sdks\Microsoft.NET.Sdk\targets\Microsoft.NET.Sdk.targets(799,5): message :       SetWin32ManifestProperties;
       C:\Program Files\dotnet\sdk\10.0.102\Sdks\Microsoft.NET.Sdk\targets\Microsoft.NET.Sdk.targets(799,5): message :       _SetPreferNativeArm64Win32ManifestProperties;
       C:\Program Files\dotnet\sdk\10.0.102\Sdks\Microsoft.NET.Sdk\targets\Microsoft.NET.Sdk.targets(799,5): message :       FindReferenceAssembliesForReferences;
       C:\Program Files\dotnet\sdk\10.0.102\Sdks\Microsoft.NET.Sdk\targets\Microsoft.NET.Sdk.targets(799,5): message :       _GenerateCompileInputs;
       C:\Program Files\dotnet\sdk\10.0.102\Sdks\Microsoft.NET.Sdk\targets\Microsoft.NET.Sdk.targets(799,5): message :       BeforeCompile;
       C:\Program Files\dotnet\sdk\10.0.102\Sdks\Microsoft.NET.Sdk\targets\Microsoft.NET.Sdk.targets(799,5): message :       _TimeStampBeforeCompile;
       C:\Program Files\dotnet\sdk\10.0.102\Sdks\Microsoft.NET.Sdk\targets\Microsoft.NET.Sdk.targets(799,5): message :       _GenerateCompileDependencyCache;
       C:\Program Files\dotnet\sdk\10.0.102\Sdks\Microsoft.NET.Sdk\targets\Microsoft.NET.Sdk.targets(799,5): message :       CoreCompile;
       C:\Program Files\dotnet\sdk\10.0.102\Sdks\Microsoft.NET.Sdk\targets\Microsoft.NET.Sdk.targets(799,5): message :       _TimeStampAfterCompile;
       C:\Program Files\dotnet\sdk\10.0.102\Sdks\Microsoft.NET.Sdk\targets\Microsoft.NET.Sdk.targets(799,5): message :       AfterCompile;
       C:\Program Files\dotnet\sdk\10.0.102\Sdks\Microsoft.NET.Sdk\targets\Microsoft.NET.Sdk.targets(799,5): message :     ") at C:\Program Files\dotnet\sdk\10.0.102\Sdks\Microsoft.NET.Sdk\targets\Microsoft.NET.Sdk.targets (799,5)
       C:\Program Files\dotnet\sdk\10.0.102\Sdks\Microsoft.NET.Sdk\targets\Microsoft.NET.Sdk.targets(1131,5): message : Property reassignment: $(CreateSatelliteAssembliesDependsOn)="
       C:\Program Files\dotnet\sdk\10.0.102\Sdks\Microsoft.NET.Sdk\targets\Microsoft.NET.Sdk.targets(1131,5): message :       
       C:\Program Files\dotnet\sdk\10.0.102\Sdks\Microsoft.NET.Sdk\targets\Microsoft.NET.Sdk.targets(1131,5): message :       ;
       C:\Program Files\dotnet\sdk\10.0.102\Sdks\Microsoft.NET.Sdk\targets\Microsoft.NET.Sdk.targets(1131,5): message :       _GenerateSatelliteAssemblyInputs;
       C:\Program Files\dotnet\sdk\10.0.102\Sdks\Microsoft.NET.Sdk\targets\Microsoft.NET.Sdk.targets(1131,5): message :       ComputeIntermediateSatelliteAssemblies;
       C:\Program Files\dotnet\sdk\10.0.102\Sdks\Microsoft.NET.Sdk\targets\Microsoft.NET.Sdk.targets(1131,5): message :       GenerateSatelliteAssemblies
       C:\Program Files\dotnet\sdk\10.0.102\Sdks\Microsoft.NET.Sdk\targets\Microsoft.NET.Sdk.targets(1131,5): message :     ;
       C:\Program Files\dotnet\sdk\10.0.102\Sdks\Microsoft.NET.Sdk\targets\Microsoft.NET.Sdk.targets(1131,5): message :       CoreGenerateSatelliteAssemblies
       C:\Program Files\dotnet\sdk\10.0.102\Sdks\Microsoft.NET.Sdk\targets\Microsoft.NET.Sdk.targets(1131,5): message :     " (previous value: "
       C:\Program Files\dotnet\sdk\10.0.102\Sdks\Microsoft.NET.Sdk\targets\Microsoft.NET.Sdk.targets(1131,5): message :       ;
       C:\Program Files\dotnet\sdk\10.0.102\Sdks\Microsoft.NET.Sdk\targets\Microsoft.NET.Sdk.targets(1131,5): message :       _GenerateSatelliteAssemblyInputs;
       C:\Program Files\dotnet\sdk\10.0.102\Sdks\Microsoft.NET.Sdk\targets\Microsoft.NET.Sdk.targets(1131,5): message :       ComputeIntermediateSatelliteAssemblies;
       C:\Program Files\dotnet\sdk\10.0.102\Sdks\Microsoft.NET.Sdk\targets\Microsoft.NET.Sdk.targets(1131,5): message :       GenerateSatelliteAssemblies
       C:\Program Files\dotnet\sdk\10.0.102\Sdks\Microsoft.NET.Sdk\targets\Microsoft.NET.Sdk.targets(1131,5): message :     ") at C:\Program Files\dotnet\sdk\10.0.102\Sdks\Microsoft.NET.Sdk\targets\Microsoft.NET.Sdk.targets (1131,5)
       C:\Program Files\dotnet\sdk\10.0.102\Sdks\Microsoft.SourceLink.GitLab\build\Microsoft.SourceLink.GitLab.targets(12,5): message : Property reassignment: $(SourceLinkUrlInitializerTargets)=";_InitializeGitHubSourceLinkUrl;_InitializeGitLabSourceLinkUrl" (previous value: ";_InitializeGitHubSourceLinkUrl") at C:\Program Files\dotnet\sdk\10.0.102\Sdks\Microsoft.SourceLink.GitLab\build\Microsoft.SourceLink.GitLab.targets (12,5)
       C:\Program Files\dotnet\sdk\10.0.102\Sdks\Microsoft.SourceLink.GitLab\build\Microsoft.SourceLink.GitLab.targets(13,5): message : Property reassignment: $(SourceControlManagerUrlTranslationTargets)=";TranslateGitHubUrlsInSourceControlInformation;TranslateGitLabUrlsInSourceControlInformation" (previous value: ";TranslateGitHubUrlsInSourceControlInformation") at C:\Program Files\dotnet\sdk\10.0.102\Sdks\Microsoft.SourceLink.GitLab\build\Microsoft.SourceLink.GitLab.targets (13,5)
       C:\Program Files\dotnet\sdk\10.0.102\Sdks\Microsoft.SourceLink.AzureRepos.Git\build\Microsoft.SourceLink.AzureRepos.Git.targets(12,5): message : Property reassignment: $(SourceLinkUrlInitializerTargets)=";_InitializeGitHubSourceLinkUrl;_InitializeGitLabSourceLinkUrl;_InitializeAzureReposGitSourceLinkUrl" (previous value: ";_InitializeGitHubSourceLinkUrl;_InitializeGitLabSourceLinkUrl") at C:\Program Files\dotnet\sdk\10.0.102\Sdks\Microsoft.SourceLink.AzureRepos.Git\build\Microsoft.SourceLink.AzureRepos.Git.targets (12,5)
       C:\Program Files\dotnet\sdk\10.0.102\Sdks\Microsoft.SourceLink.AzureRepos.Git\build\Microsoft.SourceLink.AzureRepos.Git.targets(13,5): message : Property reassignment: $(SourceControlManagerUrlTranslationTargets)=";TranslateGitHubUrlsInSourceControlInformation;TranslateGitLabUrlsInSourceControlInformation;TranslateAzureReposGitUrlsInSourceControlInformation" (previous value: ";TranslateGitHubUrlsInSourceControlInformation;TranslateGitLabUrlsInSourceControlInformation") at C:\Program Files\dotnet\sdk\10.0.102\Sdks\Microsoft.SourceLink.AzureRepos.Git\build\Microsoft.SourceLink.AzureRepos.Git.targets (13,5)
       C:\Program Files\dotnet\sdk\10.0.102\Sdks\Microsoft.SourceLink.Bitbucket.Git\build\Microsoft.SourceLink.Bitbucket.Git.targets(12,5): message : Property reassignment: $(SourceLinkUrlInitializerTargets)=";_InitializeGitHubSourceLinkUrl;_InitializeGitLabSourceLinkUrl;_InitializeAzureReposGitSourceLinkUrl;_InitializeBitbucketGitSourceLinkUrl" (previous value: ";_InitializeGitHubSourceLinkUrl;_InitializeGitLabSourceLinkUrl;_InitializeAzureReposGitSourceLinkUrl") at C:\Program Files\dotnet\sdk\10.0.102\Sdks\Microsoft.SourceLink.Bitbucket.Git\build\Microsoft.SourceLink.Bitbucket.Git.targets (12,5)
       C:\Program Files\dotnet\sdk\10.0.102\Sdks\Microsoft.SourceLink.Bitbucket.Git\build\Microsoft.SourceLink.Bitbucket.Git.targets(13,5): message : Property reassignment: $(SourceControlManagerUrlTranslationTargets)=";TranslateGitHubUrlsInSourceControlInformation;TranslateGitLabUrlsInSourceControlInformation;TranslateAzureReposGitUrlsInSourceControlInformation;TranslateBitbucketGitUrlsInSourceControlInformation" (previous value: ";TranslateGitHubUrlsInSourceControlInformation;TranslateGitLabUrlsInSourceControlInformation;TranslateAzureReposGitUrlsInSourceControlInformation") at C:\Program Files\dotnet\sdk\10.0.102\Sdks\Microsoft.SourceLink.Bitbucket.Git\build\Microsoft.SourceLink.Bitbucket.Git.targets (13,5)
       C:\Program Files\dotnet\sdk\10.0.102\Sdks\Microsoft.NET.Sdk\targets\Microsoft.NET.DesignerSupport.targets(21,5): message : Property reassignment: $(DesignerRuntimeImplementationProjectOutputGroupDependsOn)="
       C:\Program Files\dotnet\sdk\10.0.102\Sdks\Microsoft.NET.Sdk\targets\Microsoft.NET.DesignerSupport.targets(21,5): message :       
       C:\Program Files\dotnet\sdk\10.0.102\Sdks\Microsoft.NET.Sdk\targets\Microsoft.NET.DesignerSupport.targets(21,5): message :       ;
       C:\Program Files\dotnet\sdk\10.0.102\Sdks\Microsoft.NET.Sdk\targets\Microsoft.NET.DesignerSupport.targets(21,5): message :       
       C:\Program Files\dotnet\sdk\10.0.102\Sdks\Microsoft.NET.Sdk\targets\Microsoft.NET.DesignerSupport.targets(21,5): message :       ;
       C:\Program Files\dotnet\sdk\10.0.102\Sdks\Microsoft.NET.Sdk\targets\Microsoft.NET.DesignerSupport.targets(21,5): message :       BuildOnlySettings;
       C:\Program Files\dotnet\sdk\10.0.102\Sdks\Microsoft.NET.Sdk\targets\Microsoft.NET.DesignerSupport.targets(21,5): message :       PrepareForBuild;
       C:\Program Files\dotnet\sdk\10.0.102\Sdks\Microsoft.NET.Sdk\targets\Microsoft.NET.DesignerSupport.targets(21,5): message :       AssignTargetPaths;
       C:\Program Files\dotnet\sdk\10.0.102\Sdks\Microsoft.NET.Sdk\targets\Microsoft.NET.DesignerSupport.targets(21,5): message :       ResolveReferences
       C:\Program Files\dotnet\sdk\10.0.102\Sdks\Microsoft.NET.Sdk\targets\Microsoft.NET.DesignerSupport.targets(21,5): message :     
       C:\Program Files\dotnet\sdk\10.0.102\Sdks\Microsoft.NET.Sdk\targets\Microsoft.NET.DesignerSupport.targets(21,5): message :     ;
       C:\Program Files\dotnet\sdk\10.0.102\Sdks\Microsoft.NET.Sdk\targets\Microsoft.NET.DesignerSupport.targets(21,5): message :       _GenerateDesignerDepsFile;
       C:\Program Files\dotnet\sdk\10.0.102\Sdks\Microsoft.NET.Sdk\targets\Microsoft.NET.DesignerSupport.targets(21,5): message :       _GenerateDesignerRuntimeConfigFile;
       C:\Program Files\dotnet\sdk\10.0.102\Sdks\Microsoft.NET.Sdk\targets\Microsoft.NET.DesignerSupport.targets(21,5): message :       GetCopyToOutputDirectoryItems;
       C:\Program Files\dotnet\sdk\10.0.102\Sdks\Microsoft.NET.Sdk\targets\Microsoft.NET.DesignerSupport.targets(21,5): message :       _GatherDesignerShadowCopyFiles;
       C:\Program Files\dotnet\sdk\10.0.102\Sdks\Microsoft.NET.Sdk\targets\Microsoft.NET.DesignerSupport.targets(21,5): message :     " (previous value: "
       C:\Program Files\dotnet\sdk\10.0.102\Sdks\Microsoft.NET.Sdk\targets\Microsoft.NET.DesignerSupport.targets(21,5): message :       ;
       C:\Program Files\dotnet\sdk\10.0.102\Sdks\Microsoft.NET.Sdk\targets\Microsoft.NET.DesignerSupport.targets(21,5): message :       
       C:\Program Files\dotnet\sdk\10.0.102\Sdks\Microsoft.NET.Sdk\targets\Microsoft.NET.DesignerSupport.targets(21,5): message :       ;
       C:\Program Files\dotnet\sdk\10.0.102\Sdks\Microsoft.NET.Sdk\targets\Microsoft.NET.DesignerSupport.targets(21,5): message :       BuildOnlySettings;
       C:\Program Files\dotnet\sdk\10.0.102\Sdks\Microsoft.NET.Sdk\targets\Microsoft.NET.DesignerSupport.targets(21,5): message :       PrepareForBuild;
       C:\Program Files\dotnet\sdk\10.0.102\Sdks\Microsoft.NET.Sdk\targets\Microsoft.NET.DesignerSupport.targets(21,5): message :       AssignTargetPaths;
       C:\Program Files\dotnet\sdk\10.0.102\Sdks\Microsoft.NET.Sdk\targets\Microsoft.NET.DesignerSupport.targets(21,5): message :       ResolveReferences
       C:\Program Files\dotnet\sdk\10.0.102\Sdks\Microsoft.NET.Sdk\targets\Microsoft.NET.DesignerSupport.targets(21,5): message :     
       C:\Program Files\dotnet\sdk\10.0.102\Sdks\Microsoft.NET.Sdk\targets\Microsoft.NET.DesignerSupport.targets(21,5): message :     ") at C:\Program Files\dotnet\sdk\10.0.102\Sdks\Microsoft.NET.Sdk\targets\Microsoft.NET.DesignerSupport.targets (21,5)
       C:\Program Files\dotnet\sdk\10.0.102\Sdks\Microsoft.NET.Sdk\targets\Microsoft.NET.Sdk.CSharp.targets(31,5): message : Property reassignment: $(DefineConstants)="TRACE;DEBUG" (previous value: "TRACE") at C:\Program Files\dotnet\sdk\10.0.102\Sdks\Microsoft.NET.Sdk\targets\Microsoft.NET.Sdk.CSharp.targets (31,5)
       C:\Program Files\dotnet\sdk\10.0.102\Sdks\Microsoft.NET.Sdk\targets\Microsoft.NET.Sdk.CSharp.targets(45,5): message : Property reassignment: $(WarningsAsErrors)=";NU1605;SYSLIB0011" (previous value: ";NU1605") at C:\Program Files\dotnet\sdk\10.0.102\Sdks\Microsoft.NET.Sdk\targets\Microsoft.NET.Sdk.CSharp.targets (45,5)
       C:\Program Files\dotnet\sdk\10.0.102\NuGet.Build.Tasks.Pack.targets(34,5): message : Property reassignment: $(PackageDescription)="Package Description" (previous value: "") at C:\Program Files\dotnet\sdk\10.0.102\NuGet.Build.Tasks.Pack.targets (34,5)
       C:\Program Files\dotnet\sdk\10.0.102\NuGet.Build.Tasks.Pack.targets(59,5): message : Property reassignment: $(GenerateNuspecDependsOn)="Build;_LoadPackInputItems; _GetTargetFrameworksOutput; _WalkEachTargetPerFramework; _GetPackageFiles; " (previous value: "_LoadPackInputItems; _GetTargetFrameworksOutput; _WalkEachTargetPerFramework; _GetPackageFiles; ") at C:\Program Files\dotnet\sdk\10.0.102\NuGet.Build.Tasks.Pack.targets (59,5)
       C:\Program Files\dotnet\sdk\10.0.102\Sdks\Microsoft.NET.Sdk\Sdk\Sdk.targets(59,5): message : Property reassignment: $(_IsNotSetContainersTargetsDir)="true" (previous value: "false") at C:\Program Files\dotnet\sdk\10.0.102\Sdks\Microsoft.NET.Sdk\Sdk\Sdk.targets (59,5)
       C:\Program Files\dotnet\sdk\10.0.102\Containers\build\Microsoft.NET.Build.Containers.targets(5,5): message : Property reassignment: $(_IsSDKContainerAllowedVersion)="true" (previous value: "false") at C:\Program Files\dotnet\sdk\10.0.102\Containers\build\Microsoft.NET.Build.Containers.targets (5,5)
       C:\Program Files\dotnet\sdk\10.0.102\Containers\build\Microsoft.NET.Build.Containers.targets(15,5): message : Property reassignment: $(_ContainerIsTargetingNet8TFM)="true" (previous value: "false") at C:\Program Files\dotnet\sdk\10.0.102\Containers\build\Microsoft.NET.Build.Containers.targets (15,5)
       C:\Program Files\dotnet\sdk\10.0.102\Sdks\Microsoft.NET.Sdk.StaticWebAssets\targets\Sdk.StaticWebAssets.CurrentVersion.targets(37,18): message : Property 'DOTNET_HOST_PATH' with value 'C:\Program Files\dotnet\dotnet.exe' expanded from the environment.
       C:\Program Files\dotnet\sdk\10.0.102\Sdks\Microsoft.NET.Sdk.StaticWebAssets\targets\Microsoft.NET.Sdk.StaticWebAssets.targets(286,5): message : Property reassignment: $(PrepareForRunDependsOn)="StaticWebAssetsPrepareForRun;
       C:\Program Files\dotnet\sdk\10.0.102\Sdks\Microsoft.NET.Sdk.StaticWebAssets\targets\Microsoft.NET.Sdk.StaticWebAssets.targets(286,5): message :       CopyFilesToOutputDirectory
       C:\Program Files\dotnet\sdk\10.0.102\Sdks\Microsoft.NET.Sdk.StaticWebAssets\targets\Microsoft.NET.Sdk.StaticWebAssets.targets(286,5): message :     " (previous value: "
       C:\Program Files\dotnet\sdk\10.0.102\Sdks\Microsoft.NET.Sdk.StaticWebAssets\targets\Microsoft.NET.Sdk.StaticWebAssets.targets(286,5): message :       CopyFilesToOutputDirectory
       C:\Program Files\dotnet\sdk\10.0.102\Sdks\Microsoft.NET.Sdk.StaticWebAssets\targets\Microsoft.NET.Sdk.StaticWebAssets.targets(286,5): message :     ") at C:\Program Files\dotnet\sdk\10.0.102\Sdks\Microsoft.NET.Sdk.StaticWebAssets\targets\Microsoft.NET.Sdk.StaticWebAssets.targets (286,5)
       C:\Program Files\dotnet\sdk\10.0.102\Sdks\Microsoft.NET.Sdk.StaticWebAssets\targets\Microsoft.NET.Sdk.StaticWebAssets.targets(323,5): message : Property reassignment: $(GetCopyToOutputDirectoryItemsDependsOn)="
       C:\Program Files\dotnet\sdk\10.0.102\Sdks\Microsoft.NET.Sdk.StaticWebAssets\targets\Microsoft.NET.Sdk.StaticWebAssets.targets(323,5): message :       AssignTargetPaths;
       C:\Program Files\dotnet\sdk\10.0.102\Sdks\Microsoft.NET.Sdk.StaticWebAssets\targets\Microsoft.NET.Sdk.StaticWebAssets.targets(323,5): message :       
       C:\Program Files\dotnet\sdk\10.0.102\Sdks\Microsoft.NET.Sdk.StaticWebAssets\targets\Microsoft.NET.Sdk.StaticWebAssets.targets(323,5): message :       AssignProjectConfiguration;
       C:\Program Files\dotnet\sdk\10.0.102\Sdks\Microsoft.NET.Sdk.StaticWebAssets\targets\Microsoft.NET.Sdk.StaticWebAssets.targets(323,5): message :       _SplitProjectReferencesByFileExistence
       C:\Program Files\dotnet\sdk\10.0.102\Sdks\Microsoft.NET.Sdk.StaticWebAssets\targets\Microsoft.NET.Sdk.StaticWebAssets.targets(323,5): message :     ;
       C:\Program Files\dotnet\sdk\10.0.102\Sdks\Microsoft.NET.Sdk.StaticWebAssets\targets\Microsoft.NET.Sdk.StaticWebAssets.targets(323,5): message :       _GetProjectReferenceTargetFrameworkProperties;
       C:\Program Files\dotnet\sdk\10.0.102\Sdks\Microsoft.NET.Sdk.StaticWebAssets\targets\Microsoft.NET.Sdk.StaticWebAssets.targets(323,5): message :       _PopulateCommonStateForGetCopyToOutputDirectoryItems
       C:\Program Files\dotnet\sdk\10.0.102\Sdks\Microsoft.NET.Sdk.StaticWebAssets\targets\Microsoft.NET.Sdk.StaticWebAssets.targets(323,5): message :     ;AddStaticWebAssetsManifest;AddStaticWebAssetEndpointsBuildManifest" (previous value: "
       C:\Program Files\dotnet\sdk\10.0.102\Sdks\Microsoft.NET.Sdk.StaticWebAssets\targets\Microsoft.NET.Sdk.StaticWebAssets.targets(323,5): message :       AssignTargetPaths;
       C:\Program Files\dotnet\sdk\10.0.102\Sdks\Microsoft.NET.Sdk.StaticWebAssets\targets\Microsoft.NET.Sdk.StaticWebAssets.targets(323,5): message :       
       C:\Program Files\dotnet\sdk\10.0.102\Sdks\Microsoft.NET.Sdk.StaticWebAssets\targets\Microsoft.NET.Sdk.StaticWebAssets.targets(323,5): message :       AssignProjectConfiguration;
       C:\Program Files\dotnet\sdk\10.0.102\Sdks\Microsoft.NET.Sdk.StaticWebAssets\targets\Microsoft.NET.Sdk.StaticWebAssets.targets(323,5): message :       _SplitProjectReferencesByFileExistence
       C:\Program Files\dotnet\sdk\10.0.102\Sdks\Microsoft.NET.Sdk.StaticWebAssets\targets\Microsoft.NET.Sdk.StaticWebAssets.targets(323,5): message :     ;
       C:\Program Files\dotnet\sdk\10.0.102\Sdks\Microsoft.NET.Sdk.StaticWebAssets\targets\Microsoft.NET.Sdk.StaticWebAssets.targets(323,5): message :       _GetProjectReferenceTargetFrameworkProperties;
       C:\Program Files\dotnet\sdk\10.0.102\Sdks\Microsoft.NET.Sdk.StaticWebAssets\targets\Microsoft.NET.Sdk.StaticWebAssets.targets(323,5): message :       _PopulateCommonStateForGetCopyToOutputDirectoryItems
       C:\Program Files\dotnet\sdk\10.0.102\Sdks\Microsoft.NET.Sdk.StaticWebAssets\targets\Microsoft.NET.Sdk.StaticWebAssets.targets(323,5): message :     ") at C:\Program Files\dotnet\sdk\10.0.102\Sdks\Microsoft.NET.Sdk.StaticWebAssets\targets\Microsoft.NET.Sdk.StaticWebAssets.targets (323,5)
       C:\Program Files\dotnet\sdk\10.0.102\Sdks\Microsoft.NET.Sdk.StaticWebAssets\targets\Microsoft.NET.Sdk.StaticWebAssets.Pack.targets(46,5): message : Property reassignment: $(GenerateNuspecDependsOn)="
       C:\Program Files\dotnet\sdk\10.0.102\Sdks\Microsoft.NET.Sdk.StaticWebAssets\targets\Microsoft.NET.Sdk.StaticWebAssets.Pack.targets(46,5): message :       IncludeStaticWebAssetsPackItems;
       C:\Program Files\dotnet\sdk\10.0.102\Sdks\Microsoft.NET.Sdk.StaticWebAssets\targets\Microsoft.NET.Sdk.StaticWebAssets.Pack.targets(46,5): message :       Build;_LoadPackInputItems; _GetTargetFrameworksOutput; _WalkEachTargetPerFramework; _GetPackageFiles; ;
       C:\Program Files\dotnet\sdk\10.0.102\Sdks\Microsoft.NET.Sdk.StaticWebAssets\targets\Microsoft.NET.Sdk.StaticWebAssets.Pack.targets(46,5): message :     " (previous value: "Build;_LoadPackInputItems; _GetTargetFrameworksOutput; _WalkEachTargetPerFramework; _GetPackageFiles; ") at C:\Program Files\dotnet\sdk\10.0.102\Sdks\Microsoft.NET.Sdk.StaticWebAssets\targets\Microsoft.NET.Sdk.StaticWebAssets.Pack.targets (46,5)
       C:\Program Files\dotnet\sdk\10.0.102\Sdks\Microsoft.NET.Sdk.StaticWebAssets\targets\Microsoft.NET.Sdk.StaticWebAssets.Pack.targets(55,5): message : Property reassignment: $(IncludeStaticWebAssetsPackItemsDependsOn)="
       C:\Program Files\dotnet\sdk\10.0.102\Sdks\Microsoft.NET.Sdk.StaticWebAssets\targets\Microsoft.NET.Sdk.StaticWebAssets.Pack.targets(55,5): message :       Build;
       C:\Program Files\dotnet\sdk\10.0.102\Sdks\Microsoft.NET.Sdk.StaticWebAssets\targets\Microsoft.NET.Sdk.StaticWebAssets.Pack.targets(55,5): message :       ResolveStaticWebAssetsConfiguration;LoadStaticWebAssetsBuildManifest
       C:\Program Files\dotnet\sdk\10.0.102\Sdks\Microsoft.NET.Sdk.StaticWebAssets\targets\Microsoft.NET.Sdk.StaticWebAssets.Pack.targets(55,5): message :     ;
       C:\Program Files\dotnet\sdk\10.0.102\Sdks\Microsoft.NET.Sdk.StaticWebAssets\targets\Microsoft.NET.Sdk.StaticWebAssets.Pack.targets(55,5): message :     " (previous value: "
       C:\Program Files\dotnet\sdk\10.0.102\Sdks\Microsoft.NET.Sdk.StaticWebAssets\targets\Microsoft.NET.Sdk.StaticWebAssets.Pack.targets(55,5): message :       ResolveStaticWebAssetsConfiguration;LoadStaticWebAssetsBuildManifest
       C:\Program Files\dotnet\sdk\10.0.102\Sdks\Microsoft.NET.Sdk.StaticWebAssets\targets\Microsoft.NET.Sdk.StaticWebAssets.Pack.targets(55,5): message :     ") at C:\Program Files\dotnet\sdk\10.0.102\Sdks\Microsoft.NET.Sdk.StaticWebAssets\targets\Microsoft.NET.Sdk.StaticWebAssets.Pack.targets (55,5)
       C:\Program Files\dotnet\sdk\10.0.102\Sdks\Microsoft.NET.Sdk.StaticWebAssets\targets\Microsoft.NET.Sdk.StaticWebAssets.ScopedCss.targets(55,3): message : Property reassignment: $(ResolveStaticWebAssetsInputsDependsOn)="
       C:\Program Files\dotnet\sdk\10.0.102\Sdks\Microsoft.NET.Sdk.StaticWebAssets\targets\Microsoft.NET.Sdk.StaticWebAssets.ScopedCss.targets(55,3): message :     
       C:\Program Files\dotnet\sdk\10.0.102\Sdks\Microsoft.NET.Sdk.StaticWebAssets\targets\Microsoft.NET.Sdk.StaticWebAssets.ScopedCss.targets(55,3): message :       ResolveCoreStaticWebAssets;
       C:\Program Files\dotnet\sdk\10.0.102\Sdks\Microsoft.NET.Sdk.StaticWebAssets\targets\Microsoft.NET.Sdk.StaticWebAssets.ScopedCss.targets(55,3): message :       GenerateComputedBuildStaticWebAssets;
       C:\Program Files\dotnet\sdk\10.0.102\Sdks\Microsoft.NET.Sdk.StaticWebAssets\targets\Microsoft.NET.Sdk.StaticWebAssets.ScopedCss.targets(55,3): message :       
       C:\Program Files\dotnet\sdk\10.0.102\Sdks\Microsoft.NET.Sdk.StaticWebAssets\targets\Microsoft.NET.Sdk.StaticWebAssets.ScopedCss.targets(55,3): message :     ;
       C:\Program Files\dotnet\sdk\10.0.102\Sdks\Microsoft.NET.Sdk.StaticWebAssets\targets\Microsoft.NET.Sdk.StaticWebAssets.ScopedCss.targets(55,3): message :     ResolveScopedCssAssets;
       C:\Program Files\dotnet\sdk\10.0.102\Sdks\Microsoft.NET.Sdk.StaticWebAssets\targets\Microsoft.NET.Sdk.StaticWebAssets.ScopedCss.targets(55,3): message :   " (previous value: "
       C:\Program Files\dotnet\sdk\10.0.102\Sdks\Microsoft.NET.Sdk.StaticWebAssets\targets\Microsoft.NET.Sdk.StaticWebAssets.ScopedCss.targets(55,3): message :       ResolveCoreStaticWebAssets;
       C:\Program Files\dotnet\sdk\10.0.102\Sdks\Microsoft.NET.Sdk.StaticWebAssets\targets\Microsoft.NET.Sdk.StaticWebAssets.ScopedCss.targets(55,3): message :       GenerateComputedBuildStaticWebAssets;
       C:\Program Files\dotnet\sdk\10.0.102\Sdks\Microsoft.NET.Sdk.StaticWebAssets\targets\Microsoft.NET.Sdk.StaticWebAssets.ScopedCss.targets(55,3): message :       
       C:\Program Files\dotnet\sdk\10.0.102\Sdks\Microsoft.NET.Sdk.StaticWebAssets\targets\Microsoft.NET.Sdk.StaticWebAssets.ScopedCss.targets(55,3): message :     ") at C:\Program Files\dotnet\sdk\10.0.102\Sdks\Microsoft.NET.Sdk.StaticWebAssets\targets\Microsoft.NET.Sdk.StaticWebAssets.ScopedCss.targets (55,3)
       C:\Program Files\dotnet\sdk\10.0.102\Sdks\Microsoft.NET.Sdk.StaticWebAssets\targets\Microsoft.NET.Sdk.StaticWebAssets.ScopedCss.targets(88,3): message : Property reassignment: $(GenerateComputedBuildStaticWebAssetsDependsOn)="
       C:\Program Files\dotnet\sdk\10.0.102\Sdks\Microsoft.NET.Sdk.StaticWebAssets\targets\Microsoft.NET.Sdk.StaticWebAssets.ScopedCss.targets(88,3): message :     ResolveCoreStaticWebAssets;;
       C:\Program Files\dotnet\sdk\10.0.102\Sdks\Microsoft.NET.Sdk.StaticWebAssets\targets\Microsoft.NET.Sdk.StaticWebAssets.ScopedCss.targets(88,3): message :     BundleScopedCssFiles;
       C:\Program Files\dotnet\sdk\10.0.102\Sdks\Microsoft.NET.Sdk.StaticWebAssets\targets\Microsoft.NET.Sdk.StaticWebAssets.ScopedCss.targets(88,3): message :   " (previous value: "ResolveCoreStaticWebAssets;") at C:\Program Files\dotnet\sdk\10.0.102\Sdks\Microsoft.NET.Sdk.StaticWebAssets\targets\Microsoft.NET.Sdk.StaticWebAssets.ScopedCss.targets (88,3)
       C:\Program Files\dotnet\sdk\10.0.102\Sdks\Microsoft.NET.Sdk.StaticWebAssets\targets\Microsoft.NET.Sdk.StaticWebAssets.JSModules.targets(37,5): message : Property reassignment: $(ResolveCoreStaticWebAssetsDependsOn)="
       C:\Program Files\dotnet\sdk\10.0.102\Sdks\Microsoft.NET.Sdk.StaticWebAssets\targets\Microsoft.NET.Sdk.StaticWebAssets.JSModules.targets(37,5): message :       
       C:\Program Files\dotnet\sdk\10.0.102\Sdks\Microsoft.NET.Sdk.StaticWebAssets\targets\Microsoft.NET.Sdk.StaticWebAssets.JSModules.targets(37,5): message :       UpdateExistingPackageStaticWebAssets;
       C:\Program Files\dotnet\sdk\10.0.102\Sdks\Microsoft.NET.Sdk.StaticWebAssets\targets\Microsoft.NET.Sdk.StaticWebAssets.JSModules.targets(37,5): message :       ResolveProjectStaticWebAssets;
       C:\Program Files\dotnet\sdk\10.0.102\Sdks\Microsoft.NET.Sdk.StaticWebAssets\targets\Microsoft.NET.Sdk.StaticWebAssets.JSModules.targets(37,5): message :       ResolveEmbeddedProjectsStaticWebAssets;
       C:\Program Files\dotnet\sdk\10.0.102\Sdks\Microsoft.NET.Sdk.StaticWebAssets\targets\Microsoft.NET.Sdk.StaticWebAssets.JSModules.targets(37,5): message :       ResolveReferencedProjectsStaticWebAssets;
       C:\Program Files\dotnet\sdk\10.0.102\Sdks\Microsoft.NET.Sdk.StaticWebAssets\targets\Microsoft.NET.Sdk.StaticWebAssets.JSModules.targets(37,5): message :       ;
       C:\Program Files\dotnet\sdk\10.0.102\Sdks\Microsoft.NET.Sdk.StaticWebAssets\targets\Microsoft.NET.Sdk.StaticWebAssets.JSModules.targets(37,5): message :     ;
       C:\Program Files\dotnet\sdk\10.0.102\Sdks\Microsoft.NET.Sdk.StaticWebAssets\targets\Microsoft.NET.Sdk.StaticWebAssets.JSModules.targets(37,5): message :       ResolveJsInitializerModuleStaticWebAssets;
       C:\Program Files\dotnet\sdk\10.0.102\Sdks\Microsoft.NET.Sdk.StaticWebAssets\targets\Microsoft.NET.Sdk.StaticWebAssets.JSModules.targets(37,5): message :     " (previous value: "
       C:\Program Files\dotnet\sdk\10.0.102\Sdks\Microsoft.NET.Sdk.StaticWebAssets\targets\Microsoft.NET.Sdk.StaticWebAssets.JSModules.targets(37,5): message :       UpdateExistingPackageStaticWebAssets;
       C:\Program Files\dotnet\sdk\10.0.102\Sdks\Microsoft.NET.Sdk.StaticWebAssets\targets\Microsoft.NET.Sdk.StaticWebAssets.JSModules.targets(37,5): message :       ResolveProjectStaticWebAssets;
       C:\Program Files\dotnet\sdk\10.0.102\Sdks\Microsoft.NET.Sdk.StaticWebAssets\targets\Microsoft.NET.Sdk.StaticWebAssets.JSModules.targets(37,5): message :       ResolveEmbeddedProjectsStaticWebAssets;
       C:\Program Files\dotnet\sdk\10.0.102\Sdks\Microsoft.NET.Sdk.StaticWebAssets\targets\Microsoft.NET.Sdk.StaticWebAssets.JSModules.targets(37,5): message :       ResolveReferencedProjectsStaticWebAssets;
       C:\Program Files\dotnet\sdk\10.0.102\Sdks\Microsoft.NET.Sdk.StaticWebAssets\targets\Microsoft.NET.Sdk.StaticWebAssets.JSModules.targets(37,5): message :       ;
       C:\Program Files\dotnet\sdk\10.0.102\Sdks\Microsoft.NET.Sdk.StaticWebAssets\targets\Microsoft.NET.Sdk.StaticWebAssets.JSModules.targets(37,5): message :     ") at C:\Program Files\dotnet\sdk\10.0.102\Sdks\Microsoft.NET.Sdk.StaticWebAssets\targets\Microsoft.NET.Sdk.StaticWebAssets.JSModules.targets (37,5)
       C:\Program Files\dotnet\sdk\10.0.102\Sdks\Microsoft.NET.Sdk.StaticWebAssets\targets\Microsoft.NET.Sdk.StaticWebAssets.JSModules.targets(42,5): message : Property reassignment: $(ResolveCoreStaticWebAssetsDependsOn)="
       C:\Program Files\dotnet\sdk\10.0.102\Sdks\Microsoft.NET.Sdk.StaticWebAssets\targets\Microsoft.NET.Sdk.StaticWebAssets.JSModules.targets(42,5): message :       
       C:\Program Files\dotnet\sdk\10.0.102\Sdks\Microsoft.NET.Sdk.StaticWebAssets\targets\Microsoft.NET.Sdk.StaticWebAssets.JSModules.targets(42,5): message :       
       C:\Program Files\dotnet\sdk\10.0.102\Sdks\Microsoft.NET.Sdk.StaticWebAssets\targets\Microsoft.NET.Sdk.StaticWebAssets.JSModules.targets(42,5): message :       UpdateExistingPackageStaticWebAssets;
       C:\Program Files\dotnet\sdk\10.0.102\Sdks\Microsoft.NET.Sdk.StaticWebAssets\targets\Microsoft.NET.Sdk.StaticWebAssets.JSModules.targets(42,5): message :       ResolveProjectStaticWebAssets;
       C:\Program Files\dotnet\sdk\10.0.102\Sdks\Microsoft.NET.Sdk.StaticWebAssets\targets\Microsoft.NET.Sdk.StaticWebAssets.JSModules.targets(42,5): message :       ResolveEmbeddedProjectsStaticWebAssets;
       C:\Program Files\dotnet\sdk\10.0.102\Sdks\Microsoft.NET.Sdk.StaticWebAssets\targets\Microsoft.NET.Sdk.StaticWebAssets.JSModules.targets(42,5): message :       ResolveReferencedProjectsStaticWebAssets;
       C:\Program Files\dotnet\sdk\10.0.102\Sdks\Microsoft.NET.Sdk.StaticWebAssets\targets\Microsoft.NET.Sdk.StaticWebAssets.JSModules.targets(42,5): message :       ;
       C:\Program Files\dotnet\sdk\10.0.102\Sdks\Microsoft.NET.Sdk.StaticWebAssets\targets\Microsoft.NET.Sdk.StaticWebAssets.JSModules.targets(42,5): message :     ;
       C:\Program Files\dotnet\sdk\10.0.102\Sdks\Microsoft.NET.Sdk.StaticWebAssets\targets\Microsoft.NET.Sdk.StaticWebAssets.JSModules.targets(42,5): message :       ResolveJsInitializerModuleStaticWebAssets;
       C:\Program Files\dotnet\sdk\10.0.102\Sdks\Microsoft.NET.Sdk.StaticWebAssets\targets\Microsoft.NET.Sdk.StaticWebAssets.JSModules.targets(42,5): message :     ;
       C:\Program Files\dotnet\sdk\10.0.102\Sdks\Microsoft.NET.Sdk.StaticWebAssets\targets\Microsoft.NET.Sdk.StaticWebAssets.JSModules.targets(42,5): message :       ResolveJSModuleStaticWebAssets;
       C:\Program Files\dotnet\sdk\10.0.102\Sdks\Microsoft.NET.Sdk.StaticWebAssets\targets\Microsoft.NET.Sdk.StaticWebAssets.JSModules.targets(42,5): message :     " (previous value: "
       C:\Program Files\dotnet\sdk\10.0.102\Sdks\Microsoft.NET.Sdk.StaticWebAssets\targets\Microsoft.NET.Sdk.StaticWebAssets.JSModules.targets(42,5): message :       
       C:\Program Files\dotnet\sdk\10.0.102\Sdks\Microsoft.NET.Sdk.StaticWebAssets\targets\Microsoft.NET.Sdk.StaticWebAssets.JSModules.targets(42,5): message :       UpdateExistingPackageStaticWebAssets;
       C:\Program Files\dotnet\sdk\10.0.102\Sdks\Microsoft.NET.Sdk.StaticWebAssets\targets\Microsoft.NET.Sdk.StaticWebAssets.JSModules.targets(42,5): message :       ResolveProjectStaticWebAssets;
       C:\Program Files\dotnet\sdk\10.0.102\Sdks\Microsoft.NET.Sdk.StaticWebAssets\targets\Microsoft.NET.Sdk.StaticWebAssets.JSModules.targets(42,5): message :       ResolveEmbeddedProjectsStaticWebAssets;
       C:\Program Files\dotnet\sdk\10.0.102\Sdks\Microsoft.NET.Sdk.StaticWebAssets\targets\Microsoft.NET.Sdk.StaticWebAssets.JSModules.targets(42,5): message :       ResolveReferencedProjectsStaticWebAssets;
       C:\Program Files\dotnet\sdk\10.0.102\Sdks\Microsoft.NET.Sdk.StaticWebAssets\targets\Microsoft.NET.Sdk.StaticWebAssets.JSModules.targets(42,5): message :       ;
       C:\Program Files\dotnet\sdk\10.0.102\Sdks\Microsoft.NET.Sdk.StaticWebAssets\targets\Microsoft.NET.Sdk.StaticWebAssets.JSModules.targets(42,5): message :     ;
       C:\Program Files\dotnet\sdk\10.0.102\Sdks\Microsoft.NET.Sdk.StaticWebAssets\targets\Microsoft.NET.Sdk.StaticWebAssets.JSModules.targets(42,5): message :       ResolveJsInitializerModuleStaticWebAssets;
       C:\Program Files\dotnet\sdk\10.0.102\Sdks\Microsoft.NET.Sdk.StaticWebAssets\targets\Microsoft.NET.Sdk.StaticWebAssets.JSModules.targets(42,5): message :     ") at C:\Program Files\dotnet\sdk\10.0.102\Sdks\Microsoft.NET.Sdk.StaticWebAssets\targets\Microsoft.NET.Sdk.StaticWebAssets.JSModules.targets (42,5)
       C:\Program Files\dotnet\sdk\10.0.102\Sdks\Microsoft.NET.Sdk.StaticWebAssets\targets\Microsoft.NET.Sdk.StaticWebAssets.JSModules.targets(57,5): message : Property reassignment: $(ResolveStaticWebAssetsInputsDependsOn)="
       C:\Program Files\dotnet\sdk\10.0.102\Sdks\Microsoft.NET.Sdk.StaticWebAssets\targets\Microsoft.NET.Sdk.StaticWebAssets.JSModules.targets(57,5): message :       ResolveJSModuleManifestBuildStaticWebAssets;
       C:\Program Files\dotnet\sdk\10.0.102\Sdks\Microsoft.NET.Sdk.StaticWebAssets\targets\Microsoft.NET.Sdk.StaticWebAssets.JSModules.targets(57,5): message :       
       C:\Program Files\dotnet\sdk\10.0.102\Sdks\Microsoft.NET.Sdk.StaticWebAssets\targets\Microsoft.NET.Sdk.StaticWebAssets.JSModules.targets(57,5): message :     
       C:\Program Files\dotnet\sdk\10.0.102\Sdks\Microsoft.NET.Sdk.StaticWebAssets\targets\Microsoft.NET.Sdk.StaticWebAssets.JSModules.targets(57,5): message :       ResolveCoreStaticWebAssets;
       C:\Program Files\dotnet\sdk\10.0.102\Sdks\Microsoft.NET.Sdk.StaticWebAssets\targets\Microsoft.NET.Sdk.StaticWebAssets.JSModules.targets(57,5): message :       GenerateComputedBuildStaticWebAssets;
       C:\Program Files\dotnet\sdk\10.0.102\Sdks\Microsoft.NET.Sdk.StaticWebAssets\targets\Microsoft.NET.Sdk.StaticWebAssets.JSModules.targets(57,5): message :       
       C:\Program Files\dotnet\sdk\10.0.102\Sdks\Microsoft.NET.Sdk.StaticWebAssets\targets\Microsoft.NET.Sdk.StaticWebAssets.JSModules.targets(57,5): message :     ;
       C:\Program Files\dotnet\sdk\10.0.102\Sdks\Microsoft.NET.Sdk.StaticWebAssets\targets\Microsoft.NET.Sdk.StaticWebAssets.JSModules.targets(57,5): message :     ResolveScopedCssAssets;
       C:\Program Files\dotnet\sdk\10.0.102\Sdks\Microsoft.NET.Sdk.StaticWebAssets\targets\Microsoft.NET.Sdk.StaticWebAssets.JSModules.targets(57,5): message :   
       C:\Program Files\dotnet\sdk\10.0.102\Sdks\Microsoft.NET.Sdk.StaticWebAssets\targets\Microsoft.NET.Sdk.StaticWebAssets.JSModules.targets(57,5): message :     " (previous value: "
       C:\Program Files\dotnet\sdk\10.0.102\Sdks\Microsoft.NET.Sdk.StaticWebAssets\targets\Microsoft.NET.Sdk.StaticWebAssets.JSModules.targets(57,5): message :     
       C:\Program Files\dotnet\sdk\10.0.102\Sdks\Microsoft.NET.Sdk.StaticWebAssets\targets\Microsoft.NET.Sdk.StaticWebAssets.JSModules.targets(57,5): message :       ResolveCoreStaticWebAssets;
       C:\Program Files\dotnet\sdk\10.0.102\Sdks\Microsoft.NET.Sdk.StaticWebAssets\targets\Microsoft.NET.Sdk.StaticWebAssets.JSModules.targets(57,5): message :       GenerateComputedBuildStaticWebAssets;
       C:\Program Files\dotnet\sdk\10.0.102\Sdks\Microsoft.NET.Sdk.StaticWebAssets\targets\Microsoft.NET.Sdk.StaticWebAssets.JSModules.targets(57,5): message :       
       C:\Program Files\dotnet\sdk\10.0.102\Sdks\Microsoft.NET.Sdk.StaticWebAssets\targets\Microsoft.NET.Sdk.StaticWebAssets.JSModules.targets(57,5): message :     ;
       C:\Program Files\dotnet\sdk\10.0.102\Sdks\Microsoft.NET.Sdk.StaticWebAssets\targets\Microsoft.NET.Sdk.StaticWebAssets.JSModules.targets(57,5): message :     ResolveScopedCssAssets;
       C:\Program Files\dotnet\sdk\10.0.102\Sdks\Microsoft.NET.Sdk.StaticWebAssets\targets\Microsoft.NET.Sdk.StaticWebAssets.JSModules.targets(57,5): message :   ") at C:\Program Files\dotnet\sdk\10.0.102\Sdks\Microsoft.NET.Sdk.StaticWebAssets\targets\Microsoft.NET.Sdk.StaticWebAssets.JSModules.targets (57,5)
       C:\Program Files\dotnet\sdk\10.0.102\Sdks\Microsoft.NET.Sdk.StaticWebAssets\targets\Microsoft.NET.Sdk.StaticWebAssets.JSModules.targets(76,5): message : Property reassignment: $(ResolvePublishStaticWebAssetsDependsOn)="
       C:\Program Files\dotnet\sdk\10.0.102\Sdks\Microsoft.NET.Sdk.StaticWebAssets\targets\Microsoft.NET.Sdk.StaticWebAssets.JSModules.targets(76,5): message :       ResolveJSModuleManifestPublishStaticWebAssets;
       C:\Program Files\dotnet\sdk\10.0.102\Sdks\Microsoft.NET.Sdk.StaticWebAssets\targets\Microsoft.NET.Sdk.StaticWebAssets.JSModules.targets(76,5): message :       
       C:\Program Files\dotnet\sdk\10.0.102\Sdks\Microsoft.NET.Sdk.StaticWebAssets\targets\Microsoft.NET.Sdk.StaticWebAssets.JSModules.targets(76,5): message :       ResolveCorePublishStaticWebAssets;
       C:\Program Files\dotnet\sdk\10.0.102\Sdks\Microsoft.NET.Sdk.StaticWebAssets\targets\Microsoft.NET.Sdk.StaticWebAssets.JSModules.targets(76,5): message :       GenerateComputedPublishStaticWebAssets;
       C:\Program Files\dotnet\sdk\10.0.102\Sdks\Microsoft.NET.Sdk.StaticWebAssets\targets\Microsoft.NET.Sdk.StaticWebAssets.JSModules.targets(76,5): message :       ;
       C:\Program Files\dotnet\sdk\10.0.102\Sdks\Microsoft.NET.Sdk.StaticWebAssets\targets\Microsoft.NET.Sdk.StaticWebAssets.JSModules.targets(76,5): message :     
       C:\Program Files\dotnet\sdk\10.0.102\Sdks\Microsoft.NET.Sdk.StaticWebAssets\targets\Microsoft.NET.Sdk.StaticWebAssets.JSModules.targets(76,5): message :     " (previous value: "
       C:\Program Files\dotnet\sdk\10.0.102\Sdks\Microsoft.NET.Sdk.StaticWebAssets\targets\Microsoft.NET.Sdk.StaticWebAssets.JSModules.targets(76,5): message :       ResolveCorePublishStaticWebAssets;
       C:\Program Files\dotnet\sdk\10.0.102\Sdks\Microsoft.NET.Sdk.StaticWebAssets\targets\Microsoft.NET.Sdk.StaticWebAssets.JSModules.targets(76,5): message :       GenerateComputedPublishStaticWebAssets;
       C:\Program Files\dotnet\sdk\10.0.102\Sdks\Microsoft.NET.Sdk.StaticWebAssets\targets\Microsoft.NET.Sdk.StaticWebAssets.JSModules.targets(76,5): message :       ;
       C:\Program Files\dotnet\sdk\10.0.102\Sdks\Microsoft.NET.Sdk.StaticWebAssets\targets\Microsoft.NET.Sdk.StaticWebAssets.JSModules.targets(76,5): message :     ") at C:\Program Files\dotnet\sdk\10.0.102\Sdks\Microsoft.NET.Sdk.StaticWebAssets\targets\Microsoft.NET.Sdk.StaticWebAssets.JSModules.targets (76,5)
       C:\Program Files\dotnet\sdk\10.0.102\Sdks\Microsoft.NET.Sdk.StaticWebAssets\targets\Microsoft.NET.Sdk.StaticWebAssets.Compression.targets(185,5): message : Property reassignment: $(ResolveBuildRelatedStaticWebAssetsDependsOn)="
       C:\Program Files\dotnet\sdk\10.0.102\Sdks\Microsoft.NET.Sdk.StaticWebAssets\targets\Microsoft.NET.Sdk.StaticWebAssets.Compression.targets(185,5): message :       ResolveBuildCompressedStaticWebAssets;
       C:\Program Files\dotnet\sdk\10.0.102\Sdks\Microsoft.NET.Sdk.StaticWebAssets\targets\Microsoft.NET.Sdk.StaticWebAssets.Compression.targets(185,5): message :       
       C:\Program Files\dotnet\sdk\10.0.102\Sdks\Microsoft.NET.Sdk.StaticWebAssets\targets\Microsoft.NET.Sdk.StaticWebAssets.Compression.targets(185,5): message :       ResolveStaticWebAssetsInputs;
       C:\Program Files\dotnet\sdk\10.0.102\Sdks\Microsoft.NET.Sdk.StaticWebAssets\targets\Microsoft.NET.Sdk.StaticWebAssets.Compression.targets(185,5): message :       
       C:\Program Files\dotnet\sdk\10.0.102\Sdks\Microsoft.NET.Sdk.StaticWebAssets\targets\Microsoft.NET.Sdk.StaticWebAssets.Compression.targets(185,5): message :     
       C:\Program Files\dotnet\sdk\10.0.102\Sdks\Microsoft.NET.Sdk.StaticWebAssets\targets\Microsoft.NET.Sdk.StaticWebAssets.Compression.targets(185,5): message :     " (previous value: "
       C:\Program Files\dotnet\sdk\10.0.102\Sdks\Microsoft.NET.Sdk.StaticWebAssets\targets\Microsoft.NET.Sdk.StaticWebAssets.Compression.targets(185,5): message :       ResolveStaticWebAssetsInputs;
       C:\Program Files\dotnet\sdk\10.0.102\Sdks\Microsoft.NET.Sdk.StaticWebAssets\targets\Microsoft.NET.Sdk.StaticWebAssets.Compression.targets(185,5): message :       
       C:\Program Files\dotnet\sdk\10.0.102\Sdks\Microsoft.NET.Sdk.StaticWebAssets\targets\Microsoft.NET.Sdk.StaticWebAssets.Compression.targets(185,5): message :     ") at C:\Program Files\dotnet\sdk\10.0.102\Sdks\Microsoft.NET.Sdk.StaticWebAssets\targets\Microsoft.NET.Sdk.StaticWebAssets.Compression.targets (185,5)
       C:\Program Files\dotnet\sdk\10.0.102\Sdks\Microsoft.NET.Sdk.StaticWebAssets\targets\Microsoft.NET.Sdk.StaticWebAssets.Compression.targets(204,5): message : Property reassignment: $(ResolvePublishRelatedStaticWebAssetsDependsOn)="
       C:\Program Files\dotnet\sdk\10.0.102\Sdks\Microsoft.NET.Sdk.StaticWebAssets\targets\Microsoft.NET.Sdk.StaticWebAssets.Compression.targets(204,5): message :       ResolvePublishCompressedStaticWebAssets;
       C:\Program Files\dotnet\sdk\10.0.102\Sdks\Microsoft.NET.Sdk.StaticWebAssets\targets\Microsoft.NET.Sdk.StaticWebAssets.Compression.targets(204,5): message :       
       C:\Program Files\dotnet\sdk\10.0.102\Sdks\Microsoft.NET.Sdk.StaticWebAssets\targets\Microsoft.NET.Sdk.StaticWebAssets.Compression.targets(204,5): message :     " (previous value: "") at C:\Program Files\dotnet\sdk\10.0.102\Sdks\Microsoft.NET.Sdk.StaticWebAssets\targets\Microsoft.NET.Sdk.StaticWebAssets.Compression.targets (204,5)
       C:\Program Files\dotnet\sdk\10.0.102\Sdks\Microsoft.NET.Sdk.Razor\targets\Sdk.Razor.CurrentVersion.targets(220,5): message : Property reassignment: $(DebugSymbolsProjectOutputGroupDependsOn)="
       C:\Program Files\dotnet\sdk\10.0.102\Sdks\Microsoft.NET.Sdk.Razor\targets\Sdk.Razor.CurrentVersion.targets(220,5): message :       ;
       C:\Program Files\dotnet\sdk\10.0.102\Sdks\Microsoft.NET.Sdk.Razor\targets\Sdk.Razor.CurrentVersion.targets(220,5): message :       _RazorAddDebugSymbolsProjectOutputGroupOutput
       C:\Program Files\dotnet\sdk\10.0.102\Sdks\Microsoft.NET.Sdk.Razor\targets\Sdk.Razor.CurrentVersion.targets(220,5): message :     " (previous value: "") at C:\Program Files\dotnet\sdk\10.0.102\Sdks\Microsoft.NET.Sdk.Razor\targets\Sdk.Razor.CurrentVersion.targets (220,5)
       C:\Program Files\dotnet\sdk\10.0.102\Sdks\Microsoft.NET.Sdk.Razor\targets\Sdk.Razor.CurrentVersion.targets(225,5): message : Property reassignment: $(PrepareForBuildDependsOn)="
       C:\Program Files\dotnet\sdk\10.0.102\Sdks\Microsoft.NET.Sdk.Razor\targets\Sdk.Razor.CurrentVersion.targets(225,5): message :       ;GetFrameworkPaths;GetReferenceAssemblyPaths;AssignLinkMetadata;
       C:\Program Files\dotnet\sdk\10.0.102\Sdks\Microsoft.NET.Sdk.Razor\targets\Sdk.Razor.CurrentVersion.targets(225,5): message :       ResolveRazorGenerateInputs
       C:\Program Files\dotnet\sdk\10.0.102\Sdks\Microsoft.NET.Sdk.Razor\targets\Sdk.Razor.CurrentVersion.targets(225,5): message :     " (previous value: ";GetFrameworkPaths;GetReferenceAssemblyPaths;AssignLinkMetadata") at C:\Program Files\dotnet\sdk\10.0.102\Sdks\Microsoft.NET.Sdk.Razor\targets\Sdk.Razor.CurrentVersion.targets (225,5)
       C:\Program Files\dotnet\sdk\10.0.102\Sdks\Microsoft.NET.Sdk.Razor\targets\Sdk.Razor.CurrentVersion.targets(230,5): message : Property reassignment: $(GenerateNuspecDependsOn)="
       C:\Program Files\dotnet\sdk\10.0.102\Sdks\Microsoft.NET.Sdk.Razor\targets\Sdk.Razor.CurrentVersion.targets(230,5): message :       ResolveRazorGenerateInputs;
       C:\Program Files\dotnet\sdk\10.0.102\Sdks\Microsoft.NET.Sdk.Razor\targets\Sdk.Razor.CurrentVersion.targets(230,5): message :       
       C:\Program Files\dotnet\sdk\10.0.102\Sdks\Microsoft.NET.Sdk.Razor\targets\Sdk.Razor.CurrentVersion.targets(230,5): message :       IncludeStaticWebAssetsPackItems;
       C:\Program Files\dotnet\sdk\10.0.102\Sdks\Microsoft.NET.Sdk.Razor\targets\Sdk.Razor.CurrentVersion.targets(230,5): message :       Build;_LoadPackInputItems; _GetTargetFrameworksOutput; _WalkEachTargetPerFramework; _GetPackageFiles; ;
       C:\Program Files\dotnet\sdk\10.0.102\Sdks\Microsoft.NET.Sdk.Razor\targets\Sdk.Razor.CurrentVersion.targets(230,5): message :     
       C:\Program Files\dotnet\sdk\10.0.102\Sdks\Microsoft.NET.Sdk.Razor\targets\Sdk.Razor.CurrentVersion.targets(230,5): message :     " (previous value: "
       C:\Program Files\dotnet\sdk\10.0.102\Sdks\Microsoft.NET.Sdk.Razor\targets\Sdk.Razor.CurrentVersion.targets(230,5): message :       IncludeStaticWebAssetsPackItems;
       C:\Program Files\dotnet\sdk\10.0.102\Sdks\Microsoft.NET.Sdk.Razor\targets\Sdk.Razor.CurrentVersion.targets(230,5): message :       Build;_LoadPackInputItems; _GetTargetFrameworksOutput; _WalkEachTargetPerFramework; _GetPackageFiles; ;
       C:\Program Files\dotnet\sdk\10.0.102\Sdks\Microsoft.NET.Sdk.Razor\targets\Sdk.Razor.CurrentVersion.targets(230,5): message :     ") at C:\Program Files\dotnet\sdk\10.0.102\Sdks\Microsoft.NET.Sdk.Razor\targets\Sdk.Razor.CurrentVersion.targets (230,5)
       C:\Program Files\dotnet\sdk\10.0.102\Sdks\Microsoft.NET.Sdk.Razor\targets\Sdk.Razor.CurrentVersion.targets(235,5): message : Property reassignment: $(PrepareForRunDependsOn)="
       C:\Program Files\dotnet\sdk\10.0.102\Sdks\Microsoft.NET.Sdk.Razor\targets\Sdk.Razor.CurrentVersion.targets(235,5): message :       _RazorPrepareForRun;
       C:\Program Files\dotnet\sdk\10.0.102\Sdks\Microsoft.NET.Sdk.Razor\targets\Sdk.Razor.CurrentVersion.targets(235,5): message :       StaticWebAssetsPrepareForRun;
       C:\Program Files\dotnet\sdk\10.0.102\Sdks\Microsoft.NET.Sdk.Razor\targets\Sdk.Razor.CurrentVersion.targets(235,5): message :       CopyFilesToOutputDirectory
       C:\Program Files\dotnet\sdk\10.0.102\Sdks\Microsoft.NET.Sdk.Razor\targets\Sdk.Razor.CurrentVersion.targets(235,5): message :     
       C:\Program Files\dotnet\sdk\10.0.102\Sdks\Microsoft.NET.Sdk.Razor\targets\Sdk.Razor.CurrentVersion.targets(235,5): message :     " (previous value: "StaticWebAssetsPrepareForRun;
       C:\Program Files\dotnet\sdk\10.0.102\Sdks\Microsoft.NET.Sdk.Razor\targets\Sdk.Razor.CurrentVersion.targets(235,5): message :       CopyFilesToOutputDirectory
       C:\Program Files\dotnet\sdk\10.0.102\Sdks\Microsoft.NET.Sdk.Razor\targets\Sdk.Razor.CurrentVersion.targets(235,5): message :     ") at C:\Program Files\dotnet\sdk\10.0.102\Sdks\Microsoft.NET.Sdk.Razor\targets\Sdk.Razor.CurrentVersion.targets (235,5)
       C:\Program Files\dotnet\sdk\10.0.102\Sdks\Microsoft.NET.Sdk.Razor\targets\Sdk.Razor.CurrentVersion.targets(326,5): message : Property reassignment: $(UseRazorBuildServer)="true" (previous value: "") at C:\Program Files\dotnet\sdk\10.0.102\Sdks\Microsoft.NET.Sdk.Razor\targets\Sdk.Razor.CurrentVersion.targets (326,5)
       C:\Program Files\dotnet\sdk\10.0.102\Sdks\Microsoft.NET.Sdk.Razor\targets\Sdk.Razor.CurrentVersion.targets(332,5): message : Property reassignment: $(_RazorDebugSymbolsProduced)="true" (previous value: "false") at C:\Program Files\dotnet\sdk\10.0.102\Sdks\Microsoft.NET.Sdk.Razor\targets\Sdk.Razor.CurrentVersion.targets (332,5)
       C:\Program Files\dotnet\sdk\10.0.102\Sdks\Microsoft.NET.Sdk.Razor\targets\Microsoft.NET.Sdk.Razor.GenerateAssemblyInfo.targets(36,5): message : Property reassignment: $(GenerateRazorTargetAssemblyInfoDependsOn)="
       C:\Program Files\dotnet\sdk\10.0.102\Sdks\Microsoft.NET.Sdk.Razor\targets\Microsoft.NET.Sdk.Razor.GenerateAssemblyInfo.targets(36,5): message :       _ResolveMvcAssemblyAttributes;
       C:\Program Files\dotnet\sdk\10.0.102\Sdks\Microsoft.NET.Sdk.Razor\targets\Microsoft.NET.Sdk.Razor.GenerateAssemblyInfo.targets(36,5): message :       
       C:\Program Files\dotnet\sdk\10.0.102\Sdks\Microsoft.NET.Sdk.Razor\targets\Microsoft.NET.Sdk.Razor.GenerateAssemblyInfo.targets(36,5): message :       GetRazorTargetAssemblyAttributes;
       C:\Program Files\dotnet\sdk\10.0.102\Sdks\Microsoft.NET.Sdk.Razor\targets\Microsoft.NET.Sdk.Razor.GenerateAssemblyInfo.targets(36,5): message :       _CreateRazorTargetAssemblyInfoInputsCacheFile;
       C:\Program Files\dotnet\sdk\10.0.102\Sdks\Microsoft.NET.Sdk.Razor\targets\Microsoft.NET.Sdk.Razor.GenerateAssemblyInfo.targets(36,5): message :       CoreGenerateRazorTargetAssemblyInfo
       C:\Program Files\dotnet\sdk\10.0.102\Sdks\Microsoft.NET.Sdk.Razor\targets\Microsoft.NET.Sdk.Razor.GenerateAssemblyInfo.targets(36,5): message :     
       C:\Program Files\dotnet\sdk\10.0.102\Sdks\Microsoft.NET.Sdk.Razor\targets\Microsoft.NET.Sdk.Razor.GenerateAssemblyInfo.targets(36,5): message :     " (previous value: "
       C:\Program Files\dotnet\sdk\10.0.102\Sdks\Microsoft.NET.Sdk.Razor\targets\Microsoft.NET.Sdk.Razor.GenerateAssemblyInfo.targets(36,5): message :       GetRazorTargetAssemblyAttributes;
       C:\Program Files\dotnet\sdk\10.0.102\Sdks\Microsoft.NET.Sdk.Razor\targets\Microsoft.NET.Sdk.Razor.GenerateAssemblyInfo.targets(36,5): message :       _CreateRazorTargetAssemblyInfoInputsCacheFile;
       C:\Program Files\dotnet\sdk\10.0.102\Sdks\Microsoft.NET.Sdk.Razor\targets\Microsoft.NET.Sdk.Razor.GenerateAssemblyInfo.targets(36,5): message :       CoreGenerateRazorTargetAssemblyInfo
       C:\Program Files\dotnet\sdk\10.0.102\Sdks\Microsoft.NET.Sdk.Razor\targets\Microsoft.NET.Sdk.Razor.GenerateAssemblyInfo.targets(36,5): message :     ") at C:\Program Files\dotnet\sdk\10.0.102\Sdks\Microsoft.NET.Sdk.Razor\targets\Microsoft.NET.Sdk.Razor.GenerateAssemblyInfo.targets (36,5)
       C:\Program Files\dotnet\sdk\10.0.102\Sdks\Microsoft.NET.Sdk.Razor\targets\Microsoft.NET.Sdk.Razor.GenerateAssemblyInfo.targets(181,5): message : Property reassignment: $(CoreCompileDependsOn)="
       C:\Program Files\dotnet\sdk\10.0.102\Sdks\Microsoft.NET.Sdk.Razor\targets\Microsoft.NET.Sdk.Razor.GenerateAssemblyInfo.targets(181,5): message :       ;_ComputeNonExistentFileProperty;ResolveCodeAnalysisRuleSet;
       C:\Program Files\dotnet\sdk\10.0.102\Sdks\Microsoft.NET.Sdk.Razor\targets\Microsoft.NET.Sdk.Razor.GenerateAssemblyInfo.targets(181,5): message :       _GenerateRazorAssemblyInfo
       C:\Program Files\dotnet\sdk\10.0.102\Sdks\Microsoft.NET.Sdk.Razor\targets\Microsoft.NET.Sdk.Razor.GenerateAssemblyInfo.targets(181,5): message :     " (previous value: ";_ComputeNonExistentFileProperty;ResolveCodeAnalysisRuleSet") at C:\Program Files\dotnet\sdk\10.0.102\Sdks\Microsoft.NET.Sdk.Razor\targets\Microsoft.NET.Sdk.Razor.GenerateAssemblyInfo.targets (181,5)
       C:\Program Files\dotnet\sdk\10.0.102\Sdks\Microsoft.NET.Sdk.Razor\targets\Microsoft.NET.Sdk.Razor.GenerateAssemblyInfo.targets(189,5): message : Property reassignment: $(_GenerateRazorAssemblyInfoDependsOn)="
       C:\Program Files\dotnet\sdk\10.0.102\Sdks\Microsoft.NET.Sdk.Razor\targets\Microsoft.NET.Sdk.Razor.GenerateAssemblyInfo.targets(189,5): message :       _ResolveMvcAssemblyAttributes;
       C:\Program Files\dotnet\sdk\10.0.102\Sdks\Microsoft.NET.Sdk.Razor\targets\Microsoft.NET.Sdk.Razor.GenerateAssemblyInfo.targets(189,5): message :       RazorGetAssemblyAttributes;PrepareForBuild;_CoreGenerateRazorAssemblyInfo;
       C:\Program Files\dotnet\sdk\10.0.102\Sdks\Microsoft.NET.Sdk.Razor\targets\Microsoft.NET.Sdk.Razor.GenerateAssemblyInfo.targets(189,5): message :     " (previous value: "RazorGetAssemblyAttributes;PrepareForBuild;_CoreGenerateRazorAssemblyInfo") at C:\Program Files\dotnet\sdk\10.0.102\Sdks\Microsoft.NET.Sdk.Razor\targets\Microsoft.NET.Sdk.Razor.GenerateAssemblyInfo.targets (189,5)
       C:\Program Files\dotnet\sdk\10.0.102\Sdks\Microsoft.NET.Sdk.Razor\targets\Microsoft.NET.Sdk.Razor.MvcApplicationPartsDiscovery.targets(22,5): message : Property reassignment: $(CoreCompileDependsOn)="
       C:\Program Files\dotnet\sdk\10.0.102\Sdks\Microsoft.NET.Sdk.Razor\targets\Microsoft.NET.Sdk.Razor.MvcApplicationPartsDiscovery.targets(22,5): message :       _DiscoverMvcApplicationParts;
       C:\Program Files\dotnet\sdk\10.0.102\Sdks\Microsoft.NET.Sdk.Razor\targets\Microsoft.NET.Sdk.Razor.MvcApplicationPartsDiscovery.targets(22,5): message :       
       C:\Program Files\dotnet\sdk\10.0.102\Sdks\Microsoft.NET.Sdk.Razor\targets\Microsoft.NET.Sdk.Razor.MvcApplicationPartsDiscovery.targets(22,5): message :       ;_ComputeNonExistentFileProperty;ResolveCodeAnalysisRuleSet;
       C:\Program Files\dotnet\sdk\10.0.102\Sdks\Microsoft.NET.Sdk.Razor\targets\Microsoft.NET.Sdk.Razor.MvcApplicationPartsDiscovery.targets(22,5): message :       _GenerateRazorAssemblyInfo
       C:\Program Files\dotnet\sdk\10.0.102\Sdks\Microsoft.NET.Sdk.Razor\targets\Microsoft.NET.Sdk.Razor.MvcApplicationPartsDiscovery.targets(22,5): message :     ;
       C:\Program Files\dotnet\sdk\10.0.102\Sdks\Microsoft.NET.Sdk.Razor\targets\Microsoft.NET.Sdk.Razor.MvcApplicationPartsDiscovery.targets(22,5): message :     " (previous value: "
       C:\Program Files\dotnet\sdk\10.0.102\Sdks\Microsoft.NET.Sdk.Razor\targets\Microsoft.NET.Sdk.Razor.MvcApplicationPartsDiscovery.targets(22,5): message :       ;_ComputeNonExistentFileProperty;ResolveCodeAnalysisRuleSet;
       C:\Program Files\dotnet\sdk\10.0.102\Sdks\Microsoft.NET.Sdk.Razor\targets\Microsoft.NET.Sdk.Razor.MvcApplicationPartsDiscovery.targets(22,5): message :       _GenerateRazorAssemblyInfo
       C:\Program Files\dotnet\sdk\10.0.102\Sdks\Microsoft.NET.Sdk.Razor\targets\Microsoft.NET.Sdk.Razor.MvcApplicationPartsDiscovery.targets(22,5): message :     ") at C:\Program Files\dotnet\sdk\10.0.102\Sdks\Microsoft.NET.Sdk.Razor\targets\Microsoft.NET.Sdk.Razor.MvcApplicationPartsDiscovery.targets (22,5)
       C:\Program Files\dotnet\sdk\10.0.102\Sdks\Microsoft.NET.Sdk.Razor\targets\Sdk.Razor.CurrentVersion.targets(884,5): message : Property reassignment: $(RazorDesignTimeTargets)="C:\Program Files\dotnet\sdk\10.0.102\Sdks\Microsoft.NET.Sdk.Razor\targets\Microsoft.NET.Sdk.Razor.DesignTime.targets" (previous value: "C:\Program Files\dotnet\sdk\10.0.102\\Microsoft\VisualStudio\Razor\Microsoft.NET.Sdk.Razor.DesignTime.targets") at C:\Program Files\dotnet\sdk\10.0.102\Sdks\Microsoft.NET.Sdk.Razor\targets\Sdk.Razor.CurrentVersion.targets (884,5)
       C:\Program Files\dotnet\sdk\10.0.102\Sdks\Microsoft.NET.Sdk.Web.ProjectSystem\targets\Microsoft.NET.Sdk.Web.ProjectSystem.targets(21,5): message : Property reassignment: $(RunWorkingDirectory)="E:\Study_project\C#\FoodStreet\FoodStreet\FoodStreetPoiAdmin" (previous value: "") at C:\Program Files\dotnet\sdk\10.0.102\Sdks\Microsoft.NET.Sdk.Web.ProjectSystem\targets\Microsoft.NET.Sdk.Web.ProjectSystem.targets (21,5)
       C:\Program Files\dotnet\sdk\10.0.102\Sdks\Microsoft.NET.Sdk.Publish\targets\Microsoft.NET.Sdk.Publish.targets(60,5): message : Property reassignment: $(PublishProfileImported)="true" (previous value: "false") at C:\Program Files\dotnet\sdk\10.0.102\Sdks\Microsoft.NET.Sdk.Publish\targets\Microsoft.NET.Sdk.Publish.targets (60,5)
       C:\Program Files\dotnet\sdk\10.0.102\Sdks\Microsoft.NET.Sdk.Publish\targets\Microsoft.NET.Sdk.Publish.targets(81,5): message : Property reassignment: $(PublishConfiguration)="Debug" (previous value: "") at C:\Program Files\dotnet\sdk\10.0.102\Sdks\Microsoft.NET.Sdk.Publish\targets\Microsoft.NET.Sdk.Publish.targets (81,5)
       C:\Program Files\dotnet\sdk\10.0.102\Sdks\Microsoft.NET.Sdk.Publish\targets\Microsoft.NET.Sdk.Publish.targets(87,5): message : Property reassignment: $(BaseIntermediateOutputPath)="E:\Study_project\C#\FoodStreet\FoodStreet\FoodStreetPoiAdmin\obj\" (previous value: "obj\") at C:\Program Files\dotnet\sdk\10.0.102\Sdks\Microsoft.NET.Sdk.Publish\targets\Microsoft.NET.Sdk.Publish.targets (87,5)
       Overriding target "ResolveFrameworkReferences" in project "C:\Program Files\dotnet\sdk\10.0.102\Microsoft.Common.CurrentVersion.targets" with target "ResolveFrameworkReferences" from project "C:\Program Files\dotnet\sdk\10.0.102\Sdks\Microsoft.NET.Sdk\targets\Microsoft.NET.Sdk.FrameworkReferenceResolution.targets".
       Overriding target "GenerateSupportedTargetFrameworkAlias" in project "C:\Program Files\dotnet\sdk\10.0.102\Microsoft.Common.CurrentVersion.targets" with target "GenerateSupportedTargetFrameworkAlias" from project "C:\Program Files\dotnet\sdk\10.0.102\Sdks\Microsoft.NET.Sdk\targets\Microsoft.NET.Sdk.targets".
       Overriding target "GetReferenceAssemblyPaths" in project "C:\Program Files\dotnet\sdk\10.0.102\Microsoft.Common.CurrentVersion.targets" with target "GetReferenceAssemblyPaths" from project "C:\Program Files\dotnet\sdk\10.0.102\Sdks\Microsoft.NET.Sdk\targets\Microsoft.NET.DisableStandardFrameworkResolution.targets".
       Overriding target "GetFrameworkPaths" in project "C:\Program Files\dotnet\sdk\10.0.102\Microsoft.Common.CurrentVersion.targets" with target "GetFrameworkPaths" from project "C:\Program Files\dotnet\sdk\10.0.102\Sdks\Microsoft.NET.Sdk\targets\Microsoft.NET.DisableStandardFrameworkResolution.targets".
       Overriding target "DesignerRuntimeImplementationProjectOutputGroup" in project "C:\Program Files\dotnet\sdk\10.0.102\Microsoft.Common.CurrentVersion.targets" with target "DesignerRuntimeImplementationProjectOutputGroup" from project "C:\Program Files\dotnet\sdk\10.0.102\Sdks\Microsoft.NET.Sdk\targets\Microsoft.NET.DesignerSupport.targets".
       Overriding target "Publish" in project "C:\Program Files\dotnet\sdk\10.0.102\Microsoft.Common.CurrentVersion.targets" with target "Publish" from project "C:\Program Files\dotnet\sdk\10.0.102\Sdks\Microsoft.NET.Sdk\targets\Microsoft.NET.Publish.targets".
       Overriding target "ResolveReadyToRunCompilers" in project "C:\Program Files\dotnet\sdk\10.0.102\Sdks\Microsoft.NET.Sdk\targets\Microsoft.NET.CrossGen.targets" with target "ResolveReadyToRunCompilers" from project "C:\Program Files\dotnet\sdk\10.0.102\Sdks\Microsoft.NET.Sdk\targets\Microsoft.NET.Publish.targets".
       Overriding target "GetCopyToPublishDirectoryItems" in project "C:\Program Files\dotnet\sdk\10.0.102\Microsoft.Common.CurrentVersion.targets" with target "GetCopyToPublishDirectoryItems" from project "C:\Program Files\dotnet\sdk\10.0.102\Sdks\Microsoft.NET.Sdk\targets\Microsoft.NET.Publish.targets".
       Overriding target "Run" in project "C:\Program Files\dotnet\sdk\10.0.102\Microsoft.Common.CurrentVersion.targets" with target "Run" from project "C:\Program Files\dotnet\sdk\10.0.102\Sdks\Microsoft.NET.Sdk\targets\Microsoft.NET.Sdk.targets".
       Overriding target "BeforePublish" in project "C:\Program Files\dotnet\sdk\10.0.102\Microsoft.Common.CurrentVersion.targets" with target "BeforePublish" from project "C:\Program Files\dotnet\sdk\10.0.102\Sdks\Microsoft.NET.Sdk.Publish\targets\Microsoft.NET.Sdk.Publish.targets".
       Overriding target "AfterPublish" in project "C:\Program Files\dotnet\sdk\10.0.102\Microsoft.Common.CurrentVersion.targets" with target "AfterPublish" from project "C:\Program Files\dotnet\sdk\10.0.102\Sdks\Microsoft.NET.Sdk.Publish\targets\Microsoft.NET.Sdk.Publish.targets".
       The target "CollectUpToDateCheckInputDesignTime" listed in a BeforeTargets attribute at "C:\Program Files\dotnet\sdk\10.0.102\Sdks\Microsoft.NET.Sdk.StaticWebAssets\targets\Microsoft.NET.Sdk.StaticWebAssets.ScopedCss.targets (171,5)" does not exist in the project, and will be ignored.
       The target "CollectUpToDateCheckBuiltDesignTime" listed in a BeforeTargets attribute at "C:\Program Files\dotnet\sdk\10.0.102\Sdks\Microsoft.NET.Sdk.StaticWebAssets\targets\Microsoft.NET.Sdk.StaticWebAssets.ScopedCss.targets (171,5)" does not exist in the project, and will be ignored.
       The target "RazorGenerateComponentDeclaration" listed in an AfterTargets attribute at "C:\Program Files\dotnet\sdk\10.0.102\Sdks\Microsoft.NET.Sdk.Razor\targets\Microsoft.NET.Sdk.Razor.DesignTime.targets (55,53)" does not exist in the project, and will be ignored.
   1:7>Project "E:\Study_project\C#\FoodStreet\FoodStreet\FoodStreetPoiAdmin\FoodStreetPoiAdmin.csproj" on node 1 (default targets).
   1:7>Target "_CollectTargetFrameworkForTelemetry" in file "C:\Program Files\dotnet\sdk\10.0.102\Sdks\Microsoft.NET.Sdk\targets\Microsoft.NET.TargetFrameworkInference.targets" from project "E:\Study_project\C#\FoodStreet\FoodStreet\FoodStreetPoiAdmin\FoodStreetPoiAdmin.csproj" (target "_CheckForInvalidConfigurationAndPlatform" depends on it):
   1:7>Using "AllowEmptyTelemetry" task from assembly "C:\Program Files\dotnet\sdk\10.0.102\Sdks\Microsoft.NET.Sdk\targets\..\tools\net10.0\Microsoft.NET.Build.Tasks.dll".
       Task "AllowEmptyTelemetry"
       Done executing task "AllowEmptyTelemetry".
   1:7>Done building target "_CollectTargetFrameworkForTelemetry" in project "FoodStreetPoiAdmin.csproj".
   1:7>Target "_CheckForUnsupportedNETCoreVersion" in file "C:\Program Files\dotnet\sdk\10.0.102\Sdks\Microsoft.NET.Sdk\targets\Microsoft.NET.TargetFrameworkInference.targets" from project "E:\Study_project\C#\FoodStreet\FoodStreet\FoodStreetPoiAdmin\FoodStreetPoiAdmin.csproj" (target "_CheckForInvalidConfigurationAndPlatform" depends on it):
   1:7>Done building target "_CheckForUnsupportedNETCoreVersion" in project "FoodStreetPoiAdmin.csproj".
   1:7>Target "_CheckForUnsupportedCppNETCoreVersion" in file "C:\Program Files\dotnet\sdk\10.0.102\Sdks\Microsoft.NET.Sdk\targets\Microsoft.NET.TargetFrameworkInference.targets" from project "E:\Study_project\C#\FoodStreet\FoodStreet\FoodStreetPoiAdmin\FoodStreetPoiAdmin.csproj" (target "_CheckForInvalidConfigurationAndPlatform" depends on it):
   1:7>Done building target "_CheckForUnsupportedCppNETCoreVersion" in project "FoodStreetPoiAdmin.csproj".
   1:7>Target "_CheckForUnsupportedArtifactsPath" in file "C:\Program Files\dotnet\sdk\10.0.102\Sdks\Microsoft.NET.Sdk\targets\Microsoft.NET.DefaultOutputPaths.targets" from project "E:\Study_project\C#\FoodStreet\FoodStreet\FoodStreetPoiAdmin\FoodStreetPoiAdmin.csproj" (target "_CheckForInvalidConfigurationAndPlatform" depends on it):
   1:7>Done building target "_CheckForUnsupportedArtifactsPath" in project "FoodStreetPoiAdmin.csproj".
   1:7>Target "_CheckRIDAsserts" in file "C:\Program Files\dotnet\sdk\10.0.102\Sdks\Microsoft.NET.Sdk\targets\Microsoft.NET.RuntimeIdentifierInference.targets" from project "E:\Study_project\C#\FoodStreet\FoodStreet\FoodStreetPoiAdmin\FoodStreetPoiAdmin.csproj" (target "_CheckForUnsupportedAppHostUsage" depends on it):
   1:7>Done building target "_CheckRIDAsserts" in project "FoodStreetPoiAdmin.csproj".
   1:7>Target "_CheckForUnsupportedAppHostUsage" in file "C:\Program Files\dotnet\sdk\10.0.102\Sdks\Microsoft.NET.Sdk\targets\Microsoft.NET.RuntimeIdentifierInference.targets" from project "E:\Study_project\C#\FoodStreet\FoodStreet\FoodStreetPoiAdmin\FoodStreetPoiAdmin.csproj" (target "_CheckForInvalidConfigurationAndPlatform" depends on it):
   1:7>Done building target "_CheckForUnsupportedAppHostUsage" in project "FoodStreetPoiAdmin.csproj".
   1:7>Target "_CheckForUnsupportedHostingUsage" in file "C:\Program Files\dotnet\sdk\10.0.102\Sdks\Microsoft.NET.Sdk\targets\Microsoft.NET.RuntimeIdentifierInference.targets" from project "E:\Study_project\C#\FoodStreet\FoodStreet\FoodStreetPoiAdmin\FoodStreetPoiAdmin.csproj" (target "_CheckForInvalidConfigurationAndPlatform" depends on it):
   1:7>Done building target "_CheckForUnsupportedHostingUsage" in project "FoodStreetPoiAdmin.csproj".
   1:7>Target "_CheckAndUnsetUnsupportedPrefer32Bit" in file "C:\Program Files\dotnet\sdk\10.0.102\Sdks\Microsoft.NET.Sdk\targets\Microsoft.NET.RuntimeIdentifierInference.targets" from project "E:\Study_project\C#\FoodStreet\FoodStreet\FoodStreetPoiAdmin\FoodStreetPoiAdmin.csproj" (target "_CheckForInvalidConfigurationAndPlatform" depends on it):
   1:7>Done building target "_CheckAndUnsetUnsupportedPrefer32Bit" in project "FoodStreetPoiAdmin.csproj".
   1:7>Target "_CheckForLanguageAndFeatureCombinationSupport" in file "C:\Program Files\dotnet\sdk\10.0.102\Sdks\Microsoft.NET.Sdk\targets\Microsoft.NET.RuntimeIdentifierInference.targets" from project "E:\Study_project\C#\FoodStreet\FoodStreet\FoodStreetPoiAdmin\FoodStreetPoiAdmin.csproj" (target "_CheckForInvalidConfigurationAndPlatform" depends on it):
   1:7>Done building target "_CheckForLanguageAndFeatureCombinationSupport" in project "FoodStreetPoiAdmin.csproj".
   1:7>Target "UpdateAspNetToFrameworkReference" in file "C:\Program Files\dotnet\sdk\10.0.102\Sdks\Microsoft.NET.Sdk\targets\Microsoft.NET.Sdk.DefaultItems.Shared.targets" from project "E:\Study_project\C#\FoodStreet\FoodStreet\FoodStreetPoiAdmin\FoodStreetPoiAdmin.csproj" (target "ApplyImplicitVersions" depends on it):
       Using "CheckIfPackageReferenceShouldBeFrameworkReference" task from assembly "C:\Program Files\dotnet\sdk\10.0.102\Sdks\Microsoft.NET.Sdk\targets\..\tools\net10.0\Microsoft.NET.Build.Tasks.dll".
       Task "CheckIfPackageReferenceShouldBeFrameworkReference"
       Done executing task "CheckIfPackageReferenceShouldBeFrameworkReference".
       Task "CheckIfPackageReferenceShouldBeFrameworkReference"
       Done executing task "CheckIfPackageReferenceShouldBeFrameworkReference".
   1:7>Done building target "UpdateAspNetToFrameworkReference" in project "FoodStreetPoiAdmin.csproj".
   1:7>Target "CheckForImplicitPackageReferenceOverrides" in file "C:\Program Files\dotnet\sdk\10.0.102\Sdks\Microsoft.NET.Sdk\targets\Microsoft.NET.Sdk.DefaultItems.Shared.targets" from project "E:\Study_project\C#\FoodStreet\FoodStreet\FoodStreetPoiAdmin\FoodStreetPoiAdmin.csproj" (target "ApplyImplicitVersions" depends on it):
       Using "CheckForImplicitPackageReferenceOverrides" task from assembly "C:\Program Files\dotnet\sdk\10.0.102\Sdks\Microsoft.NET.Sdk\targets\..\tools\net10.0\Microsoft.NET.Build.Tasks.dll".
       Task "CheckForImplicitPackageReferenceOverrides"
       Done executing task "CheckForImplicitPackageReferenceOverrides".
   1:7>Done building target "CheckForImplicitPackageReferenceOverrides" in project "FoodStreetPoiAdmin.csproj".
   1:7>Target "ApplyImplicitVersions" in file "C:\Program Files\dotnet\sdk\10.0.102\Sdks\Microsoft.NET.Sdk\targets\Microsoft.NET.Sdk.DefaultItems.Shared.targets" from project "E:\Study_project\C#\FoodStreet\FoodStreet\FoodStreetPoiAdmin\FoodStreetPoiAdmin.csproj" (target "CollectPackageReferences" depends on it):
       Using "ApplyImplicitVersions" task from assembly "C:\Program Files\dotnet\sdk\10.0.102\Sdks\Microsoft.NET.Sdk\targets\..\tools\net10.0\Microsoft.NET.Build.Tasks.dll".
       Task "ApplyImplicitVersions"
       Done executing task "ApplyImplicitVersions".
   1:7>Done building target "ApplyImplicitVersions" in project "FoodStreetPoiAdmin.csproj".
       Target "CheckForImplicitPackageReferenceOverrides" skipped. Previously built successfully.
   1:7>Target "_ComputeToolPackInputsToProcessFrameworkReferences" in file "C:\Program Files\dotnet\sdk\10.0.102\Sdks\Microsoft.NET.Sdk\targets\Microsoft.NET.Publish.targets" from project "E:\Study_project\C#\FoodStreet\FoodStreet\FoodStreetPoiAdmin\FoodStreetPoiAdmin.csproj" (target "ProcessFrameworkReferences" depends on it):
   1:7>Done building target "_ComputeToolPackInputsToProcessFrameworkReferences" in project "FoodStreetPoiAdmin.csproj".
   1:7>Target "ResolveRequiredWebAssets" in file "C:\Program Files\dotnet\sdk\10.0.102\Sdks\Microsoft.NET.Sdk.Web.ProjectSystem\targets\Microsoft.NET.Sdk.Web.ProjectSystem.targets" from project "E:\Study_project\C#\FoodStreet\FoodStreet\FoodStreetPoiAdmin\FoodStreetPoiAdmin.csproj" (target "ProcessFrameworkReferences" depends on it):
   1:7>Done building target "ResolveRequiredWebAssets" in project "FoodStreetPoiAdmin.csproj".
   1:7>Target "ProcessFrameworkReferences" in file "C:\Program Files\dotnet\sdk\10.0.102\Sdks\Microsoft.NET.Sdk\targets\Microsoft.NET.Sdk.FrameworkReferenceResolution.targets" from project "E:\Study_project\C#\FoodStreet\FoodStreet\FoodStreetPoiAdmin\FoodStreetPoiAdmin.csproj" (target "CollectPackageReferences" depends on it):
       Using "CheckForDuplicateFrameworkReferences" task from assembly "C:\Program Files\dotnet\sdk\10.0.102\Sdks\Microsoft.NET.Sdk\targets\..\tools\net10.0\Microsoft.NET.Build.Tasks.dll".
       Task "CheckForDuplicateFrameworkReferences"
       Done executing task "CheckForDuplicateFrameworkReferences".
       Using "ProcessFrameworkReferences" task from assembly "C:\Program Files\dotnet\sdk\10.0.102\Sdks\Microsoft.NET.Sdk\targets\..\tools\net10.0\Microsoft.NET.Build.Tasks.dll".
       Task "ProcessFrameworkReferences"
         Found 2 known framework references for target framework .NETCoreApp
         Found 5 known runtime packs for target framework .NETCoreApp
         Selected Microsoft.NETCore.App with RIDs 'linux-arm;linux-arm64;linux-musl-arm64;linux-musl-x64;linux-x64;osx-x64;tizen.4.0.0-armel;tizen.5.0.0-armel;win-arm64;win-x64;win-x86;linux-musl-arm;osx-arm64;linux-s390x;linux-loongarch64;linux-bionic-arm;linux-bionic-arm64;linux-bionic-x64;linux-bionic-x86;linux-ppc64le;freebsd-x64;freebsd-arm64;linux-riscv64;linux-musl-riscv64;linux-musl-loongarch64;android-arm64;android-x64'
         Selected targeting pack 'Microsoft.NETCore.App@10.0.2'
         Added runtime framework 'Microsoft.NETCore.App@10.0.0'
         Selected Microsoft.WindowsDesktop.App with RIDs 'win-x64;win-x86;win-arm64'
         Selected targeting pack 'Microsoft.WindowsDesktop.App@10.0.2'
         Added runtime framework 'Microsoft.WindowsDesktop.App@10.0.0'
         Selected Microsoft.WindowsDesktop.App with RIDs 'win-x64;win-x86;win-arm64'
         Selected targeting pack 'Microsoft.WindowsDesktop.App.WPF@10.0.2'
         Added runtime framework 'Microsoft.WindowsDesktop.App@10.0.0'
         Selected Microsoft.WindowsDesktop.App with RIDs 'win-x64;win-x86;win-arm64'
         Selected targeting pack 'Microsoft.WindowsDesktop.App.WindowsForms@10.0.2'
         Added runtime framework 'Microsoft.WindowsDesktop.App@10.0.0'
         Selected Microsoft.AspNetCore.App with RIDs 'win-x64;win-x86;osx-x64;linux-musl-x64;linux-musl-arm64;linux-x64;linux-arm;linux-arm64;linux-musl-arm;win-arm64;osx-arm64;linux-s390x;linux-loongarch64;linux-ppc64le;freebsd-x64;freebsd-arm64;linux-riscv64;linux-musl-riscv64;linux-loongarch64;linux-musl-loongarch64'
         Selected targeting pack 'Microsoft.AspNetCore.App@10.0.2'
         Added runtime framework 'Microsoft.AspNetCore.App@10.0.0'
       Done executing task "ProcessFrameworkReferences".
       Using "ResolveAppHosts" task from assembly "C:\Program Files\dotnet\sdk\10.0.102\Sdks\Microsoft.NET.Sdk\targets\..\tools\net10.0\Microsoft.NET.Build.Tasks.dll".
       Task "ResolveAppHosts"
       Done executing task "ResolveAppHosts".
   1:7>Done building target "ProcessFrameworkReferences" in project "FoodStreetPoiAdmin.csproj".
   1:7>Target "_CheckForObsoleteDotNetCliToolReferences" in file "C:\Program Files\dotnet\sdk\10.0.102\Sdks\Microsoft.NET.Sdk\targets\Microsoft.NET.ObsoleteReferences.targets" from project "E:\Study_project\C#\FoodStreet\FoodStreet\FoodStreetPoiAdmin\FoodStreetPoiAdmin.csproj" (target "CollectPackageReferences" depends on it):
   1:7>Done building target "_CheckForObsoleteDotNetCliToolReferences" in project "FoodStreetPoiAdmin.csproj".
   1:7>Target "CollectPackageReferences" in file "C:\Program Files\dotnet\sdk\10.0.102\NuGet.targets" from project "E:\Study_project\C#\FoodStreet\FoodStreet\FoodStreetPoiAdmin\FoodStreetPoiAdmin.csproj" (target "_GetRestoreProjectStyle" depends on it):
       Using "CheckForDuplicateNuGetItemsTask" task from assembly "C:\Program Files\dotnet\sdk\10.0.102\NuGet.Build.Tasks.dll".
       Task "CheckForDuplicateNuGetItemsTask"
       Done executing task "CheckForDuplicateNuGetItemsTask".
   1:7>Done building target "CollectPackageReferences" in project "FoodStreetPoiAdmin.csproj".
   1:7>Target "_GetRestoreProjectStyle" in file "C:\Program Files\dotnet\sdk\10.0.102\NuGet.targets" from project "E:\Study_project\C#\FoodStreet\FoodStreet\FoodStreetPoiAdmin\FoodStreetPoiAdmin.csproj" (target "EnableIntermediateOutputPathMismatchWarning" depends on it):
       Using "GetRestoreProjectStyleTask" task from assembly "C:\Program Files\dotnet\sdk\10.0.102\NuGet.Build.Tasks.dll".
       Task "GetRestoreProjectStyleTask"
       Done executing task "GetRestoreProjectStyleTask".
   1:7>Done building target "_GetRestoreProjectStyle" in project "FoodStreetPoiAdmin.csproj".
   1:7>Target "EnableIntermediateOutputPathMismatchWarning" in file "C:\Program Files\dotnet\sdk\10.0.102\NuGet.targets" from project "E:\Study_project\C#\FoodStreet\FoodStreet\FoodStreetPoiAdmin\FoodStreetPoiAdmin.csproj" (target "_CheckForInvalidConfigurationAndPlatform" depends on it):
   1:7>Done building target "EnableIntermediateOutputPathMismatchWarning" in project "FoodStreetPoiAdmin.csproj".
       Target "ApplyImplicitVersions" skipped. Previously built successfully.
       Target "CheckForImplicitPackageReferenceOverrides" skipped. Previously built successfully.
   1:7>Target "CheckForDuplicateItems" in file "C:\Program Files\dotnet\sdk\10.0.102\Sdks\Microsoft.NET.Sdk\targets\Microsoft.NET.Sdk.DefaultItems.Shared.targets" from project "E:\Study_project\C#\FoodStreet\FoodStreet\FoodStreetPoiAdmin\FoodStreetPoiAdmin.csproj" (target "_CheckForInvalidConfigurationAndPlatform" depends on it):
       Using "CheckForDuplicateItems" task from assembly "C:\Program Files\dotnet\sdk\10.0.102\Sdks\Microsoft.NET.Sdk\targets\..\tools\net10.0\Microsoft.NET.Build.Tasks.dll".
       Task "CheckForDuplicateItems"
       Done executing task "CheckForDuplicateItems".
       Task "CheckForDuplicateItems"
       Done executing task "CheckForDuplicateItems".
       Task "CheckForDuplicateItems"
       Done executing task "CheckForDuplicateItems".
   1:7>Done building target "CheckForDuplicateItems" in project "FoodStreetPoiAdmin.csproj".
       Target "ProcessFrameworkReferences" skipped. Previously built successfully.
   1:7>Target "_CheckForInvalidConfigurationAndPlatform" in file "C:\Program Files\dotnet\sdk\10.0.102\Microsoft.Common.CurrentVersion.targets" from project "E:\Study_project\C#\FoodStreet\FoodStreet\FoodStreetPoiAdmin\FoodStreetPoiAdmin.csproj" (target "BeforeBuild" depends on it):
       Task "Message"
         Configuration=Debug
       Done executing task "Message".
       Task "Message"
         Platform=AnyCPU
       Done executing task "Message".
   1:7>Done building target "_CheckForInvalidConfigurationAndPlatform" in project "FoodStreetPoiAdmin.csproj".
   1:7>Target "ValidateCommandLineProperties" in file "C:\Program Files\dotnet\sdk\10.0.102\Sdks\Microsoft.NET.Sdk\targets\Microsoft.NET.Sdk.targets" from project "E:\Study_project\C#\FoodStreet\FoodStreet\FoodStreetPoiAdmin\FoodStreetPoiAdmin.csproj" (target "BeforeBuild" depends on it):
   1:7>Done building target "ValidateCommandLineProperties" in project "FoodStreetPoiAdmin.csproj".
   1:7>Target "BeforeBuild" in file "C:\Program Files\dotnet\sdk\10.0.102\Microsoft.Common.CurrentVersion.targets" from project "E:\Study_project\C#\FoodStreet\FoodStreet\FoodStreetPoiAdmin\FoodStreetPoiAdmin.csproj" (target "Build" depends on it):
   1:7>Done building target "BeforeBuild" in project "FoodStreetPoiAdmin.csproj".
   1:7>Target "BuildOnlySettings" in file "C:\Program Files\dotnet\sdk\10.0.102\Microsoft.Common.CurrentVersion.targets" from project "E:\Study_project\C#\FoodStreet\FoodStreet\FoodStreetPoiAdmin\FoodStreetPoiAdmin.csproj" (target "CoreBuild" depends on it):
       C:\Program Files\dotnet\sdk\10.0.102\Microsoft.Common.CurrentVersion.targets(1168,7): message : Property reassignment: $(BuildingProject)="true" (previous value: "false") at C:\Program Files\dotnet\sdk\10.0.102\Microsoft.Common.CurrentVersion.targets (1168,7) [E:\Study_project\C#\FoodStreet\FoodStreet\FoodStreetPoiAdmin\FoodStreetPoiAdmin.csproj]
   1:7>Done building target "BuildOnlySettings" in project "FoodStreetPoiAdmin.csproj".
   1:7>Target "GetFrameworkPaths" in file "C:\Program Files\dotnet\sdk\10.0.102\Sdks\Microsoft.NET.Sdk\targets\Microsoft.NET.DisableStandardFrameworkResolution.targets" from project "E:\Study_project\C#\FoodStreet\FoodStreet\FoodStreetPoiAdmin\FoodStreetPoiAdmin.csproj" (target "PrepareForBuild" depends on it):
   1:7>Done building target "GetFrameworkPaths" in project "FoodStreetPoiAdmin.csproj".
   1:7>Target "GetReferenceAssemblyPaths" in file "C:\Program Files\dotnet\sdk\10.0.102\Sdks\Microsoft.NET.Sdk\targets\Microsoft.NET.DisableStandardFrameworkResolution.targets" from project "E:\Study_project\C#\FoodStreet\FoodStreet\FoodStreetPoiAdmin\FoodStreetPoiAdmin.csproj" (target "PrepareForBuild" depends on it):
   1:7>Done building target "GetReferenceAssemblyPaths" in project "FoodStreetPoiAdmin.csproj".
   1:7>Target "ResolveRazorGenerateInputs" in file "C:\Program Files\dotnet\sdk\10.0.102\Sdks\Microsoft.NET.Sdk.Razor\targets\Sdk.Razor.CurrentVersion.targets" from project "E:\Study_project\C#\FoodStreet\FoodStreet\FoodStreetPoiAdmin\FoodStreetPoiAdmin.csproj" (target "PrepareForBuild" depends on it):
   1:7>Done building target "ResolveRazorGenerateInputs" in project "FoodStreetPoiAdmin.csproj".
   1:7>Target "PrepareForBuild" in file "C:\Program Files\dotnet\sdk\10.0.102\Microsoft.Common.CurrentVersion.targets" from project "E:\Study_project\C#\FoodStreet\FoodStreet\FoodStreetPoiAdmin\FoodStreetPoiAdmin.csproj" (target "CoreBuild" depends on it):
       Using "FindAppConfigFile" task from assembly "Microsoft.Build.Tasks.Core, Version=15.1.0.0, Culture=neutral, PublicKeyToken=b03f5f7f11d50a3a".
       Task "FindAppConfigFile"
       Done executing task "FindAppConfigFile".
       Using "MakeDir" task from assembly "Microsoft.Build.Tasks.Core, Version=15.1.0.0, Culture=neutral, PublicKeyToken=b03f5f7f11d50a3a".
       Task "MakeDir"
       Done executing task "MakeDir".
   1:7>Done building target "PrepareForBuild" in project "FoodStreetPoiAdmin.csproj".
   1:7>Target "GenerateTargetFrameworkDefineConstants" in file "C:\Program Files\dotnet\sdk\10.0.102\Sdks\Microsoft.NET.Sdk\targets\Microsoft.NET.Sdk.BeforeCommon.targets" from project "E:\Study_project\C#\FoodStreet\FoodStreet\FoodStreetPoiAdmin\FoodStreetPoiAdmin.csproj" (target "AddImplicitDefineConstants" depends on it):
   1:7>Done building target "GenerateTargetFrameworkDefineConstants" in project "FoodStreetPoiAdmin.csproj".
   1:7>Target "GenerateNETCompatibleDefineConstants" in file "C:\Program Files\dotnet\sdk\10.0.102\Sdks\Microsoft.NET.Sdk\targets\Microsoft.NET.Sdk.BeforeCommon.targets" from project "E:\Study_project\C#\FoodStreet\FoodStreet\FoodStreetPoiAdmin\FoodStreetPoiAdmin.csproj" (target "AddImplicitDefineConstants" depends on it):
   1:7>Done building target "GenerateNETCompatibleDefineConstants" in project "FoodStreetPoiAdmin.csproj".
   1:7>Target "AddImplicitDefineConstants" in file "C:\Program Files\dotnet\sdk\10.0.102\Sdks\Microsoft.NET.Sdk\targets\Microsoft.NET.Sdk.BeforeCommon.targets" from project "E:\Study_project\C#\FoodStreet\FoodStreet\FoodStreetPoiAdmin\FoodStreetPoiAdmin.csproj" (target "CoreBuild" depends on it):
       C:\Program Files\dotnet\sdk\10.0.102\Sdks\Microsoft.NET.Sdk\targets\Microsoft.NET.Sdk.BeforeCommon.targets(295,7): message : Property reassignment: $(DefineConstants)="TRACE;DEBUG;NET;NET10_0;NETCOREAPP;NET5_0_OR_GREATER;NET6_0_OR_GREATER;NET7_0_OR_GREATER;NET8_0_OR_GREATER;NET9_0_OR_GREATER;NET10_0_OR_GREATER;NETCOREAPP1_0_OR_GREATER;NETCOREAPP1_1_OR_GREATER;NETCOREAPP2_0_OR_GREATER;NETCOREAPP2_1_OR_GREATER;NETCOREAPP2_2_OR_GREATER;NETCOREAPP3_0_OR_GREATER;NETCOREAPP3_1_OR_GREATER" (previous value: "TRACE;DEBUG") at C:\Program Files\dotnet\sdk\10.0.102\Sdks\Microsoft.NET.Sdk\targets\Microsoft.NET.Sdk.BeforeCommon.targets (295,7) [E:\Study_project\C#\FoodStreet\FoodStreet\FoodStreetPoiAdmin\FoodStreetPoiAdmin.csproj]
   1:7>Done building target "AddImplicitDefineConstants" in project "FoodStreetPoiAdmin.csproj".
   1:7>Target "ResolveRazorComponentInputs" in file "C:\Program Files\dotnet\sdk\10.0.102\Sdks\Microsoft.NET.Sdk.Razor\targets\Sdk.Razor.CurrentVersion.targets" from project "E:\Study_project\C#\FoodStreet\FoodStreet\FoodStreetPoiAdmin\FoodStreetPoiAdmin.csproj" (target "_AddEmbeddedValidationAttribute" depends on it):
   1:7>Done building target "ResolveRazorComponentInputs" in project "FoodStreetPoiAdmin.csproj".
       Target "ResolveRazorGenerateInputs" skipped. Previously built successfully.
   1:7>Target "_AddEmbeddedValidationAttribute" in file "C:\Program Files\dotnet\sdk\10.0.102\Sdks\Microsoft.NET.Sdk.Razor\targets\Sdk.Razor.CurrentVersion.targets" from project "E:\Study_project\C#\FoodStreet\FoodStreet\FoodStreetPoiAdmin\FoodStreetPoiAdmin.csproj" (target "GenerateGlobalUsings" depends on it):
   1:7>Done building target "_AddEmbeddedValidationAttribute" in project "FoodStreetPoiAdmin.csproj".
   1:7>Target "GenerateGlobalUsings" in file "C:\Program Files\dotnet\sdk\10.0.102\Sdks\Microsoft.NET.Sdk\targets\Microsoft.NET.GenerateGlobalUsings.targets" from project "E:\Study_project\C#\FoodStreet\FoodStreet\FoodStreetPoiAdmin\FoodStreetPoiAdmin.csproj" (target "CoreBuild" depends on it):
       Using "GenerateGlobalUsings" task from assembly "C:\Program Files\dotnet\sdk\10.0.102\Sdks\Microsoft.NET.Sdk\targets\..\tools\net10.0\Microsoft.NET.Build.Tasks.dll".
       Task "GenerateGlobalUsings"
       Done executing task "GenerateGlobalUsings".
       Using "WriteLinesToFile" task from assembly "Microsoft.Build.Tasks.Core, Version=15.1.0.0, Culture=neutral, PublicKeyToken=b03f5f7f11d50a3a".
       Task "WriteLinesToFile"
         Skipping write to file "obj\Debug\net10.0\FoodStreetPoiAdmin.GlobalUsings.g.cs" because content would not change.
       Done executing task "WriteLinesToFile".
   1:7>Done building target "GenerateGlobalUsings" in project "FoodStreetPoiAdmin.csproj".
   1:7>Target "BeforeResolveReferences" in file "C:\Program Files\dotnet\sdk\10.0.102\Microsoft.Common.CurrentVersion.targets" from project "E:\Study_project\C#\FoodStreet\FoodStreet\FoodStreetPoiAdmin\FoodStreetPoiAdmin.csproj" (target "ResolveReferences" depends on it):
   1:7>Done building target "BeforeResolveReferences" in project "FoodStreetPoiAdmin.csproj".
   1:7>Target "IgnoreJavaScriptOutputAssembly" in file "C:\Program Files\dotnet\sdk\10.0.102\Microsoft.Common.CurrentVersion.targets" from project "E:\Study_project\C#\FoodStreet\FoodStreet\FoodStreetPoiAdmin\FoodStreetPoiAdmin.csproj" (target "AssignProjectConfiguration" depends on it):
   1:7>Done building target "IgnoreJavaScriptOutputAssembly" in project "FoodStreetPoiAdmin.csproj".
       Target "ProcessFrameworkReferences" skipped. Previously built successfully.
   1:7>Target "_DefaultMicrosoftNETPlatformLibrary" in file "C:\Program Files\dotnet\sdk\10.0.102\Sdks\Microsoft.NET.Sdk\targets\Microsoft.NET.Sdk.Shared.targets" from project "E:\Study_project\C#\FoodStreet\FoodStreet\FoodStreetPoiAdmin\FoodStreetPoiAdmin.csproj" (target "ResolvePackageAssets" depends on it):
   1:7>Done building target "_DefaultMicrosoftNETPlatformLibrary" in project "FoodStreetPoiAdmin.csproj".
   1:7>Target "_ComputePackageReferencePublish" in file "C:\Program Files\dotnet\sdk\10.0.102\Sdks\Microsoft.NET.Sdk\targets\Microsoft.NET.Sdk.Shared.targets" from project "E:\Study_project\C#\FoodStreet\FoodStreet\FoodStreetPoiAdmin\FoodStreetPoiAdmin.csproj" (target "ResolvePackageAssets" depends on it):
   1:7>Done building target "_ComputePackageReferencePublish" in project "FoodStreetPoiAdmin.csproj".
   1:7>Target "ResolvePackageAssets" in file "C:\Program Files\dotnet\sdk\10.0.102\Sdks\Microsoft.NET.Sdk\targets\Microsoft.PackageDependencyResolution.targets" from project "E:\Study_project\C#\FoodStreet\FoodStreet\FoodStreetPoiAdmin\FoodStreetPoiAdmin.csproj" (target "ResolveLockFileReferences" depends on it):
       Using "ResolvePackageAssets" task from assembly "C:\Program Files\dotnet\sdk\10.0.102\Sdks\Microsoft.NET.Sdk\targets\..\tools\net10.0\Microsoft.NET.Build.Tasks.dll".
       Task "ResolvePackageAssets"
       Done executing task "ResolvePackageAssets".
   1:7>Done building target "ResolvePackageAssets" in project "FoodStreetPoiAdmin.csproj".
   1:7>Target "_CheckForTransitiveWindowsDesktopDependencies" in file "C:\Program Files\dotnet\sdk\10.0.102\Sdks\Microsoft.NET.Sdk\targets\Microsoft.NET.Sdk.DefaultItems.Shared.targets" from project "E:\Study_project\C#\FoodStreet\FoodStreet\FoodStreetPoiAdmin\FoodStreetPoiAdmin.csproj" (target "ResolveLockFileReferences" depends on it):
   1:7>Done building target "_CheckForTransitiveWindowsDesktopDependencies" in project "FoodStreetPoiAdmin.csproj".
   1:7>Target "AddTransitiveFrameworkReferences" in file "C:\Program Files\dotnet\sdk\10.0.102\Sdks\Microsoft.NET.Sdk\targets\Microsoft.NET.Sdk.FrameworkReferenceResolution.targets" from project "E:\Study_project\C#\FoodStreet\FoodStreet\FoodStreetPoiAdmin\FoodStreetPoiAdmin.csproj" (target "ResolveLockFileReferences" depends on it):
   1:7>Done building target "AddTransitiveFrameworkReferences" in project "FoodStreetPoiAdmin.csproj".
   1:7>Target "ResolveLockFileReferences" in file "C:\Program Files\dotnet\sdk\10.0.102\Sdks\Microsoft.NET.Sdk\targets\Microsoft.PackageDependencyResolution.targets" from project "E:\Study_project\C#\FoodStreet\FoodStreet\FoodStreetPoiAdmin\FoodStreetPoiAdmin.csproj" (target "ResolvePackageDependenciesForBuild" depends on it):
       Using "JoinItems" task from assembly "C:\Program Files\dotnet\sdk\10.0.102\Sdks\Microsoft.NET.Sdk\targets\..\tools\net10.0\Microsoft.NET.Build.Tasks.dll".
       Task "JoinItems"
       Done executing task "JoinItems".
   1:7>Done building target "ResolveLockFileReferences" in project "FoodStreetPoiAdmin.csproj".
       Target "ResolvePackageAssets" skipped. Previously built successfully.
   1:7>Target "ResolveLockFileAnalyzers" in file "C:\Program Files\dotnet\sdk\10.0.102\Sdks\Microsoft.NET.Sdk\targets\Microsoft.PackageDependencyResolution.targets" from project "E:\Study_project\C#\FoodStreet\FoodStreet\FoodStreetPoiAdmin\FoodStreetPoiAdmin.csproj" (target "ResolvePackageDependenciesForBuild" depends on it):
   1:7>Done building target "ResolveLockFileAnalyzers" in project "FoodStreetPoiAdmin.csproj".
       Target "ResolvePackageAssets" skipped. Previously built successfully.
   1:7>Target "ResolveLockFileCopyLocalFiles" in file "C:\Program Files\dotnet\sdk\10.0.102\Sdks\Microsoft.NET.Sdk\targets\Microsoft.PackageDependencyResolution.targets" from project "E:\Study_project\C#\FoodStreet\FoodStreet\FoodStreetPoiAdmin\FoodStreetPoiAdmin.csproj" (target "ResolvePackageDependenciesForBuild" depends on it):
   1:7>Done building target "ResolveLockFileCopyLocalFiles" in project "FoodStreetPoiAdmin.csproj".
       Target "ResolvePackageAssets" skipped. Previously built successfully.
   1:7>Target "IncludeTransitiveProjectReferences" in file "C:\Program Files\dotnet\sdk\10.0.102\Sdks\Microsoft.NET.Sdk\targets\Microsoft.PackageDependencyResolution.targets" from project "E:\Study_project\C#\FoodStreet\FoodStreet\FoodStreetPoiAdmin\FoodStreetPoiAdmin.csproj" (target "ResolvePackageDependenciesForBuild" depends on it):
   1:7>Done building target "IncludeTransitiveProjectReferences" in project "FoodStreetPoiAdmin.csproj".
   1:7>Target "ResolvePackageDependenciesForBuild" in file "C:\Program Files\dotnet\sdk\10.0.102\Sdks\Microsoft.NET.Sdk\targets\Microsoft.PackageDependencyResolution.targets" from project "E:\Study_project\C#\FoodStreet\FoodStreet\FoodStreetPoiAdmin\FoodStreetPoiAdmin.csproj" (target "AssignProjectConfiguration" depends on it):
   1:7>Done building target "ResolvePackageDependenciesForBuild" in project "FoodStreetPoiAdmin.csproj".
   1:7>Target "_SplitProjectReferencesByFileExistence" in file "C:\Program Files\dotnet\sdk\10.0.102\Microsoft.Common.CurrentVersion.targets" from project "E:\Study_project\C#\FoodStreet\FoodStreet\FoodStreetPoiAdmin\FoodStreetPoiAdmin.csproj" (target "PrepareProjectReferences" depends on it):
   1:7>Done building target "_SplitProjectReferencesByFileExistence" in project "FoodStreetPoiAdmin.csproj".
   1:7>Target "_AddOutputPathToGlobalPropertiesToRemove" in file "C:\Program Files\dotnet\sdk\10.0.102\Microsoft.Common.CurrentVersion.targets" from project "E:\Study_project\C#\FoodStreet\FoodStreet\FoodStreetPoiAdmin\FoodStreetPoiAdmin.csproj" (target "_GetProjectReferenceTargetFrameworkProperties" depends on it):
   1:7>Done building target "_AddOutputPathToGlobalPropertiesToRemove" in project "FoodStreetPoiAdmin.csproj".
   1:7>Target "_GetProjectReferenceTargetFrameworkProperties" in file "C:\Program Files\dotnet\sdk\10.0.102\Microsoft.Common.CurrentVersion.targets" from project "E:\Study_project\C#\FoodStreet\FoodStreet\FoodStreetPoiAdmin\FoodStreetPoiAdmin.csproj" (target "PrepareProjectReferences" depends on it):
       Task "MSBuild"
       Done executing task "MSBuild".
       Using "SetRidAgnosticValueForProjects" task from assembly "Microsoft.Build.Tasks.Core, Version=15.1.0.0, Culture=neutral, PublicKeyToken=b03f5f7f11d50a3a".
       Task "SetRidAgnosticValueForProjects"
       Done executing task "SetRidAgnosticValueForProjects".
   1:7>Done building target "_GetProjectReferenceTargetFrameworkProperties" in project "FoodStreetPoiAdmin.csproj".
   1:7>Target "_CalculateIsVSTestTestProject" in file "C:\Program Files\dotnet\sdk\10.0.102\Sdks\Microsoft.NET.Sdk\targets\Microsoft.NET.Sdk.targets" from project "E:\Study_project\C#\FoodStreet\FoodStreet\FoodStreetPoiAdmin\FoodStreetPoiAdmin.csproj" (target "ValidateExecutableReferences" depends on it):
   1:7>Done building target "_CalculateIsVSTestTestProject" in project "FoodStreetPoiAdmin.csproj".
   1:7>Target "ValidateExecutableReferences" in file "C:\Program Files\dotnet\sdk\10.0.102\Sdks\Microsoft.NET.Sdk\targets\Microsoft.NET.Sdk.targets" from project "E:\Study_project\C#\FoodStreet\FoodStreet\FoodStreetPoiAdmin\FoodStreetPoiAdmin.csproj" (target "PrepareProjectReferences" depends on it):
       Using "ValidateExecutableReferences" task from assembly "C:\Program Files\dotnet\sdk\10.0.102\Sdks\Microsoft.NET.Sdk\targets\..\tools\net10.0\Microsoft.NET.Build.Tasks.dll".
       Task "ValidateExecutableReferences"
       Done executing task "ValidateExecutableReferences".
   1:7>Done building target "ValidateExecutableReferences" in project "FoodStreetPoiAdmin.csproj".
   1:7>Target "PrepareProjectReferences" in file "C:\Program Files\dotnet\sdk\10.0.102\Microsoft.Common.CurrentVersion.targets" from project "E:\Study_project\C#\FoodStreet\FoodStreet\FoodStreetPoiAdmin\FoodStreetPoiAdmin.csproj" (target "ResolveProjectReferences" depends on it):
   1:7>Done building target "PrepareProjectReferences" in project "FoodStreetPoiAdmin.csproj".
   1:7>Target "ResolveProjectReferences" in file "C:\Program Files\dotnet\sdk\10.0.102\Microsoft.Common.CurrentVersion.targets" from project "E:\Study_project\C#\FoodStreet\FoodStreet\FoodStreetPoiAdmin\FoodStreetPoiAdmin.csproj" (target "ResolveReferences" depends on it):
   1:7>Done building target "ResolveProjectReferences" in project "FoodStreetPoiAdmin.csproj".
       Target "ResolveProjectReferences" skipped. Previously built successfully.
       Target "GetFrameworkPaths" skipped. Previously built successfully.
       Target "GetReferenceAssemblyPaths" skipped. Previously built successfully.
       Target "PrepareForBuild" skipped. Previously built successfully.
   1:7>Target "ResolveSDKReferences" in file "C:\Program Files\dotnet\sdk\10.0.102\Microsoft.Common.CurrentVersion.targets" from project "E:\Study_project\C#\FoodStreet\FoodStreet\FoodStreetPoiAdmin\FoodStreetPoiAdmin.csproj" (target "ResolveAssemblyReferences" depends on it):
   1:7>Done building target "ResolveSDKReferences" in project "FoodStreetPoiAdmin.csproj".
       Target "ResolveSDKReferences" skipped. Previously built successfully.
   1:7>Target "ExpandSDKReferences" in file "C:\Program Files\dotnet\sdk\10.0.102\Microsoft.Common.CurrentVersion.targets" from project "E:\Study_project\C#\FoodStreet\FoodStreet\FoodStreetPoiAdmin\FoodStreetPoiAdmin.csproj" (target "ResolveAssemblyReferences" depends on it):
   1:7>Done building target "ExpandSDKReferences" in project "FoodStreetPoiAdmin.csproj".
       Target "ResolvePackageDependenciesForBuild" skipped. Previously built successfully.
       Target "GetFrameworkPaths" skipped. Previously built successfully.
       Target "GetReferenceAssemblyPaths" skipped. Previously built successfully.
       Target "ProcessFrameworkReferences" skipped. Previously built successfully.
       Target "ResolvePackageAssets" skipped. Previously built successfully.
   1:7>Target "ResolveFrameworkReferences" in file "C:\Program Files\dotnet\sdk\10.0.102\Sdks\Microsoft.NET.Sdk\targets\Microsoft.NET.Sdk.FrameworkReferenceResolution.targets" from project "E:\Study_project\C#\FoodStreet\FoodStreet\FoodStreetPoiAdmin\FoodStreetPoiAdmin.csproj" (target "ResolveTargetingPackAssets" depends on it):
       Using "GetPackageDirectory" task from assembly "C:\Program Files\dotnet\sdk\10.0.102\Sdks\Microsoft.NET.Sdk\targets\..\tools\net10.0\Microsoft.NET.Build.Tasks.dll".
       Task "GetPackageDirectory"
       Done executing task "GetPackageDirectory".
       Task "GetPackageDirectory"
       Done executing task "GetPackageDirectory".
       Task "GetPackageDirectory"
       Done executing task "GetPackageDirectory".
       Task "GetPackageDirectory"
       Done executing task "GetPackageDirectory".
       Task "GetPackageDirectory"
       Done executing task "GetPackageDirectory".
       Task "GetPackageDirectory"
       Done executing task "GetPackageDirectory".
       Task "GetPackageDirectory"
       Done executing task "GetPackageDirectory".
       Task "GetPackageDirectory"
       Done executing task "GetPackageDirectory".
       Task "GetPackageDirectory"
       Done executing task "GetPackageDirectory".
       Task "GetPackageDirectory"
       Done executing task "GetPackageDirectory".
       Using "ResolveFrameworkReferences" task from assembly "C:\Program Files\dotnet\sdk\10.0.102\Sdks\Microsoft.NET.Sdk\targets\..\tools\net10.0\Microsoft.NET.Build.Tasks.dll".
       Task "ResolveFrameworkReferences"
       Done executing task "ResolveFrameworkReferences".
   1:7>Done building target "ResolveFrameworkReferences" in project "FoodStreetPoiAdmin.csproj".
   1:7>Target "ResolveTargetingPackAssets" in file "C:\Program Files\dotnet\sdk\10.0.102\Sdks\Microsoft.NET.Sdk\targets\Microsoft.NET.Sdk.FrameworkReferenceResolution.targets" from project "E:\Study_project\C#\FoodStreet\FoodStreet\FoodStreetPoiAdmin\FoodStreetPoiAdmin.csproj" (target "_HandlePackageFileConflicts" depends on it):
       Using "ResolveTargetingPackAssets" task from assembly "C:\Program Files\dotnet\sdk\10.0.102\Sdks\Microsoft.NET.Sdk\targets\..\tools\net10.0\Microsoft.NET.Build.Tasks.dll".
       Task "ResolveTargetingPackAssets"
       Done executing task "ResolveTargetingPackAssets".
   1:7>Done building target "ResolveTargetingPackAssets" in project "FoodStreetPoiAdmin.csproj".
   1:7>Target "ResolveOffByDefaultAnalyzers" in file "C:\Program Files\dotnet\sdk\10.0.102\Sdks\Microsoft.NET.Sdk\targets\Microsoft.NET.Sdk.FrameworkReferenceResolution.targets" from project "E:\Study_project\C#\FoodStreet\FoodStreet\FoodStreetPoiAdmin\FoodStreetPoiAdmin.csproj" (target "_HandlePackageFileConflicts" depends on it):
   1:7>Done building target "ResolveOffByDefaultAnalyzers" in project "FoodStreetPoiAdmin.csproj".
   1:7>Target "_HandlePackageFileConflicts" in file "C:\Program Files\dotnet\sdk\10.0.102\Sdks\Microsoft.NET.Sdk\targets\Microsoft.NET.ConflictResolution.targets" from project "E:\Study_project\C#\FoodStreet\FoodStreet\FoodStreetPoiAdmin\FoodStreetPoiAdmin.csproj" (target "ResolveAssemblyReferences" depends on it):
       Using "ResolvePackageFileConflicts" task from assembly "C:\Program Files\dotnet\sdk\10.0.102\Sdks\Microsoft.NET.Sdk\targets\..\tools\net10.0\Microsoft.NET.Build.Tasks.dll".
       Task "ResolvePackageFileConflicts"
         Encountered conflict between 'Platform:mscorlib.dll' and 'Platform:mscorlib.dll'. Could not determine winner due to equal file and assembly versions.
         Encountered conflict between 'Platform:Microsoft.VisualBasic.dll' and 'Platform:Microsoft.VisualBasic.dll'. Could not determine winner due to equal file and assembly versions.
         Encountered conflict between 'Platform:System.dll' and 'Platform:System.dll'. Could not determine winner due to equal file and assembly versions.
         Encountered conflict between 'Platform:System.ComponentModel.DataAnnotations.dll' and 'Platform:System.ComponentModel.DataAnnotations.dll'. Could not determine winner due to equal file and assembly versions.
         Encountered conflict between 'Platform:System.Configuration.dll' and 'Platform:System.Configuration.dll'. Could not determine winner due to equal file and assembly versions.
         Encountered conflict between 'Platform:System.Core.dll' and 'Platform:System.Core.dll'. Could not determine winner due to equal file and assembly versions.
         Encountered conflict between 'Platform:System.Data.dll' and 'Platform:System.Data.dll'. Could not determine winner due to equal file and assembly versions.
         Encountered conflict between 'Platform:System.Drawing.dll' and 'Platform:System.Drawing.dll'. Could not determine winner due to equal file and assembly versions.
         Encountered conflict between 'Platform:System.IO.Compression.FileSystem.dll' and 'Platform:System.IO.Compression.FileSystem.dll'. Could not determine winner due to equal file and assembly versions.
         Encountered conflict between 'Platform:System.Net.dll' and 'Platform:System.Net.dll'. Could not determine winner due to equal file and assembly versions.
         Encountered conflict between 'Platform:System.Numerics.dll' and 'Platform:System.Numerics.dll'. Could not determine winner due to equal file and assembly versions.
         Encountered conflict between 'Platform:System.Runtime.Serialization.dll' and 'Platform:System.Runtime.Serialization.dll'. Could not determine winner due to equal file and assembly versions.
         Encountered conflict between 'Platform:System.Security.dll' and 'Platform:System.Security.dll'. Could not determine winner due to equal file and assembly versions.
         Encountered conflict between 'Platform:System.ServiceProcess.dll' and 'Platform:System.ServiceProcess.dll'. Could not determine winner due to equal file and assembly versions.
         Encountered conflict between 'Platform:System.ServiceModel.Web.dll' and 'Platform:System.ServiceModel.Web.dll'. Could not determine winner due to equal file and assembly versions.
         Encountered conflict between 'Platform:System.Transactions.dll' and 'Platform:System.Transactions.dll'. Could not determine winner due to equal file and assembly versions.
         Encountered conflict between 'Platform:System.Web.dll' and 'Platform:System.Web.dll'. Could not determine winner due to equal file and assembly versions.
         Encountered conflict between 'Platform:System.Windows.dll' and 'Platform:System.Windows.dll'. Could not determine winner due to equal file and assembly versions.
         Encountered conflict between 'Platform:System.Xml.dll' and 'Platform:System.Xml.dll'. Could not determine winner due to equal file and assembly versions.
         Encountered conflict between 'Platform:System.Xml.Serialization.dll' and 'Platform:System.Xml.Serialization.dll'. Could not determine winner due to equal file and assembly versions.
         Encountered conflict between 'Platform:System.Xml.Linq.dll' and 'Platform:System.Xml.Linq.dll'. Could not determine winner due to equal file and assembly versions.
         Encountered conflict between 'Platform:WindowsBase.dll' and 'Platform:WindowsBase.dll'. Could not determine winner due to equal file and assembly versions.
         Encountered conflict between 'Platform:netstandard.dll' and 'Platform:netstandard.dll'. Could not determine winner due to equal file and assembly versions.
         Encountered conflict between 'Platform:System.Private.CoreLib.dll' and 'Platform:System.Private.CoreLib.dll'. Could not determine winner due to equal file and assembly versions.
         Encountered conflict between 'Platform:System.Private.DataContractSerialization.dll' and 'Platform:System.Private.DataContractSerialization.dll'. Could not determine winner due to equal file and assembly versions.
         Encountered conflict between 'Platform:System.Private.Uri.dll' and 'Platform:System.Private.Uri.dll'. Could not determine winner due to equal file and assembly versions.
         Encountered conflict between 'Platform:System.Private.Xml.dll' and 'Platform:System.Private.Xml.dll'. Could not determine winner due to equal file and assembly versions.
         Encountered conflict between 'Platform:System.Private.Xml.Linq.dll' and 'Platform:System.Private.Xml.Linq.dll'. Could not determine winner due to equal file and assembly versions.
         Encountered conflict between 'Platform:mscordaccore_amd64_amd64_10.0.225.61305.dll' and 'Platform:mscordaccore_amd64_amd64_10.0.225.61305.dll'. Could not determine winner due to equal file and assembly versions.
       Done executing task "ResolvePackageFileConflicts".
   1:7>Done building target "_HandlePackageFileConflicts" in project "FoodStreetPoiAdmin.csproj".
       Target "ResolveTargetingPackAssets" skipped. Previously built successfully.
   1:7>Target "ResolveAssemblyReferences" in file "C:\Program Files\dotnet\sdk\10.0.102\Microsoft.Common.CurrentVersion.targets" from project "E:\Study_project\C#\FoodStreet\FoodStreet\FoodStreetPoiAdmin\FoodStreetPoiAdmin.csproj" (target "ResolveReferences" depends on it):
       Using "ResolveAssemblyReference" task from assembly "Microsoft.Build.Tasks.Core, Version=15.1.0.0, Culture=neutral, PublicKeyToken=b03f5f7f11d50a3a".
       Task "ResolveAssemblyReference"
         TargetFrameworkMoniker:
             .NETCoreApp,Version=v10.0
         TargetFrameworkMonikerDisplayName:
             .NET 10.0
         TargetedRuntimeVersion:
             
         Assemblies:
             C:\Users\lenovo\.nuget\packages\bcrypt.net-next\4.0.3\lib\net6.0\BCrypt.Net-Next.dll
                 Private = 'false'
                 HintPath = 'C:\Users\lenovo\.nuget\packages\bcrypt.net-next\4.0.3\lib\net6.0\BCrypt.Net-Next.dll'
             C:\Users\lenovo\.nuget\packages\microsoft.aspnetcore.authentication.jwtbearer\10.0.0\lib\net10.0\Microsoft.AspNetCore.Authentication.JwtBearer.dll
                 Private = 'false'
                 HintPath = 'C:\Users\lenovo\.nuget\packages\microsoft.aspnetcore.authentication.jwtbearer\10.0.0\lib\net10.0\Microsoft.AspNetCore.Authentication.JwtBearer.dll'
             C:\Users\lenovo\.nuget\packages\microsoft.data.sqlite.core\10.0.0\lib\net8.0\Microsoft.Data.Sqlite.dll
                 Private = 'false'
                 HintPath = 'C:\Users\lenovo\.nuget\packages\microsoft.data.sqlite.core\10.0.0\lib\net8.0\Microsoft.Data.Sqlite.dll'
             C:\Users\lenovo\.nuget\packages\microsoft.identitymodel.abstractions\8.0.1\lib\net9.0\Microsoft.IdentityModel.Abstractions.dll
                 Private = 'false'
                 HintPath = 'C:\Users\lenovo\.nuget\packages\microsoft.identitymodel.abstractions\8.0.1\lib\net9.0\Microsoft.IdentityModel.Abstractions.dll'
             C:\Users\lenovo\.nuget\packages\microsoft.identitymodel.jsonwebtokens\8.0.1\lib\net9.0\Microsoft.IdentityModel.JsonWebTokens.dll
                 Private = 'false'
                 HintPath = 'C:\Users\lenovo\.nuget\packages\microsoft.identitymodel.jsonwebtokens\8.0.1\lib\net9.0\Microsoft.IdentityModel.JsonWebTokens.dll'
             C:\Users\lenovo\.nuget\packages\microsoft.identitymodel.logging\8.0.1\lib\net9.0\Microsoft.IdentityModel.Logging.dll
                 Private = 'false'
                 HintPath = 'C:\Users\lenovo\.nuget\packages\microsoft.identitymodel.logging\8.0.1\lib\net9.0\Microsoft.IdentityModel.Logging.dll'
             C:\Users\lenovo\.nuget\packages\microsoft.identitymodel.protocols\8.0.1\lib\net9.0\Microsoft.IdentityModel.Protocols.dll
                 Private = 'false'
                 HintPath = 'C:\Users\lenovo\.nuget\packages\microsoft.identitymodel.protocols\8.0.1\lib\net9.0\Microsoft.IdentityModel.Protocols.dll'
             C:\Users\lenovo\.nuget\packages\microsoft.identitymodel.protocols.openidconnect\8.0.1\lib\net9.0\Microsoft.IdentityModel.Protocols.OpenIdConnect.dll
                 Private = 'false'
                 HintPath = 'C:\Users\lenovo\.nuget\packages\microsoft.identitymodel.protocols.openidconnect\8.0.1\lib\net9.0\Microsoft.IdentityModel.Protocols.OpenIdConnect.dll'
             C:\Users\lenovo\.nuget\packages\microsoft.identitymodel.tokens\8.0.1\lib\net9.0\Microsoft.IdentityModel.Tokens.dll
                 Private = 'false'
                 HintPath = 'C:\Users\lenovo\.nuget\packages\microsoft.identitymodel.tokens\8.0.1\lib\net9.0\Microsoft.IdentityModel.Tokens.dll'
             C:\Users\lenovo\.nuget\packages\sqlitepclraw.bundle_e_sqlite3\2.1.11\lib\netstandard2.0\SQLitePCLRaw.batteries_v2.dll
                 Private = 'false'
                 HintPath = 'C:\Users\lenovo\.nuget\packages\sqlitepclraw.bundle_e_sqlite3\2.1.11\lib\netstandard2.0\SQLitePCLRaw.batteries_v2.dll'
             C:\Users\lenovo\.nuget\packages\sqlitepclraw.core\2.1.11\lib\netstandard2.0\SQLitePCLRaw.core.dll
                 Private = 'false'
                 HintPath = 'C:\Users\lenovo\.nuget\packages\sqlitepclraw.core\2.1.11\lib\netstandard2.0\SQLitePCLRaw.core.dll'
             C:\Users\lenovo\.nuget\packages\sqlitepclraw.provider.e_sqlite3\2.1.11\lib\net6.0\SQLitePCLRaw.provider.e_sqlite3.dll
                 Private = 'false'
                 HintPath = 'C:\Users\lenovo\.nuget\packages\sqlitepclraw.provider.e_sqlite3\2.1.11\lib\net6.0\SQLitePCLRaw.provider.e_sqlite3.dll'
             C:\Users\lenovo\.nuget\packages\system.identitymodel.tokens.jwt\8.0.1\lib\net9.0\System.IdentityModel.Tokens.Jwt.dll
                 Private = 'false'
                 HintPath = 'C:\Users\lenovo\.nuget\packages\system.identitymodel.tokens.jwt\8.0.1\lib\net9.0\System.IdentityModel.Tokens.Jwt.dll'
             C:\Program Files\dotnet\packs\Microsoft.NETCore.App.Ref\10.0.2\ref/net10.0/Microsoft.CSharp.dll
                 Private = 'false'
             C:\Program Files\dotnet\packs\Microsoft.NETCore.App.Ref\10.0.2\ref/net10.0/Microsoft.VisualBasic.Core.dll
                 Private = 'false'
             C:\Program Files\dotnet\packs\Microsoft.NETCore.App.Ref\10.0.2\ref/net10.0/Microsoft.VisualBasic.dll
                 Private = 'false'
             C:\Program Files\dotnet\packs\Microsoft.NETCore.App.Ref\10.0.2\ref/net10.0/Microsoft.Win32.Primitives.dll
                 Private = 'false'
             C:\Program Files\dotnet\packs\Microsoft.NETCore.App.Ref\10.0.2\ref/net10.0/Microsoft.Win32.Registry.dll
                 Private = 'false'
             C:\Program Files\dotnet\packs\Microsoft.NETCore.App.Ref\10.0.2\ref/net10.0/System.AppContext.dll
                 Private = 'false'
             C:\Program Files\dotnet\packs\Microsoft.NETCore.App.Ref\10.0.2\ref/net10.0/System.Buffers.dll
                 Private = 'false'
             C:\Program Files\dotnet\packs\Microsoft.NETCore.App.Ref\10.0.2\ref/net10.0/System.Collections.Concurrent.dll
                 Private = 'false'
             C:\Program Files\dotnet\packs\Microsoft.NETCore.App.Ref\10.0.2\ref/net10.0/System.Collections.Immutable.dll
                 Private = 'false'
             C:\Program Files\dotnet\packs\Microsoft.NETCore.App.Ref\10.0.2\ref/net10.0/System.Collections.NonGeneric.dll
                 Private = 'false'
             C:\Program Files\dotnet\packs\Microsoft.NETCore.App.Ref\10.0.2\ref/net10.0/System.Collections.Specialized.dll
                 Private = 'false'
             C:\Program Files\dotnet\packs\Microsoft.NETCore.App.Ref\10.0.2\ref/net10.0/System.Collections.dll
                 Private = 'false'
             C:\Program Files\dotnet\packs\Microsoft.NETCore.App.Ref\10.0.2\ref/net10.0/System.ComponentModel.Annotations.dll
                 Private = 'false'
             C:\Program Files\dotnet\packs\Microsoft.NETCore.App.Ref\10.0.2\ref/net10.0/System.ComponentModel.DataAnnotations.dll
                 Private = 'false'
             C:\Program Files\dotnet\packs\Microsoft.NETCore.App.Ref\10.0.2\ref/net10.0/System.ComponentModel.EventBasedAsync.dll
                 Private = 'false'
             C:\Program Files\dotnet\packs\Microsoft.NETCore.App.Ref\10.0.2\ref/net10.0/System.ComponentModel.Primitives.dll
                 Private = 'false'
             C:\Program Files\dotnet\packs\Microsoft.NETCore.App.Ref\10.0.2\ref/net10.0/System.ComponentModel.TypeConverter.dll
                 Private = 'false'
             C:\Program Files\dotnet\packs\Microsoft.NETCore.App.Ref\10.0.2\ref/net10.0/System.ComponentModel.dll
                 Private = 'false'
             C:\Program Files\dotnet\packs\Microsoft.NETCore.App.Ref\10.0.2\ref/net10.0/System.Configuration.dll
                 Private = 'false'
             C:\Program Files\dotnet\packs\Microsoft.NETCore.App.Ref\10.0.2\ref/net10.0/System.Console.dll
                 Private = 'false'
             C:\Program Files\dotnet\packs\Microsoft.NETCore.App.Ref\10.0.2\ref/net10.0/System.Core.dll
                 Private = 'false'
             C:\Program Files\dotnet\packs\Microsoft.NETCore.App.Ref\10.0.2\ref/net10.0/System.Data.Common.dll
                 Private = 'false'
             C:\Program Files\dotnet\packs\Microsoft.NETCore.App.Ref\10.0.2\ref/net10.0/System.Data.DataSetExtensions.dll
                 Private = 'false'
             C:\Program Files\dotnet\packs\Microsoft.NETCore.App.Ref\10.0.2\ref/net10.0/System.Data.dll
                 Private = 'false'
             C:\Program Files\dotnet\packs\Microsoft.NETCore.App.Ref\10.0.2\ref/net10.0/System.Diagnostics.Contracts.dll
                 Private = 'false'
             C:\Program Files\dotnet\packs\Microsoft.NETCore.App.Ref\10.0.2\ref/net10.0/System.Diagnostics.Debug.dll
                 Private = 'false'
             C:\Program Files\dotnet\packs\Microsoft.NETCore.App.Ref\10.0.2\ref/net10.0/System.Diagnostics.DiagnosticSource.dll
                 Private = 'false'
             C:\Program Files\dotnet\packs\Microsoft.NETCore.App.Ref\10.0.2\ref/net10.0/System.Diagnostics.FileVersionInfo.dll
                 Private = 'false'
             C:\Program Files\dotnet\packs\Microsoft.NETCore.App.Ref\10.0.2\ref/net10.0/System.Diagnostics.Process.dll
                 Private = 'false'
             C:\Program Files\dotnet\packs\Microsoft.NETCore.App.Ref\10.0.2\ref/net10.0/System.Diagnostics.StackTrace.dll
                 Private = 'false'
             C:\Program Files\dotnet\packs\Microsoft.NETCore.App.Ref\10.0.2\ref/net10.0/System.Diagnostics.TextWriterTraceListener.dll
                 Private = 'false'
             C:\Program Files\dotnet\packs\Microsoft.NETCore.App.Ref\10.0.2\ref/net10.0/System.Diagnostics.Tools.dll
                 Private = 'false'
             C:\Program Files\dotnet\packs\Microsoft.NETCore.App.Ref\10.0.2\ref/net10.0/System.Diagnostics.TraceSource.dll
                 Private = 'false'
             C:\Program Files\dotnet\packs\Microsoft.NETCore.App.Ref\10.0.2\ref/net10.0/System.Diagnostics.Tracing.dll
                 Private = 'false'
             C:\Program Files\dotnet\packs\Microsoft.NETCore.App.Ref\10.0.2\ref/net10.0/System.Drawing.Primitives.dll
                 Private = 'false'
             C:\Program Files\dotnet\packs\Microsoft.NETCore.App.Ref\10.0.2\ref/net10.0/System.Drawing.dll
                 Private = 'false'
             C:\Program Files\dotnet\packs\Microsoft.NETCore.App.Ref\10.0.2\ref/net10.0/System.Dynamic.Runtime.dll
                 Private = 'false'
             C:\Program Files\dotnet\packs\Microsoft.NETCore.App.Ref\10.0.2\ref/net10.0/System.Formats.Asn1.dll
                 Private = 'false'
             C:\Program Files\dotnet\packs\Microsoft.NETCore.App.Ref\10.0.2\ref/net10.0/System.Formats.Tar.dll
                 Private = 'false'
             C:\Program Files\dotnet\packs\Microsoft.NETCore.App.Ref\10.0.2\ref/net10.0/System.Globalization.Calendars.dll
                 Private = 'false'
             C:\Program Files\dotnet\packs\Microsoft.NETCore.App.Ref\10.0.2\ref/net10.0/System.Globalization.Extensions.dll
                 Private = 'false'
             C:\Program Files\dotnet\packs\Microsoft.NETCore.App.Ref\10.0.2\ref/net10.0/System.Globalization.dll
                 Private = 'false'
             C:\Program Files\dotnet\packs\Microsoft.NETCore.App.Ref\10.0.2\ref/net10.0/System.IO.Compression.Brotli.dll
                 Private = 'false'
             C:\Program Files\dotnet\packs\Microsoft.NETCore.App.Ref\10.0.2\ref/net10.0/System.IO.Compression.FileSystem.dll
                 Private = 'false'
             C:\Program Files\dotnet\packs\Microsoft.NETCore.App.Ref\10.0.2\ref/net10.0/System.IO.Compression.ZipFile.dll
                 Private = 'false'
             C:\Program Files\dotnet\packs\Microsoft.NETCore.App.Ref\10.0.2\ref/net10.0/System.IO.Compression.dll
                 Private = 'false'
             C:\Program Files\dotnet\packs\Microsoft.NETCore.App.Ref\10.0.2\ref/net10.0/System.IO.FileSystem.AccessControl.dll
                 Private = 'false'
             C:\Program Files\dotnet\packs\Microsoft.NETCore.App.Ref\10.0.2\ref/net10.0/System.IO.FileSystem.DriveInfo.dll
                 Private = 'false'
             C:\Program Files\dotnet\packs\Microsoft.NETCore.App.Ref\10.0.2\ref/net10.0/System.IO.FileSystem.Primitives.dll
                 Private = 'false'
             C:\Program Files\dotnet\packs\Microsoft.NETCore.App.Ref\10.0.2\ref/net10.0/System.IO.FileSystem.Watcher.dll
                 Private = 'false'
             C:\Program Files\dotnet\packs\Microsoft.NETCore.App.Ref\10.0.2\ref/net10.0/System.IO.FileSystem.dll
                 Private = 'false'
             C:\Program Files\dotnet\packs\Microsoft.NETCore.App.Ref\10.0.2\ref/net10.0/System.IO.IsolatedStorage.dll
                 Private = 'false'
             C:\Program Files\dotnet\packs\Microsoft.NETCore.App.Ref\10.0.2\ref/net10.0/System.IO.MemoryMappedFiles.dll
                 Private = 'false'
             C:\Program Files\dotnet\packs\Microsoft.NETCore.App.Ref\10.0.2\ref/net10.0/System.IO.Pipelines.dll
                 Private = 'false'
             C:\Program Files\dotnet\packs\Microsoft.NETCore.App.Ref\10.0.2\ref/net10.0/System.IO.Pipes.AccessControl.dll
                 Private = 'false'
             C:\Program Files\dotnet\packs\Microsoft.NETCore.App.Ref\10.0.2\ref/net10.0/System.IO.Pipes.dll
                 Private = 'false'
             C:\Program Files\dotnet\packs\Microsoft.NETCore.App.Ref\10.0.2\ref/net10.0/System.IO.UnmanagedMemoryStream.dll
                 Private = 'false'
             C:\Program Files\dotnet\packs\Microsoft.NETCore.App.Ref\10.0.2\ref/net10.0/System.IO.dll
                 Private = 'false'
             C:\Program Files\dotnet\packs\Microsoft.NETCore.App.Ref\10.0.2\ref/net10.0/System.Linq.AsyncEnumerable.dll
                 Private = 'false'
             C:\Program Files\dotnet\packs\Microsoft.NETCore.App.Ref\10.0.2\ref/net10.0/System.Linq.Expressions.dll
                 Private = 'false'
             C:\Program Files\dotnet\packs\Microsoft.NETCore.App.Ref\10.0.2\ref/net10.0/System.Linq.Parallel.dll
                 Private = 'false'
             C:\Program Files\dotnet\packs\Microsoft.NETCore.App.Ref\10.0.2\ref/net10.0/System.Linq.Queryable.dll
                 Private = 'false'
             C:\Program Files\dotnet\packs\Microsoft.NETCore.App.Ref\10.0.2\ref/net10.0/System.Linq.dll
                 Private = 'false'
             C:\Program Files\dotnet\packs\Microsoft.NETCore.App.Ref\10.0.2\ref/net10.0/System.Memory.dll
                 Private = 'false'
             C:\Program Files\dotnet\packs\Microsoft.NETCore.App.Ref\10.0.2\ref/net10.0/System.Net.Http.Json.dll
                 Private = 'false'
             C:\Program Files\dotnet\packs\Microsoft.NETCore.App.Ref\10.0.2\ref/net10.0/System.Net.Http.dll
                 Private = 'false'
             C:\Program Files\dotnet\packs\Microsoft.NETCore.App.Ref\10.0.2\ref/net10.0/System.Net.HttpListener.dll
                 Private = 'false'
             C:\Program Files\dotnet\packs\Microsoft.NETCore.App.Ref\10.0.2\ref/net10.0/System.Net.Mail.dll
                 Private = 'false'
             C:\Program Files\dotnet\packs\Microsoft.NETCore.App.Ref\10.0.2\ref/net10.0/System.Net.NameResolution.dll
                 Private = 'false'
             C:\Program Files\dotnet\packs\Microsoft.NETCore.App.Ref\10.0.2\ref/net10.0/System.Net.NetworkInformation.dll
                 Private = 'false'
             C:\Program Files\dotnet\packs\Microsoft.NETCore.App.Ref\10.0.2\ref/net10.0/System.Net.Ping.dll
                 Private = 'false'
             C:\Program Files\dotnet\packs\Microsoft.NETCore.App.Ref\10.0.2\ref/net10.0/System.Net.Primitives.dll
                 Private = 'false'
             C:\Program Files\dotnet\packs\Microsoft.NETCore.App.Ref\10.0.2\ref/net10.0/System.Net.Quic.dll
                 Private = 'false'
             C:\Program Files\dotnet\packs\Microsoft.NETCore.App.Ref\10.0.2\ref/net10.0/System.Net.Requests.dll
                 Private = 'false'
             C:\Program Files\dotnet\packs\Microsoft.NETCore.App.Ref\10.0.2\ref/net10.0/System.Net.Security.dll
                 Private = 'false'
             C:\Program Files\dotnet\packs\Microsoft.NETCore.App.Ref\10.0.2\ref/net10.0/System.Net.ServerSentEvents.dll
                 Private = 'false'
             C:\Program Files\dotnet\packs\Microsoft.NETCore.App.Ref\10.0.2\ref/net10.0/System.Net.ServicePoint.dll
                 Private = 'false'
             C:\Program Files\dotnet\packs\Microsoft.NETCore.App.Ref\10.0.2\ref/net10.0/System.Net.Sockets.dll
                 Private = 'false'
             C:\Program Files\dotnet\packs\Microsoft.NETCore.App.Ref\10.0.2\ref/net10.0/System.Net.WebClient.dll
                 Private = 'false'
             C:\Program Files\dotnet\packs\Microsoft.NETCore.App.Ref\10.0.2\ref/net10.0/System.Net.WebHeaderCollection.dll
                 Private = 'false'
             C:\Program Files\dotnet\packs\Microsoft.NETCore.App.Ref\10.0.2\ref/net10.0/System.Net.WebProxy.dll
                 Private = 'false'
             C:\Program Files\dotnet\packs\Microsoft.NETCore.App.Ref\10.0.2\ref/net10.0/System.Net.WebSockets.Client.dll
                 Private = 'false'
             C:\Program Files\dotnet\packs\Microsoft.NETCore.App.Ref\10.0.2\ref/net10.0/System.Net.WebSockets.dll
                 Private = 'false'
             C:\Program Files\dotnet\packs\Microsoft.NETCore.App.Ref\10.0.2\ref/net10.0/System.Net.dll
                 Private = 'false'
             C:\Program Files\dotnet\packs\Microsoft.NETCore.App.Ref\10.0.2\ref/net10.0/System.Numerics.Vectors.dll
                 Private = 'false'
             C:\Program Files\dotnet\packs\Microsoft.NETCore.App.Ref\10.0.2\ref/net10.0/System.Numerics.dll
                 Private = 'false'
             C:\Program Files\dotnet\packs\Microsoft.NETCore.App.Ref\10.0.2\ref/net10.0/System.ObjectModel.dll
                 Private = 'false'
             C:\Program Files\dotnet\packs\Microsoft.NETCore.App.Ref\10.0.2\ref/net10.0/System.Reflection.DispatchProxy.dll
                 Private = 'false'
             C:\Program Files\dotnet\packs\Microsoft.NETCore.App.Ref\10.0.2\ref/net10.0/System.Reflection.Emit.ILGeneration.dll
                 Private = 'false'
             C:\Program Files\dotnet\packs\Microsoft.NETCore.App.Ref\10.0.2\ref/net10.0/System.Reflection.Emit.Lightweight.dll
                 Private = 'false'
             C:\Program Files\dotnet\packs\Microsoft.NETCore.App.Ref\10.0.2\ref/net10.0/System.Reflection.Emit.dll
                 Private = 'false'
             C:\Program Files\dotnet\packs\Microsoft.NETCore.App.Ref\10.0.2\ref/net10.0/System.Reflection.Extensions.dll
                 Private = 'false'
             C:\Program Files\dotnet\packs\Microsoft.NETCore.App.Ref\10.0.2\ref/net10.0/System.Reflection.Metadata.dll
                 Private = 'false'
             C:\Program Files\dotnet\packs\Microsoft.NETCore.App.Ref\10.0.2\ref/net10.0/System.Reflection.Primitives.dll
                 Private = 'false'
             C:\Program Files\dotnet\packs\Microsoft.NETCore.App.Ref\10.0.2\ref/net10.0/System.Reflection.TypeExtensions.dll
                 Private = 'false'
             C:\Program Files\dotnet\packs\Microsoft.NETCore.App.Ref\10.0.2\ref/net10.0/System.Reflection.dll
                 Private = 'false'
             C:\Program Files\dotnet\packs\Microsoft.NETCore.App.Ref\10.0.2\ref/net10.0/System.Resources.Reader.dll
                 Private = 'false'
             C:\Program Files\dotnet\packs\Microsoft.NETCore.App.Ref\10.0.2\ref/net10.0/System.Resources.ResourceManager.dll
                 Private = 'false'
             C:\Program Files\dotnet\packs\Microsoft.NETCore.App.Ref\10.0.2\ref/net10.0/System.Resources.Writer.dll
                 Private = 'false'
             C:\Program Files\dotnet\packs\Microsoft.NETCore.App.Ref\10.0.2\ref/net10.0/System.Runtime.CompilerServices.Unsafe.dll
                 Private = 'false'
             C:\Program Files\dotnet\packs\Microsoft.NETCore.App.Ref\10.0.2\ref/net10.0/System.Runtime.CompilerServices.VisualC.dll
                 Private = 'false'
             C:\Program Files\dotnet\packs\Microsoft.NETCore.App.Ref\10.0.2\ref/net10.0/System.Runtime.Extensions.dll
                 Private = 'false'
             C:\Program Files\dotnet\packs\Microsoft.NETCore.App.Ref\10.0.2\ref/net10.0/System.Runtime.Handles.dll
                 Private = 'false'
             C:\Program Files\dotnet\packs\Microsoft.NETCore.App.Ref\10.0.2\ref/net10.0/System.Runtime.InteropServices.JavaScript.dll
                 Private = 'false'
             C:\Program Files\dotnet\packs\Microsoft.NETCore.App.Ref\10.0.2\ref/net10.0/System.Runtime.InteropServices.RuntimeInformation.dll
                 Private = 'false'
             C:\Program Files\dotnet\packs\Microsoft.NETCore.App.Ref\10.0.2\ref/net10.0/System.Runtime.InteropServices.dll
                 Private = 'false'
             C:\Program Files\dotnet\packs\Microsoft.NETCore.App.Ref\10.0.2\ref/net10.0/System.Runtime.Intrinsics.dll
                 Private = 'false'
             C:\Program Files\dotnet\packs\Microsoft.NETCore.App.Ref\10.0.2\ref/net10.0/System.Runtime.Loader.dll
                 Private = 'false'
             C:\Program Files\dotnet\packs\Microsoft.NETCore.App.Ref\10.0.2\ref/net10.0/System.Runtime.Numerics.dll
                 Private = 'false'
             C:\Program Files\dotnet\packs\Microsoft.NETCore.App.Ref\10.0.2\ref/net10.0/System.Runtime.Serialization.Formatters.dll
                 Private = 'false'
             C:\Program Files\dotnet\packs\Microsoft.NETCore.App.Ref\10.0.2\ref/net10.0/System.Runtime.Serialization.Json.dll
                 Private = 'false'
             C:\Program Files\dotnet\packs\Microsoft.NETCore.App.Ref\10.0.2\ref/net10.0/System.Runtime.Serialization.Primitives.dll
                 Private = 'false'
             C:\Program Files\dotnet\packs\Microsoft.NETCore.App.Ref\10.0.2\ref/net10.0/System.Runtime.Serialization.Xml.dll
                 Private = 'false'
             C:\Program Files\dotnet\packs\Microsoft.NETCore.App.Ref\10.0.2\ref/net10.0/System.Runtime.Serialization.dll
                 Private = 'false'
             C:\Program Files\dotnet\packs\Microsoft.NETCore.App.Ref\10.0.2\ref/net10.0/System.Runtime.dll
                 Private = 'false'
             C:\Program Files\dotnet\packs\Microsoft.NETCore.App.Ref\10.0.2\ref/net10.0/System.Security.AccessControl.dll
                 Private = 'false'
             C:\Program Files\dotnet\packs\Microsoft.NETCore.App.Ref\10.0.2\ref/net10.0/System.Security.Claims.dll
                 Private = 'false'
             C:\Program Files\dotnet\packs\Microsoft.NETCore.App.Ref\10.0.2\ref/net10.0/System.Security.Cryptography.Algorithms.dll
                 Private = 'false'
             C:\Program Files\dotnet\packs\Microsoft.NETCore.App.Ref\10.0.2\ref/net10.0/System.Security.Cryptography.Cng.dll
                 Private = 'false'
             C:\Program Files\dotnet\packs\Microsoft.NETCore.App.Ref\10.0.2\ref/net10.0/System.Security.Cryptography.Csp.dll
                 Private = 'false'
             C:\Program Files\dotnet\packs\Microsoft.NETCore.App.Ref\10.0.2\ref/net10.0/System.Security.Cryptography.Encoding.dll
                 Private = 'false'
             C:\Program Files\dotnet\packs\Microsoft.NETCore.App.Ref\10.0.2\ref/net10.0/System.Security.Cryptography.OpenSsl.dll
                 Private = 'false'
             C:\Program Files\dotnet\packs\Microsoft.NETCore.App.Ref\10.0.2\ref/net10.0/System.Security.Cryptography.Primitives.dll
                 Private = 'false'
             C:\Program Files\dotnet\packs\Microsoft.NETCore.App.Ref\10.0.2\ref/net10.0/System.Security.Cryptography.X509Certificates.dll
                 Private = 'false'
             C:\Program Files\dotnet\packs\Microsoft.NETCore.App.Ref\10.0.2\ref/net10.0/System.Security.Cryptography.dll
                 Private = 'false'
             C:\Program Files\dotnet\packs\Microsoft.NETCore.App.Ref\10.0.2\ref/net10.0/System.Security.Principal.Windows.dll
                 Private = 'false'
             C:\Program Files\dotnet\packs\Microsoft.NETCore.App.Ref\10.0.2\ref/net10.0/System.Security.Principal.dll
                 Private = 'false'
             C:\Program Files\dotnet\packs\Microsoft.NETCore.App.Ref\10.0.2\ref/net10.0/System.Security.SecureString.dll
                 Private = 'false'
             C:\Program Files\dotnet\packs\Microsoft.NETCore.App.Ref\10.0.2\ref/net10.0/System.Security.dll
                 Private = 'false'
             C:\Program Files\dotnet\packs\Microsoft.NETCore.App.Ref\10.0.2\ref/net10.0/System.ServiceModel.Web.dll
                 Private = 'false'
             C:\Program Files\dotnet\packs\Microsoft.NETCore.App.Ref\10.0.2\ref/net10.0/System.ServiceProcess.dll
                 Private = 'false'
             C:\Program Files\dotnet\packs\Microsoft.NETCore.App.Ref\10.0.2\ref/net10.0/System.Text.Encoding.CodePages.dll
                 Private = 'false'
             C:\Program Files\dotnet\packs\Microsoft.NETCore.App.Ref\10.0.2\ref/net10.0/System.Text.Encoding.Extensions.dll
                 Private = 'false'
             C:\Program Files\dotnet\packs\Microsoft.NETCore.App.Ref\10.0.2\ref/net10.0/System.Text.Encoding.dll
                 Private = 'false'
             C:\Program Files\dotnet\packs\Microsoft.NETCore.App.Ref\10.0.2\ref/net10.0/System.Text.Encodings.Web.dll
                 Private = 'false'
             C:\Program Files\dotnet\packs\Microsoft.NETCore.App.Ref\10.0.2\ref/net10.0/System.Text.Json.dll
                 Private = 'false'
             C:\Program Files\dotnet\packs\Microsoft.NETCore.App.Ref\10.0.2\ref/net10.0/System.Text.RegularExpressions.dll
                 Private = 'false'
             C:\Program Files\dotnet\packs\Microsoft.NETCore.App.Ref\10.0.2\ref/net10.0/System.Threading.AccessControl.dll
                 Private = 'false'
             C:\Program Files\dotnet\packs\Microsoft.NETCore.App.Ref\10.0.2\ref/net10.0/System.Threading.Channels.dll
                 Private = 'false'
             C:\Program Files\dotnet\packs\Microsoft.NETCore.App.Ref\10.0.2\ref/net10.0/System.Threading.Overlapped.dll
                 Private = 'false'
             C:\Program Files\dotnet\packs\Microsoft.NETCore.App.Ref\10.0.2\ref/net10.0/System.Threading.Tasks.Dataflow.dll
                 Private = 'false'
             C:\Program Files\dotnet\packs\Microsoft.NETCore.App.Ref\10.0.2\ref/net10.0/System.Threading.Tasks.Extensions.dll
                 Private = 'false'
             C:\Program Files\dotnet\packs\Microsoft.NETCore.App.Ref\10.0.2\ref/net10.0/System.Threading.Tasks.Parallel.dll
                 Private = 'false'
             C:\Program Files\dotnet\packs\Microsoft.NETCore.App.Ref\10.0.2\ref/net10.0/System.Threading.Tasks.dll
                 Private = 'false'
             C:\Program Files\dotnet\packs\Microsoft.NETCore.App.Ref\10.0.2\ref/net10.0/System.Threading.Thread.dll
                 Private = 'false'
             C:\Program Files\dotnet\packs\Microsoft.NETCore.App.Ref\10.0.2\ref/net10.0/System.Threading.ThreadPool.dll
                 Private = 'false'
             C:\Program Files\dotnet\packs\Microsoft.NETCore.App.Ref\10.0.2\ref/net10.0/System.Threading.Timer.dll
                 Private = 'false'
             C:\Program Files\dotnet\packs\Microsoft.NETCore.App.Ref\10.0.2\ref/net10.0/System.Threading.dll
                 Private = 'false'
             C:\Program Files\dotnet\packs\Microsoft.NETCore.App.Ref\10.0.2\ref/net10.0/System.Transactions.Local.dll
                 Private = 'false'
             C:\Program Files\dotnet\packs\Microsoft.NETCore.App.Ref\10.0.2\ref/net10.0/System.Transactions.dll
                 Private = 'false'
             C:\Program Files\dotnet\packs\Microsoft.NETCore.App.Ref\10.0.2\ref/net10.0/System.ValueTuple.dll
                 Private = 'false'
             C:\Program Files\dotnet\packs\Microsoft.NETCore.App.Ref\10.0.2\ref/net10.0/System.Web.HttpUtility.dll
                 Private = 'false'
             C:\Program Files\dotnet\packs\Microsoft.NETCore.App.Ref\10.0.2\ref/net10.0/System.Web.dll
                 Private = 'false'
             C:\Program Files\dotnet\packs\Microsoft.NETCore.App.Ref\10.0.2\ref/net10.0/System.Windows.dll
                 Private = 'false'
             C:\Program Files\dotnet\packs\Microsoft.NETCore.App.Ref\10.0.2\ref/net10.0/System.Xml.Linq.dll
                 Private = 'false'
             C:\Program Files\dotnet\packs\Microsoft.NETCore.App.Ref\10.0.2\ref/net10.0/System.Xml.ReaderWriter.dll
                 Private = 'false'
             C:\Program Files\dotnet\packs\Microsoft.NETCore.App.Ref\10.0.2\ref/net10.0/System.Xml.Serialization.dll
                 Private = 'false'
             C:\Program Files\dotnet\packs\Microsoft.NETCore.App.Ref\10.0.2\ref/net10.0/System.Xml.XDocument.dll
                 Private = 'false'
             C:\Program Files\dotnet\packs\Microsoft.NETCore.App.Ref\10.0.2\ref/net10.0/System.Xml.XPath.XDocument.dll
                 Private = 'false'
             C:\Program Files\dotnet\packs\Microsoft.NETCore.App.Ref\10.0.2\ref/net10.0/System.Xml.XPath.dll
                 Private = 'false'
             C:\Program Files\dotnet\packs\Microsoft.NETCore.App.Ref\10.0.2\ref/net10.0/System.Xml.XmlDocument.dll
                 Private = 'false'
             C:\Program Files\dotnet\packs\Microsoft.NETCore.App.Ref\10.0.2\ref/net10.0/System.Xml.XmlSerializer.dll
                 Private = 'false'
             C:\Program Files\dotnet\packs\Microsoft.NETCore.App.Ref\10.0.2\ref/net10.0/System.Xml.dll
                 Private = 'false'
             C:\Program Files\dotnet\packs\Microsoft.NETCore.App.Ref\10.0.2\ref/net10.0/System.dll
                 Private = 'false'
             C:\Program Files\dotnet\packs\Microsoft.NETCore.App.Ref\10.0.2\ref/net10.0/WindowsBase.dll
                 Private = 'false'
             C:\Program Files\dotnet\packs\Microsoft.NETCore.App.Ref\10.0.2\ref/net10.0/mscorlib.dll
                 Private = 'false'
             C:\Program Files\dotnet\packs\Microsoft.NETCore.App.Ref\10.0.2\ref/net10.0/netstandard.dll
                 Private = 'false'
             C:\Program Files\dotnet\packs\Microsoft.AspNetCore.App.Ref\10.0.2\ref/net10.0/Microsoft.AspNetCore.Antiforgery.dll
                 Private = 'false'
             C:\Program Files\dotnet\packs\Microsoft.AspNetCore.App.Ref\10.0.2\ref/net10.0/Microsoft.AspNetCore.Authentication.Abstractions.dll
                 Private = 'false'
             C:\Program Files\dotnet\packs\Microsoft.AspNetCore.App.Ref\10.0.2\ref/net10.0/Microsoft.AspNetCore.Authentication.BearerToken.dll
                 Private = 'false'
             C:\Program Files\dotnet\packs\Microsoft.AspNetCore.App.Ref\10.0.2\ref/net10.0/Microsoft.AspNetCore.Authentication.Cookies.dll
                 Private = 'false'
             C:\Program Files\dotnet\packs\Microsoft.AspNetCore.App.Ref\10.0.2\ref/net10.0/Microsoft.AspNetCore.Authentication.Core.dll
                 Private = 'false'
             C:\Program Files\dotnet\packs\Microsoft.AspNetCore.App.Ref\10.0.2\ref/net10.0/Microsoft.AspNetCore.Authentication.OAuth.dll
                 Private = 'false'
             C:\Program Files\dotnet\packs\Microsoft.AspNetCore.App.Ref\10.0.2\ref/net10.0/Microsoft.AspNetCore.Authentication.dll
                 Private = 'false'
             C:\Program Files\dotnet\packs\Microsoft.AspNetCore.App.Ref\10.0.2\ref/net10.0/Microsoft.AspNetCore.Authorization.Policy.dll
                 Private = 'false'
             C:\Program Files\dotnet\packs\Microsoft.AspNetCore.App.Ref\10.0.2\ref/net10.0/Microsoft.AspNetCore.Authorization.dll
                 Private = 'false'
             C:\Program Files\dotnet\packs\Microsoft.AspNetCore.App.Ref\10.0.2\ref/net10.0/Microsoft.AspNetCore.Components.Authorization.dll
                 Private = 'false'
             C:\Program Files\dotnet\packs\Microsoft.AspNetCore.App.Ref\10.0.2\ref/net10.0/Microsoft.AspNetCore.Components.Endpoints.dll
                 Private = 'false'
             C:\Program Files\dotnet\packs\Microsoft.AspNetCore.App.Ref\10.0.2\ref/net10.0/Microsoft.AspNetCore.Components.Forms.dll
                 Private = 'false'
             C:\Program Files\dotnet\packs\Microsoft.AspNetCore.App.Ref\10.0.2\ref/net10.0/Microsoft.AspNetCore.Components.Server.dll
                 Private = 'false'
             C:\Program Files\dotnet\packs\Microsoft.AspNetCore.App.Ref\10.0.2\ref/net10.0/Microsoft.AspNetCore.Components.Web.dll
                 Private = 'false'
             C:\Program Files\dotnet\packs\Microsoft.AspNetCore.App.Ref\10.0.2\ref/net10.0/Microsoft.AspNetCore.Components.dll
                 Private = 'false'
             C:\Program Files\dotnet\packs\Microsoft.AspNetCore.App.Ref\10.0.2\ref/net10.0/Microsoft.AspNetCore.Connections.Abstractions.dll
                 Private = 'false'
             C:\Program Files\dotnet\packs\Microsoft.AspNetCore.App.Ref\10.0.2\ref/net10.0/Microsoft.AspNetCore.CookiePolicy.dll
                 Private = 'false'
             C:\Program Files\dotnet\packs\Microsoft.AspNetCore.App.Ref\10.0.2\ref/net10.0/Microsoft.AspNetCore.Cors.dll
                 Private = 'false'
             C:\Program Files\dotnet\packs\Microsoft.AspNetCore.App.Ref\10.0.2\ref/net10.0/Microsoft.AspNetCore.Cryptography.Internal.dll
                 Private = 'false'
             C:\Program Files\dotnet\packs\Microsoft.AspNetCore.App.Ref\10.0.2\ref/net10.0/Microsoft.AspNetCore.Cryptography.KeyDerivation.dll
                 Private = 'false'
             C:\Program Files\dotnet\packs\Microsoft.AspNetCore.App.Ref\10.0.2\ref/net10.0/Microsoft.AspNetCore.DataProtection.Abstractions.dll
                 Private = 'false'
             C:\Program Files\dotnet\packs\Microsoft.AspNetCore.App.Ref\10.0.2\ref/net10.0/Microsoft.AspNetCore.DataProtection.Extensions.dll
                 Private = 'false'
             C:\Program Files\dotnet\packs\Microsoft.AspNetCore.App.Ref\10.0.2\ref/net10.0/Microsoft.AspNetCore.DataProtection.dll
                 Private = 'false'
             C:\Program Files\dotnet\packs\Microsoft.AspNetCore.App.Ref\10.0.2\ref/net10.0/Microsoft.AspNetCore.Diagnostics.Abstractions.dll
                 Private = 'false'
             C:\Program Files\dotnet\packs\Microsoft.AspNetCore.App.Ref\10.0.2\ref/net10.0/Microsoft.AspNetCore.Diagnostics.HealthChecks.dll
                 Private = 'false'
             C:\Program Files\dotnet\packs\Microsoft.AspNetCore.App.Ref\10.0.2\ref/net10.0/Microsoft.AspNetCore.Diagnostics.dll
                 Private = 'false'
             C:\Program Files\dotnet\packs\Microsoft.AspNetCore.App.Ref\10.0.2\ref/net10.0/Microsoft.AspNetCore.HostFiltering.dll
                 Private = 'false'
             C:\Program Files\dotnet\packs\Microsoft.AspNetCore.App.Ref\10.0.2\ref/net10.0/Microsoft.AspNetCore.Hosting.Abstractions.dll
                 Private = 'false'
             C:\Program Files\dotnet\packs\Microsoft.AspNetCore.App.Ref\10.0.2\ref/net10.0/Microsoft.AspNetCore.Hosting.Server.Abstractions.dll
                 Private = 'false'
             C:\Program Files\dotnet\packs\Microsoft.AspNetCore.App.Ref\10.0.2\ref/net10.0/Microsoft.AspNetCore.Hosting.dll
                 Private = 'false'
             C:\Program Files\dotnet\packs\Microsoft.AspNetCore.App.Ref\10.0.2\ref/net10.0/Microsoft.AspNetCore.Html.Abstractions.dll
                 Private = 'false'
             C:\Program Files\dotnet\packs\Microsoft.AspNetCore.App.Ref\10.0.2\ref/net10.0/Microsoft.AspNetCore.Http.Abstractions.dll
                 Private = 'false'
             C:\Program Files\dotnet\packs\Microsoft.AspNetCore.App.Ref\10.0.2\ref/net10.0/Microsoft.AspNetCore.Http.Connections.Common.dll
                 Private = 'false'
             C:\Program Files\dotnet\packs\Microsoft.AspNetCore.App.Ref\10.0.2\ref/net10.0/Microsoft.AspNetCore.Http.Connections.dll
                 Private = 'false'
             C:\Program Files\dotnet\packs\Microsoft.AspNetCore.App.Ref\10.0.2\ref/net10.0/Microsoft.AspNetCore.Http.Extensions.dll
                 Private = 'false'
             C:\Program Files\dotnet\packs\Microsoft.AspNetCore.App.Ref\10.0.2\ref/net10.0/Microsoft.AspNetCore.Http.Features.dll
                 Private = 'false'
             C:\Program Files\dotnet\packs\Microsoft.AspNetCore.App.Ref\10.0.2\ref/net10.0/Microsoft.AspNetCore.Http.Results.dll
                 Private = 'false'
             C:\Program Files\dotnet\packs\Microsoft.AspNetCore.App.Ref\10.0.2\ref/net10.0/Microsoft.AspNetCore.Http.dll
                 Private = 'false'
             C:\Program Files\dotnet\packs\Microsoft.AspNetCore.App.Ref\10.0.2\ref/net10.0/Microsoft.AspNetCore.HttpLogging.dll
                 Private = 'false'
             C:\Program Files\dotnet\packs\Microsoft.AspNetCore.App.Ref\10.0.2\ref/net10.0/Microsoft.AspNetCore.HttpOverrides.dll
                 Private = 'false'
             C:\Program Files\dotnet\packs\Microsoft.AspNetCore.App.Ref\10.0.2\ref/net10.0/Microsoft.AspNetCore.HttpsPolicy.dll
                 Private = 'false'
             C:\Program Files\dotnet\packs\Microsoft.AspNetCore.App.Ref\10.0.2\ref/net10.0/Microsoft.AspNetCore.Identity.dll
                 Private = 'false'
             C:\Program Files\dotnet\packs\Microsoft.AspNetCore.App.Ref\10.0.2\ref/net10.0/Microsoft.AspNetCore.Localization.Routing.dll
                 Private = 'false'
             C:\Program Files\dotnet\packs\Microsoft.AspNetCore.App.Ref\10.0.2\ref/net10.0/Microsoft.AspNetCore.Localization.dll
                 Private = 'false'
             C:\Program Files\dotnet\packs\Microsoft.AspNetCore.App.Ref\10.0.2\ref/net10.0/Microsoft.AspNetCore.Metadata.dll
                 Private = 'false'
             C:\Program Files\dotnet\packs\Microsoft.AspNetCore.App.Ref\10.0.2\ref/net10.0/Microsoft.AspNetCore.Mvc.Abstractions.dll
                 Private = 'false'
             C:\Program Files\dotnet\packs\Microsoft.AspNetCore.App.Ref\10.0.2\ref/net10.0/Microsoft.AspNetCore.Mvc.ApiExplorer.dll
                 Private = 'false'
             C:\Program Files\dotnet\packs\Microsoft.AspNetCore.App.Ref\10.0.2\ref/net10.0/Microsoft.AspNetCore.Mvc.Core.dll
                 Private = 'false'
             C:\Program Files\dotnet\packs\Microsoft.AspNetCore.App.Ref\10.0.2\ref/net10.0/Microsoft.AspNetCore.Mvc.Cors.dll
                 Private = 'false'
             C:\Program Files\dotnet\packs\Microsoft.AspNetCore.App.Ref\10.0.2\ref/net10.0/Microsoft.AspNetCore.Mvc.DataAnnotations.dll
                 Private = 'false'
             C:\Program Files\dotnet\packs\Microsoft.AspNetCore.App.Ref\10.0.2\ref/net10.0/Microsoft.AspNetCore.Mvc.Formatters.Json.dll
                 Private = 'false'
             C:\Program Files\dotnet\packs\Microsoft.AspNetCore.App.Ref\10.0.2\ref/net10.0/Microsoft.AspNetCore.Mvc.Formatters.Xml.dll
                 Private = 'false'
             C:\Program Files\dotnet\packs\Microsoft.AspNetCore.App.Ref\10.0.2\ref/net10.0/Microsoft.AspNetCore.Mvc.Localization.dll
                 Private = 'false'
             C:\Program Files\dotnet\packs\Microsoft.AspNetCore.App.Ref\10.0.2\ref/net10.0/Microsoft.AspNetCore.Mvc.Razor.dll
                 Private = 'false'
             C:\Program Files\dotnet\packs\Microsoft.AspNetCore.App.Ref\10.0.2\ref/net10.0/Microsoft.AspNetCore.Mvc.RazorPages.dll
                 Private = 'false'
             C:\Program Files\dotnet\packs\Microsoft.AspNetCore.App.Ref\10.0.2\ref/net10.0/Microsoft.AspNetCore.Mvc.TagHelpers.dll
                 Private = 'false'
             C:\Program Files\dotnet\packs\Microsoft.AspNetCore.App.Ref\10.0.2\ref/net10.0/Microsoft.AspNetCore.Mvc.ViewFeatures.dll
                 Private = 'false'
             C:\Program Files\dotnet\packs\Microsoft.AspNetCore.App.Ref\10.0.2\ref/net10.0/Microsoft.AspNetCore.Mvc.dll
                 Private = 'false'
             C:\Program Files\dotnet\packs\Microsoft.AspNetCore.App.Ref\10.0.2\ref/net10.0/Microsoft.AspNetCore.OutputCaching.dll
                 Private = 'false'
             C:\Program Files\dotnet\packs\Microsoft.AspNetCore.App.Ref\10.0.2\ref/net10.0/Microsoft.AspNetCore.RateLimiting.dll
                 Private = 'false'
             C:\Program Files\dotnet\packs\Microsoft.AspNetCore.App.Ref\10.0.2\ref/net10.0/Microsoft.AspNetCore.Razor.Runtime.dll
                 Private = 'false'
             C:\Program Files\dotnet\packs\Microsoft.AspNetCore.App.Ref\10.0.2\ref/net10.0/Microsoft.AspNetCore.Razor.dll
                 Private = 'false'
             C:\Program Files\dotnet\packs\Microsoft.AspNetCore.App.Ref\10.0.2\ref/net10.0/Microsoft.AspNetCore.RequestDecompression.dll
                 Private = 'false'
             C:\Program Files\dotnet\packs\Microsoft.AspNetCore.App.Ref\10.0.2\ref/net10.0/Microsoft.AspNetCore.ResponseCaching.Abstractions.dll
                 Private = 'false'
             C:\Program Files\dotnet\packs\Microsoft.AspNetCore.App.Ref\10.0.2\ref/net10.0/Microsoft.AspNetCore.ResponseCaching.dll
                 Private = 'false'
             C:\Program Files\dotnet\packs\Microsoft.AspNetCore.App.Ref\10.0.2\ref/net10.0/Microsoft.AspNetCore.ResponseCompression.dll
                 Private = 'false'
             C:\Program Files\dotnet\packs\Microsoft.AspNetCore.App.Ref\10.0.2\ref/net10.0/Microsoft.AspNetCore.Rewrite.dll
                 Private = 'false'
             C:\Program Files\dotnet\packs\Microsoft.AspNetCore.App.Ref\10.0.2\ref/net10.0/Microsoft.AspNetCore.Routing.Abstractions.dll
                 Private = 'false'
             C:\Program Files\dotnet\packs\Microsoft.AspNetCore.App.Ref\10.0.2\ref/net10.0/Microsoft.AspNetCore.Routing.dll
                 Private = 'false'
             C:\Program Files\dotnet\packs\Microsoft.AspNetCore.App.Ref\10.0.2\ref/net10.0/Microsoft.AspNetCore.Server.HttpSys.dll
                 Private = 'false'
             C:\Program Files\dotnet\packs\Microsoft.AspNetCore.App.Ref\10.0.2\ref/net10.0/Microsoft.AspNetCore.Server.IIS.dll
                 Private = 'false'
             C:\Program Files\dotnet\packs\Microsoft.AspNetCore.App.Ref\10.0.2\ref/net10.0/Microsoft.AspNetCore.Server.IISIntegration.dll
                 Private = 'false'
             C:\Program Files\dotnet\packs\Microsoft.AspNetCore.App.Ref\10.0.2\ref/net10.0/Microsoft.AspNetCore.Server.Kestrel.Core.dll
                 Private = 'false'
             C:\Program Files\dotnet\packs\Microsoft.AspNetCore.App.Ref\10.0.2\ref/net10.0/Microsoft.AspNetCore.Server.Kestrel.Transport.NamedPipes.dll
                 Private = 'false'
             C:\Program Files\dotnet\packs\Microsoft.AspNetCore.App.Ref\10.0.2\ref/net10.0/Microsoft.AspNetCore.Server.Kestrel.Transport.Quic.dll
                 Private = 'false'
             C:\Program Files\dotnet\packs\Microsoft.AspNetCore.App.Ref\10.0.2\ref/net10.0/Microsoft.AspNetCore.Server.Kestrel.Transport.Sockets.dll
                 Private = 'false'
             C:\Program Files\dotnet\packs\Microsoft.AspNetCore.App.Ref\10.0.2\ref/net10.0/Microsoft.AspNetCore.Server.Kestrel.dll
                 Private = 'false'
             C:\Program Files\dotnet\packs\Microsoft.AspNetCore.App.Ref\10.0.2\ref/net10.0/Microsoft.AspNetCore.Session.dll
                 Private = 'false'
             C:\Program Files\dotnet\packs\Microsoft.AspNetCore.App.Ref\10.0.2\ref/net10.0/Microsoft.AspNetCore.SignalR.Common.dll
                 Private = 'false'
             C:\Program Files\dotnet\packs\Microsoft.AspNetCore.App.Ref\10.0.2\ref/net10.0/Microsoft.AspNetCore.SignalR.Core.dll
                 Private = 'false'
             C:\Program Files\dotnet\packs\Microsoft.AspNetCore.App.Ref\10.0.2\ref/net10.0/Microsoft.AspNetCore.SignalR.Protocols.Json.dll
                 Private = 'false'
             C:\Program Files\dotnet\packs\Microsoft.AspNetCore.App.Ref\10.0.2\ref/net10.0/Microsoft.AspNetCore.SignalR.dll
                 Private = 'false'
             C:\Program Files\dotnet\packs\Microsoft.AspNetCore.App.Ref\10.0.2\ref/net10.0/Microsoft.AspNetCore.StaticAssets.dll
                 Private = 'false'
             C:\Program Files\dotnet\packs\Microsoft.AspNetCore.App.Ref\10.0.2\ref/net10.0/Microsoft.AspNetCore.StaticFiles.dll
                 Private = 'false'
             C:\Program Files\dotnet\packs\Microsoft.AspNetCore.App.Ref\10.0.2\ref/net10.0/Microsoft.AspNetCore.WebSockets.dll
                 Private = 'false'
             C:\Program Files\dotnet\packs\Microsoft.AspNetCore.App.Ref\10.0.2\ref/net10.0/Microsoft.AspNetCore.WebUtilities.dll
                 Private = 'false'
             C:\Program Files\dotnet\packs\Microsoft.AspNetCore.App.Ref\10.0.2\ref/net10.0/Microsoft.AspNetCore.dll
                 Private = 'false'
             C:\Program Files\dotnet\packs\Microsoft.AspNetCore.App.Ref\10.0.2\ref/net10.0/Microsoft.Extensions.Caching.Abstractions.dll
                 Private = 'false'
             C:\Program Files\dotnet\packs\Microsoft.AspNetCore.App.Ref\10.0.2\ref/net10.0/Microsoft.Extensions.Caching.Memory.dll
                 Private = 'false'
             C:\Program Files\dotnet\packs\Microsoft.AspNetCore.App.Ref\10.0.2\ref/net10.0/Microsoft.Extensions.Configuration.Abstractions.dll
                 Private = 'false'
             C:\Program Files\dotnet\packs\Microsoft.AspNetCore.App.Ref\10.0.2\ref/net10.0/Microsoft.Extensions.Configuration.Binder.dll
                 Private = 'false'
             C:\Program Files\dotnet\packs\Microsoft.AspNetCore.App.Ref\10.0.2\ref/net10.0/Microsoft.Extensions.Configuration.CommandLine.dll
                 Private = 'false'
             C:\Program Files\dotnet\packs\Microsoft.AspNetCore.App.Ref\10.0.2\ref/net10.0/Microsoft.Extensions.Configuration.EnvironmentVariables.dll
                 Private = 'false'
             C:\Program Files\dotnet\packs\Microsoft.AspNetCore.App.Ref\10.0.2\ref/net10.0/Microsoft.Extensions.Configuration.FileExtensions.dll
                 Private = 'false'
             C:\Program Files\dotnet\packs\Microsoft.AspNetCore.App.Ref\10.0.2\ref/net10.0/Microsoft.Extensions.Configuration.Ini.dll
                 Private = 'false'
             C:\Program Files\dotnet\packs\Microsoft.AspNetCore.App.Ref\10.0.2\ref/net10.0/Microsoft.Extensions.Configuration.Json.dll
                 Private = 'false'
             C:\Program Files\dotnet\packs\Microsoft.AspNetCore.App.Ref\10.0.2\ref/net10.0/Microsoft.Extensions.Configuration.KeyPerFile.dll
                 Private = 'false'
             C:\Program Files\dotnet\packs\Microsoft.AspNetCore.App.Ref\10.0.2\ref/net10.0/Microsoft.Extensions.Configuration.UserSecrets.dll
                 Private = 'false'
             C:\Program Files\dotnet\packs\Microsoft.AspNetCore.App.Ref\10.0.2\ref/net10.0/Microsoft.Extensions.Configuration.Xml.dll
                 Private = 'false'
             C:\Program Files\dotnet\packs\Microsoft.AspNetCore.App.Ref\10.0.2\ref/net10.0/Microsoft.Extensions.Configuration.dll
                 Private = 'false'
             C:\Program Files\dotnet\packs\Microsoft.AspNetCore.App.Ref\10.0.2\ref/net10.0/Microsoft.Extensions.DependencyInjection.Abstractions.dll
                 Private = 'false'
             C:\Program Files\dotnet\packs\Microsoft.AspNetCore.App.Ref\10.0.2\ref/net10.0/Microsoft.Extensions.DependencyInjection.dll
                 Private = 'false'
             C:\Program Files\dotnet\packs\Microsoft.AspNetCore.App.Ref\10.0.2\ref/net10.0/Microsoft.Extensions.Diagnostics.Abstractions.dll
                 Private = 'false'
             C:\Program Files\dotnet\packs\Microsoft.AspNetCore.App.Ref\10.0.2\ref/net10.0/Microsoft.Extensions.Diagnostics.HealthChecks.Abstractions.dll
                 Private = 'false'
             C:\Program Files\dotnet\packs\Microsoft.AspNetCore.App.Ref\10.0.2\ref/net10.0/Microsoft.Extensions.Diagnostics.HealthChecks.dll
                 Private = 'false'
             C:\Program Files\dotnet\packs\Microsoft.AspNetCore.App.Ref\10.0.2\ref/net10.0/Microsoft.Extensions.Diagnostics.dll
                 Private = 'false'
             C:\Program Files\dotnet\packs\Microsoft.AspNetCore.App.Ref\10.0.2\ref/net10.0/Microsoft.Extensions.Features.dll
                 Private = 'false'
             C:\Program Files\dotnet\packs\Microsoft.AspNetCore.App.Ref\10.0.2\ref/net10.0/Microsoft.Extensions.FileProviders.Abstractions.dll
                 Private = 'false'
             C:\Program Files\dotnet\packs\Microsoft.AspNetCore.App.Ref\10.0.2\ref/net10.0/Microsoft.Extensions.FileProviders.Composite.dll
                 Private = 'false'
             C:\Program Files\dotnet\packs\Microsoft.AspNetCore.App.Ref\10.0.2\ref/net10.0/Microsoft.Extensions.FileProviders.Embedded.dll
                 Private = 'false'
             C:\Program Files\dotnet\packs\Microsoft.AspNetCore.App.Ref\10.0.2\ref/net10.0/Microsoft.Extensions.FileProviders.Physical.dll
                 Private = 'false'
             C:\Program Files\dotnet\packs\Microsoft.AspNetCore.App.Ref\10.0.2\ref/net10.0/Microsoft.Extensions.FileSystemGlobbing.dll
                 Private = 'false'
             C:\Program Files\dotnet\packs\Microsoft.AspNetCore.App.Ref\10.0.2\ref/net10.0/Microsoft.Extensions.Hosting.Abstractions.dll
                 Private = 'false'
             C:\Program Files\dotnet\packs\Microsoft.AspNetCore.App.Ref\10.0.2\ref/net10.0/Microsoft.Extensions.Hosting.dll
                 Private = 'false'
             C:\Program Files\dotnet\packs\Microsoft.AspNetCore.App.Ref\10.0.2\ref/net10.0/Microsoft.Extensions.Http.dll
                 Private = 'false'
             C:\Program Files\dotnet\packs\Microsoft.AspNetCore.App.Ref\10.0.2\ref/net10.0/Microsoft.Extensions.Identity.Core.dll
                 Private = 'false'
             C:\Program Files\dotnet\packs\Microsoft.AspNetCore.App.Ref\10.0.2\ref/net10.0/Microsoft.Extensions.Identity.Stores.dll
                 Private = 'false'
             C:\Program Files\dotnet\packs\Microsoft.AspNetCore.App.Ref\10.0.2\ref/net10.0/Microsoft.Extensions.Localization.Abstractions.dll
                 Private = 'false'
             C:\Program Files\dotnet\packs\Microsoft.AspNetCore.App.Ref\10.0.2\ref/net10.0/Microsoft.Extensions.Localization.dll
                 Private = 'false'
             C:\Program Files\dotnet\packs\Microsoft.AspNetCore.App.Ref\10.0.2\ref/net10.0/Microsoft.Extensions.Logging.Abstractions.dll
                 Private = 'false'
             C:\Program Files\dotnet\packs\Microsoft.AspNetCore.App.Ref\10.0.2\ref/net10.0/Microsoft.Extensions.Logging.Configuration.dll
                 Private = 'false'
             C:\Program Files\dotnet\packs\Microsoft.AspNetCore.App.Ref\10.0.2\ref/net10.0/Microsoft.Extensions.Logging.Console.dll
                 Private = 'false'
             C:\Program Files\dotnet\packs\Microsoft.AspNetCore.App.Ref\10.0.2\ref/net10.0/Microsoft.Extensions.Logging.Debug.dll
                 Private = 'false'
             C:\Program Files\dotnet\packs\Microsoft.AspNetCore.App.Ref\10.0.2\ref/net10.0/Microsoft.Extensions.Logging.EventLog.dll
                 Private = 'false'
             C:\Program Files\dotnet\packs\Microsoft.AspNetCore.App.Ref\10.0.2\ref/net10.0/Microsoft.Extensions.Logging.EventSource.dll
                 Private = 'false'
             C:\Program Files\dotnet\packs\Microsoft.AspNetCore.App.Ref\10.0.2\ref/net10.0/Microsoft.Extensions.Logging.TraceSource.dll
                 Private = 'false'
             C:\Program Files\dotnet\packs\Microsoft.AspNetCore.App.Ref\10.0.2\ref/net10.0/Microsoft.Extensions.Logging.dll
                 Private = 'false'
             C:\Program Files\dotnet\packs\Microsoft.AspNetCore.App.Ref\10.0.2\ref/net10.0/Microsoft.Extensions.ObjectPool.dll
                 Private = 'false'
             C:\Program Files\dotnet\packs\Microsoft.AspNetCore.App.Ref\10.0.2\ref/net10.0/Microsoft.Extensions.Options.ConfigurationExtensions.dll
                 Private = 'false'
             C:\Program Files\dotnet\packs\Microsoft.AspNetCore.App.Ref\10.0.2\ref/net10.0/Microsoft.Extensions.Options.DataAnnotations.dll
                 Private = 'false'
             C:\Program Files\dotnet\packs\Microsoft.AspNetCore.App.Ref\10.0.2\ref/net10.0/Microsoft.Extensions.Options.dll
                 Private = 'false'
             C:\Program Files\dotnet\packs\Microsoft.AspNetCore.App.Ref\10.0.2\ref/net10.0/Microsoft.Extensions.Primitives.dll
                 Private = 'false'
             C:\Program Files\dotnet\packs\Microsoft.AspNetCore.App.Ref\10.0.2\ref/net10.0/Microsoft.Extensions.Validation.dll
                 Private = 'false'
             C:\Program Files\dotnet\packs\Microsoft.AspNetCore.App.Ref\10.0.2\ref/net10.0/Microsoft.Extensions.WebEncoders.dll
                 Private = 'false'
             C:\Program Files\dotnet\packs\Microsoft.AspNetCore.App.Ref\10.0.2\ref/net10.0/Microsoft.JSInterop.dll
                 Private = 'false'
             C:\Program Files\dotnet\packs\Microsoft.AspNetCore.App.Ref\10.0.2\ref/net10.0/Microsoft.Net.Http.Headers.dll
                 Private = 'false'
             C:\Program Files\dotnet\packs\Microsoft.AspNetCore.App.Ref\10.0.2\ref/net10.0/System.Diagnostics.EventLog.dll
                 Private = 'false'
             C:\Program Files\dotnet\packs\Microsoft.AspNetCore.App.Ref\10.0.2\ref/net10.0/System.Formats.Cbor.dll
                 Private = 'false'
             C:\Program Files\dotnet\packs\Microsoft.AspNetCore.App.Ref\10.0.2\ref/net10.0/System.Security.Cryptography.Xml.dll
                 Private = 'false'
             C:\Program Files\dotnet\packs\Microsoft.AspNetCore.App.Ref\10.0.2\ref/net10.0/System.Threading.RateLimiting.dll
                 Private = 'false'
         AssemblyFiles:
         CandidateAssemblyFiles:
         TargetFrameworkDirectories:
             
         NonCultureResourceDirectories:
             
         InstalledAssemblyTables:
         IgnoreInstalledAssemblyTable:
             False
         SearchPaths:
             {CandidateAssemblyFiles}
             {HintPathFromItem}
             {TargetFrameworkDirectory}
             {RawFileName}
         AllowedAssemblyExtensions:
             .winmd
             .dll
             .exe
         AllowedRelatedFileExtensions:
             .pdb
             .xml
             .pri
             .dll.config
             .exe.config
         AppConfigFile:
             
         AutoUnify:
             True
         EnableCustomCulture:
             False
         EnableCustomCulture:
             False
         CopyLocalDependenciesWhenParentReferenceInGac:
             True
         FindDependencies:
             True
         TargetProcessorArchitecture:
             msil
         StateFile:
             obj\Debug\net10.0\FoodStreetPoiAdmin.csproj.AssemblyReference.cache
         InstalledAssemblySubsetTables:
         IgnoreInstalledAssemblySubsetTable:
             False
         TargetFrameworkSubsets:
         FullTargetFrameworkSubsetNames:
             Full
         ProfileName:
             
         FullFrameworkFolders:
         LatestTargetFrameworkDirectories:
         ProfileTablesLocation:
         Primary reference "BCrypt.Net-Next, Version=4.0.3.0, Culture=neutral, PublicKeyToken=1e11be04b6288443".
             Resolved file path is "C:\Users\lenovo\.nuget\packages\bcrypt.net-next\4.0.3\lib\net6.0\BCrypt.Net-Next.dll".
             Reference found at search path location "{HintPathFromItem}".
             This reference is not "CopyLocal" because at least one source item had "Private" set to "false" and no source items had "Private" set to "true".
         Primary reference "Microsoft.AspNetCore.Authentication.JwtBearer, Version=10.0.0.0, Culture=neutral, PublicKeyToken=adb9793829ddae60".
             Resolved file path is "C:\Users\lenovo\.nuget\packages\microsoft.aspnetcore.authentication.jwtbearer\10.0.0\lib\net10.0\Microsoft.AspNetCore.Authentication.JwtBearer.dll".
             Reference found at search path location "{HintPathFromItem}".
             This reference is not "CopyLocal" because at least one source item had "Private" set to "false" and no source items had "Private" set to "true".
         Primary reference "Microsoft.Data.Sqlite, Version=10.0.0.0, Culture=neutral, PublicKeyToken=adb9793829ddae60".
             Resolved file path is "C:\Users\lenovo\.nuget\packages\microsoft.data.sqlite.core\10.0.0\lib\net8.0\Microsoft.Data.Sqlite.dll".
             Reference found at search path location "{HintPathFromItem}".
             This reference is not "CopyLocal" because at least one source item had "Private" set to "false" and no source items had "Private" set to "true".
         Primary reference "Microsoft.IdentityModel.Abstractions, Version=8.0.1.0, Culture=neutral, PublicKeyToken=31bf3856ad364e35".
             Resolved file path is "C:\Users\lenovo\.nuget\packages\microsoft.identitymodel.abstractions\8.0.1\lib\net9.0\Microsoft.IdentityModel.Abstractions.dll".
             Reference found at search path location "{HintPathFromItem}".
             This reference is not "CopyLocal" because at least one source item had "Private" set to "false" and no source items had "Private" set to "true".
         Primary reference "Microsoft.IdentityModel.JsonWebTokens, Version=8.0.1.0, Culture=neutral, PublicKeyToken=31bf3856ad364e35".
             Resolved file path is "C:\Users\lenovo\.nuget\packages\microsoft.identitymodel.jsonwebtokens\8.0.1\lib\net9.0\Microsoft.IdentityModel.JsonWebTokens.dll".
             Reference found at search path location "{HintPathFromItem}".
             This reference is not "CopyLocal" because at least one source item had "Private" set to "false" and no source items had "Private" set to "true".
         Primary reference "Microsoft.IdentityModel.Logging, Version=8.0.1.0, Culture=neutral, PublicKeyToken=31bf3856ad364e35".
             Resolved file path is "C:\Users\lenovo\.nuget\packages\microsoft.identitymodel.logging\8.0.1\lib\net9.0\Microsoft.IdentityModel.Logging.dll".
             Reference found at search path location "{HintPathFromItem}".
             This reference is not "CopyLocal" because at least one source item had "Private" set to "false" and no source items had "Private" set to "true".
         Primary reference "Microsoft.IdentityModel.Protocols, Version=8.0.1.0, Culture=neutral, PublicKeyToken=31bf3856ad364e35".
             Resolved file path is "C:\Users\lenovo\.nuget\packages\microsoft.identitymodel.protocols\8.0.1\lib\net9.0\Microsoft.IdentityModel.Protocols.dll".
             Reference found at search path location "{HintPathFromItem}".
             This reference is not "CopyLocal" because at least one source item had "Private" set to "false" and no source items had "Private" set to "true".
         Primary reference "Microsoft.IdentityModel.Protocols.OpenIdConnect, Version=8.0.1.0, Culture=neutral, PublicKeyToken=31bf3856ad364e35".
             Resolved file path is "C:\Users\lenovo\.nuget\packages\microsoft.identitymodel.protocols.openidconnect\8.0.1\lib\net9.0\Microsoft.IdentityModel.Protocols.OpenIdConnect.dll".
             Reference found at search path location "{HintPathFromItem}".
             This reference is not "CopyLocal" because at least one source item had "Private" set to "false" and no source items had "Private" set to "true".
         Primary reference "Microsoft.IdentityModel.Tokens, Version=8.0.1.0, Culture=neutral, PublicKeyToken=31bf3856ad364e35".
             Resolved file path is "C:\Users\lenovo\.nuget\packages\microsoft.identitymodel.tokens\8.0.1\lib\net9.0\Microsoft.IdentityModel.Tokens.dll".
             Reference found at search path location "{HintPathFromItem}".
             This reference is not "CopyLocal" because at least one source item had "Private" set to "false" and no source items had "Private" set to "true".
         Primary reference "SQLitePCLRaw.batteries_v2, Version=2.1.11.2622, Culture=neutral, PublicKeyToken=8226ea5df37bcae9".
             Resolved file path is "C:\Users\lenovo\.nuget\packages\sqlitepclraw.bundle_e_sqlite3\2.1.11\lib\netstandard2.0\SQLitePCLRaw.batteries_v2.dll".
             Reference found at search path location "{HintPathFromItem}".
             This reference is not "CopyLocal" because at least one source item had "Private" set to "false" and no source items had "Private" set to "true".
         Primary reference "SQLitePCLRaw.core, Version=2.1.11.2622, Culture=neutral, PublicKeyToken=1488e028ca7ab535".
             Resolved file path is "C:\Users\lenovo\.nuget\packages\sqlitepclraw.core\2.1.11\lib\netstandard2.0\SQLitePCLRaw.core.dll".
             Reference found at search path location "{HintPathFromItem}".
             This reference is not "CopyLocal" because at least one source item had "Private" set to "false" and no source items had "Private" set to "true".
         Primary reference "SQLitePCLRaw.provider.e_sqlite3, Version=2.1.11.2622, Culture=neutral, PublicKeyToken=9c301db686d0bd12".
             Resolved file path is "C:\Users\lenovo\.nuget\packages\sqlitepclraw.provider.e_sqlite3\2.1.11\lib\net6.0\SQLitePCLRaw.provider.e_sqlite3.dll".
             Reference found at search path location "{HintPathFromItem}".
             This reference is not "CopyLocal" because at least one source item had "Private" set to "false" and no source items had "Private" set to "true".
         Primary reference "System.IdentityModel.Tokens.Jwt, Version=8.0.1.0, Culture=neutral, PublicKeyToken=31bf3856ad364e35".
             Resolved file path is "C:\Users\lenovo\.nuget\packages\system.identitymodel.tokens.jwt\8.0.1\lib\net9.0\System.IdentityModel.Tokens.Jwt.dll".
             Reference found at search path location "{HintPathFromItem}".
             This reference is not "CopyLocal" because at least one source item had "Private" set to "false" and no source items had "Private" set to "true".
         Primary reference "Microsoft.CSharp, Version=10.0.0.0, Culture=neutral, PublicKeyToken=b03f5f7f11d50a3a".
             Resolved file path is "C:\Program Files\dotnet\packs\Microsoft.NETCore.App.Ref\10.0.2\ref\net10.0\Microsoft.CSharp.dll".
             Reference found at search path location "{RawFileName}".
             This reference is not "CopyLocal" because at least one source item had "Private" set to "false" and no source items had "Private" set to "true".
         Primary reference "Microsoft.VisualBasic.Core, Version=15.0.0.0, Culture=neutral, PublicKeyToken=b03f5f7f11d50a3a".
             Resolved file path is "C:\Program Files\dotnet\packs\Microsoft.NETCore.App.Ref\10.0.2\ref\net10.0\Microsoft.VisualBasic.Core.dll".
             Reference found at search path location "{RawFileName}".
             This reference is not "CopyLocal" because at least one source item had "Private" set to "false" and no source items had "Private" set to "true".
         Primary reference "Microsoft.VisualBasic, Version=10.0.0.0, Culture=neutral, PublicKeyToken=b03f5f7f11d50a3a".
             Resolved file path is "C:\Program Files\dotnet\packs\Microsoft.NETCore.App.Ref\10.0.2\ref\net10.0\Microsoft.VisualBasic.dll".
             Reference found at search path location "{RawFileName}".
             This reference is not "CopyLocal" because at least one source item had "Private" set to "false" and no source items had "Private" set to "true".
         Primary reference "Microsoft.Win32.Primitives, Version=10.0.0.0, Culture=neutral, PublicKeyToken=b03f5f7f11d50a3a".
             Resolved file path is "C:\Program Files\dotnet\packs\Microsoft.NETCore.App.Ref\10.0.2\ref\net10.0\Microsoft.Win32.Primitives.dll".
             Reference found at search path location "{RawFileName}".
             This reference is not "CopyLocal" because at least one source item had "Private" set to "false" and no source items had "Private" set to "true".
         Primary reference "Microsoft.Win32.Registry, Version=10.0.0.0, Culture=neutral, PublicKeyToken=b03f5f7f11d50a3a".
             Resolved file path is "C:\Program Files\dotnet\packs\Microsoft.NETCore.App.Ref\10.0.2\ref\net10.0\Microsoft.Win32.Registry.dll".
             Reference found at search path location "{RawFileName}".
             This reference is not "CopyLocal" because at least one source item had "Private" set to "false" and no source items had "Private" set to "true".
         Primary reference "System.AppContext, Version=10.0.0.0, Culture=neutral, PublicKeyToken=b03f5f7f11d50a3a".
             Resolved file path is "C:\Program Files\dotnet\packs\Microsoft.NETCore.App.Ref\10.0.2\ref\net10.0\System.AppContext.dll".
             Reference found at search path location "{RawFileName}".
             This reference is not "CopyLocal" because at least one source item had "Private" set to "false" and no source items had "Private" set to "true".
         Primary reference "System.Buffers, Version=10.0.0.0, Culture=neutral, PublicKeyToken=cc7b13ffcd2ddd51".
             Resolved file path is "C:\Program Files\dotnet\packs\Microsoft.NETCore.App.Ref\10.0.2\ref\net10.0\System.Buffers.dll".
             Reference found at search path location "{RawFileName}".
             This reference is not "CopyLocal" because at least one source item had "Private" set to "false" and no source items had "Private" set to "true".
         Primary reference "System.Collections.Concurrent, Version=10.0.0.0, Culture=neutral, PublicKeyToken=b03f5f7f11d50a3a".
             Resolved file path is "C:\Program Files\dotnet\packs\Microsoft.NETCore.App.Ref\10.0.2\ref\net10.0\System.Collections.Concurrent.dll".
             Reference found at search path location "{RawFileName}".
             This reference is not "CopyLocal" because at least one source item had "Private" set to "false" and no source items had "Private" set to "true".
         Primary reference "System.Collections.Immutable, Version=10.0.0.0, Culture=neutral, PublicKeyToken=b03f5f7f11d50a3a".
             Resolved file path is "C:\Program Files\dotnet\packs\Microsoft.NETCore.App.Ref\10.0.2\ref\net10.0\System.Collections.Immutable.dll".
             Reference found at search path location "{RawFileName}".
             This reference is not "CopyLocal" because at least one source item had "Private" set to "false" and no source items had "Private" set to "true".
         Primary reference "System.Collections.NonGeneric, Version=10.0.0.0, Culture=neutral, PublicKeyToken=b03f5f7f11d50a3a".
             Resolved file path is "C:\Program Files\dotnet\packs\Microsoft.NETCore.App.Ref\10.0.2\ref\net10.0\System.Collections.NonGeneric.dll".
             Reference found at search path location "{RawFileName}".
             This reference is not "CopyLocal" because at least one source item had "Private" set to "false" and no source items had "Private" set to "true".
         Primary reference "System.Collections.Specialized, Version=10.0.0.0, Culture=neutral, PublicKeyToken=b03f5f7f11d50a3a".
             Resolved file path is "C:\Program Files\dotnet\packs\Microsoft.NETCore.App.Ref\10.0.2\ref\net10.0\System.Collections.Specialized.dll".
             Reference found at search path location "{RawFileName}".
             This reference is not "CopyLocal" because at least one source item had "Private" set to "false" and no source items had "Private" set to "true".
         Primary reference "System.Collections, Version=10.0.0.0, Culture=neutral, PublicKeyToken=b03f5f7f11d50a3a".
             Resolved file path is "C:\Program Files\dotnet\packs\Microsoft.NETCore.App.Ref\10.0.2\ref\net10.0\System.Collections.dll".
             Reference found at search path location "{RawFileName}".
             This reference is not "CopyLocal" because at least one source item had "Private" set to "false" and no source items had "Private" set to "true".
         Primary reference "System.ComponentModel.Annotations, Version=10.0.0.0, Culture=neutral, PublicKeyToken=b03f5f7f11d50a3a".
             Resolved file path is "C:\Program Files\dotnet\packs\Microsoft.NETCore.App.Ref\10.0.2\ref\net10.0\System.ComponentModel.Annotations.dll".
             Reference found at search path location "{RawFileName}".
             This reference is not "CopyLocal" because at least one source item had "Private" set to "false" and no source items had "Private" set to "true".
         Primary reference "System.ComponentModel.DataAnnotations, Version=4.0.0.0, Culture=neutral, PublicKeyToken=31bf3856ad364e35".
             Resolved file path is "C:\Program Files\dotnet\packs\Microsoft.NETCore.App.Ref\10.0.2\ref\net10.0\System.ComponentModel.DataAnnotations.dll".
             Reference found at search path location "{RawFileName}".
             This reference is not "CopyLocal" because at least one source item had "Private" set to "false" and no source items had "Private" set to "true".
         Primary reference "System.ComponentModel.EventBasedAsync, Version=10.0.0.0, Culture=neutral, PublicKeyToken=b03f5f7f11d50a3a".
             Resolved file path is "C:\Program Files\dotnet\packs\Microsoft.NETCore.App.Ref\10.0.2\ref\net10.0\System.ComponentModel.EventBasedAsync.dll".
             Reference found at search path location "{RawFileName}".
             This reference is not "CopyLocal" because at least one source item had "Private" set to "false" and no source items had "Private" set to "true".
         Primary reference "System.ComponentModel.Primitives, Version=10.0.0.0, Culture=neutral, PublicKeyToken=b03f5f7f11d50a3a".
             Resolved file path is "C:\Program Files\dotnet\packs\Microsoft.NETCore.App.Ref\10.0.2\ref\net10.0\System.ComponentModel.Primitives.dll".
             Reference found at search path location "{RawFileName}".
             This reference is not "CopyLocal" because at least one source item had "Private" set to "false" and no source items had "Private" set to "true".
         Primary reference "System.ComponentModel.TypeConverter, Version=10.0.0.0, Culture=neutral, PublicKeyToken=b03f5f7f11d50a3a".
             Resolved file path is "C:\Program Files\dotnet\packs\Microsoft.NETCore.App.Ref\10.0.2\ref\net10.0\System.ComponentModel.TypeConverter.dll".
             Reference found at search path location "{RawFileName}".
             This reference is not "CopyLocal" because at least one source item had "Private" set to "false" and no source items had "Private" set to "true".
         Primary reference "System.ComponentModel, Version=10.0.0.0, Culture=neutral, PublicKeyToken=b03f5f7f11d50a3a".
             Resolved file path is "C:\Program Files\dotnet\packs\Microsoft.NETCore.App.Ref\10.0.2\ref\net10.0\System.ComponentModel.dll".
             Reference found at search path location "{RawFileName}".
             This reference is not "CopyLocal" because at least one source item had "Private" set to "false" and no source items had "Private" set to "true".
         Primary reference "System.Configuration, Version=4.0.0.0, Culture=neutral, PublicKeyToken=b03f5f7f11d50a3a".
             Resolved file path is "C:\Program Files\dotnet\packs\Microsoft.NETCore.App.Ref\10.0.2\ref\net10.0\System.Configuration.dll".
             Reference found at search path location "{RawFileName}".
             This reference is not "CopyLocal" because at least one source item had "Private" set to "false" and no source items had "Private" set to "true".
         Primary reference "System.Console, Version=10.0.0.0, Culture=neutral, PublicKeyToken=b03f5f7f11d50a3a".
             Resolved file path is "C:\Program Files\dotnet\packs\Microsoft.NETCore.App.Ref\10.0.2\ref\net10.0\System.Console.dll".
             Reference found at search path location "{RawFileName}".
             This reference is not "CopyLocal" because at least one source item had "Private" set to "false" and no source items had "Private" set to "true".
         Primary reference "System.Core, Version=4.0.0.0, Culture=neutral, PublicKeyToken=b77a5c561934e089".
             Resolved file path is "C:\Program Files\dotnet\packs\Microsoft.NETCore.App.Ref\10.0.2\ref\net10.0\System.Core.dll".
             Reference found at search path location "{RawFileName}".
             This reference is not "CopyLocal" because at least one source item had "Private" set to "false" and no source items had "Private" set to "true".
         Primary reference "System.Data.Common, Version=10.0.0.0, Culture=neutral, PublicKeyToken=b03f5f7f11d50a3a".
             Resolved file path is "C:\Program Files\dotnet\packs\Microsoft.NETCore.App.Ref\10.0.2\ref\net10.0\System.Data.Common.dll".
             Reference found at search path location "{RawFileName}".
             This reference is not "CopyLocal" because at least one source item had "Private" set to "false" and no source items had "Private" set to "true".
         Primary reference "System.Data.DataSetExtensions, Version=10.0.0.0, Culture=neutral, PublicKeyToken=b77a5c561934e089".
             Resolved file path is "C:\Program Files\dotnet\packs\Microsoft.NETCore.App.Ref\10.0.2\ref\net10.0\System.Data.DataSetExtensions.dll".
             Reference found at search path location "{RawFileName}".
             This reference is not "CopyLocal" because at least one source item had "Private" set to "false" and no source items had "Private" set to "true".
         Primary reference "System.Data, Version=4.0.0.0, Culture=neutral, PublicKeyToken=b77a5c561934e089".
             Resolved file path is "C:\Program Files\dotnet\packs\Microsoft.NETCore.App.Ref\10.0.2\ref\net10.0\System.Data.dll".
             Reference found at search path location "{RawFileName}".
             This reference is not "CopyLocal" because at least one source item had "Private" set to "false" and no source items had "Private" set to "true".
         Primary reference "System.Diagnostics.Contracts, Version=10.0.0.0, Culture=neutral, PublicKeyToken=b03f5f7f11d50a3a".
             Resolved file path is "C:\Program Files\dotnet\packs\Microsoft.NETCore.App.Ref\10.0.2\ref\net10.0\System.Diagnostics.Contracts.dll".
             Reference found at search path location "{RawFileName}".
             This reference is not "CopyLocal" because at least one source item had "Private" set to "false" and no source items had "Private" set to "true".
         Primary reference "System.Diagnostics.Debug, Version=10.0.0.0, Culture=neutral, PublicKeyToken=b03f5f7f11d50a3a".
             Resolved file path is "C:\Program Files\dotnet\packs\Microsoft.NETCore.App.Ref\10.0.2\ref\net10.0\System.Diagnostics.Debug.dll".
             Reference found at search path location "{RawFileName}".
             This reference is not "CopyLocal" because at least one source item had "Private" set to "false" and no source items had "Private" set to "true".
         Primary reference "System.Diagnostics.DiagnosticSource, Version=10.0.0.0, Culture=neutral, PublicKeyToken=cc7b13ffcd2ddd51".
             Resolved file path is "C:\Program Files\dotnet\packs\Microsoft.NETCore.App.Ref\10.0.2\ref\net10.0\System.Diagnostics.DiagnosticSource.dll".
             Reference found at search path location "{RawFileName}".
             This reference is not "CopyLocal" because at least one source item had "Private" set to "false" and no source items had "Private" set to "true".
         Primary reference "System.Diagnostics.FileVersionInfo, Version=10.0.0.0, Culture=neutral, PublicKeyToken=b03f5f7f11d50a3a".
             Resolved file path is "C:\Program Files\dotnet\packs\Microsoft.NETCore.App.Ref\10.0.2\ref\net10.0\System.Diagnostics.FileVersionInfo.dll".
             Reference found at search path location "{RawFileName}".
             This reference is not "CopyLocal" because at least one source item had "Private" set to "false" and no source items had "Private" set to "true".
         Primary reference "System.Diagnostics.Process, Version=10.0.0.0, Culture=neutral, PublicKeyToken=b03f5f7f11d50a3a".
             Resolved file path is "C:\Program Files\dotnet\packs\Microsoft.NETCore.App.Ref\10.0.2\ref\net10.0\System.Diagnostics.Process.dll".
             Reference found at search path location "{RawFileName}".
             This reference is not "CopyLocal" because at least one source item had "Private" set to "false" and no source items had "Private" set to "true".
         Primary reference "System.Diagnostics.StackTrace, Version=10.0.0.0, Culture=neutral, PublicKeyToken=b03f5f7f11d50a3a".
             Resolved file path is "C:\Program Files\dotnet\packs\Microsoft.NETCore.App.Ref\10.0.2\ref\net10.0\System.Diagnostics.StackTrace.dll".
             Reference found at search path location "{RawFileName}".
             This reference is not "CopyLocal" because at least one source item had "Private" set to "false" and no source items had "Private" set to "true".
         Primary reference "System.Diagnostics.TextWriterTraceListener, Version=10.0.0.0, Culture=neutral, PublicKeyToken=b03f5f7f11d50a3a".
             Resolved file path is "C:\Program Files\dotnet\packs\Microsoft.NETCore.App.Ref\10.0.2\ref\net10.0\System.Diagnostics.TextWriterTraceListener.dll".
             Reference found at search path location "{RawFileName}".
             This reference is not "CopyLocal" because at least one source item had "Private" set to "false" and no source items had "Private" set to "true".
         Primary reference "System.Diagnostics.Tools, Version=10.0.0.0, Culture=neutral, PublicKeyToken=b03f5f7f11d50a3a".
             Resolved file path is "C:\Program Files\dotnet\packs\Microsoft.NETCore.App.Ref\10.0.2\ref\net10.0\System.Diagnostics.Tools.dll".
             Reference found at search path location "{RawFileName}".
             This reference is not "CopyLocal" because at least one source item had "Private" set to "false" and no source items had "Private" set to "true".
         Primary reference "System.Diagnostics.TraceSource, Version=10.0.0.0, Culture=neutral, PublicKeyToken=b03f5f7f11d50a3a".
             Resolved file path is "C:\Program Files\dotnet\packs\Microsoft.NETCore.App.Ref\10.0.2\ref\net10.0\System.Diagnostics.TraceSource.dll".
             Reference found at search path location "{RawFileName}".
             This reference is not "CopyLocal" because at least one source item had "Private" set to "false" and no source items had "Private" set to "true".
         Primary reference "System.Diagnostics.Tracing, Version=10.0.0.0, Culture=neutral, PublicKeyToken=b03f5f7f11d50a3a".
             Resolved file path is "C:\Program Files\dotnet\packs\Microsoft.NETCore.App.Ref\10.0.2\ref\net10.0\System.Diagnostics.Tracing.dll".
             Reference found at search path location "{RawFileName}".
             This reference is not "CopyLocal" because at least one source item had "Private" set to "false" and no source items had "Private" set to "true".
         Primary reference "System.Drawing.Primitives, Version=10.0.0.0, Culture=neutral, PublicKeyToken=b03f5f7f11d50a3a".
             Resolved file path is "C:\Program Files\dotnet\packs\Microsoft.NETCore.App.Ref\10.0.2\ref\net10.0\System.Drawing.Primitives.dll".
             Reference found at search path location "{RawFileName}".
             This reference is not "CopyLocal" because at least one source item had "Private" set to "false" and no source items had "Private" set to "true".
         Primary reference "System.Drawing, Version=4.0.0.0, Culture=neutral, PublicKeyToken=b03f5f7f11d50a3a".
             Resolved file path is "C:\Program Files\dotnet\packs\Microsoft.NETCore.App.Ref\10.0.2\ref\net10.0\System.Drawing.dll".
             Reference found at search path location "{RawFileName}".
             This reference is not "CopyLocal" because at least one source item had "Private" set to "false" and no source items had "Private" set to "true".
         Primary reference "System.Dynamic.Runtime, Version=10.0.0.0, Culture=neutral, PublicKeyToken=b03f5f7f11d50a3a".
             Resolved file path is "C:\Program Files\dotnet\packs\Microsoft.NETCore.App.Ref\10.0.2\ref\net10.0\System.Dynamic.Runtime.dll".
             Reference found at search path location "{RawFileName}".
             This reference is not "CopyLocal" because at least one source item had "Private" set to "false" and no source items had "Private" set to "true".
         Primary reference "System.Formats.Asn1, Version=10.0.0.0, Culture=neutral, PublicKeyToken=cc7b13ffcd2ddd51".
             Resolved file path is "C:\Program Files\dotnet\packs\Microsoft.NETCore.App.Ref\10.0.2\ref\net10.0\System.Formats.Asn1.dll".
             Reference found at search path location "{RawFileName}".
             This reference is not "CopyLocal" because at least one source item had "Private" set to "false" and no source items had "Private" set to "true".
         Primary reference "System.Formats.Tar, Version=10.0.0.0, Culture=neutral, PublicKeyToken=cc7b13ffcd2ddd51".
             Resolved file path is "C:\Program Files\dotnet\packs\Microsoft.NETCore.App.Ref\10.0.2\ref\net10.0\System.Formats.Tar.dll".
             Reference found at search path location "{RawFileName}".
             This reference is not "CopyLocal" because at least one source item had "Private" set to "false" and no source items had "Private" set to "true".
         Primary reference "System.Globalization.Calendars, Version=10.0.0.0, Culture=neutral, PublicKeyToken=b03f5f7f11d50a3a".
             Resolved file path is "C:\Program Files\dotnet\packs\Microsoft.NETCore.App.Ref\10.0.2\ref\net10.0\System.Globalization.Calendars.dll".
             Reference found at search path location "{RawFileName}".
             This reference is not "CopyLocal" because at least one source item had "Private" set to "false" and no source items had "Private" set to "true".
         Primary reference "System.Globalization.Extensions, Version=10.0.0.0, Culture=neutral, PublicKeyToken=b03f5f7f11d50a3a".
             Resolved file path is "C:\Program Files\dotnet\packs\Microsoft.NETCore.App.Ref\10.0.2\ref\net10.0\System.Globalization.Extensions.dll".
             Reference found at search path location "{RawFileName}".
             This reference is not "CopyLocal" because at least one source item had "Private" set to "false" and no source items had "Private" set to "true".
         Primary reference "System.Globalization, Version=10.0.0.0, Culture=neutral, PublicKeyToken=b03f5f7f11d50a3a".
             Resolved file path is "C:\Program Files\dotnet\packs\Microsoft.NETCore.App.Ref\10.0.2\ref\net10.0\System.Globalization.dll".
             Reference found at search path location "{RawFileName}".
             This reference is not "CopyLocal" because at least one source item had "Private" set to "false" and no source items had "Private" set to "true".
         Primary reference "System.IO.Compression.Brotli, Version=10.0.0.0, Culture=neutral, PublicKeyToken=b77a5c561934e089".
             Resolved file path is "C:\Program Files\dotnet\packs\Microsoft.NETCore.App.Ref\10.0.2\ref\net10.0\System.IO.Compression.Brotli.dll".
             Reference found at search path location "{RawFileName}".
             This reference is not "CopyLocal" because at least one source item had "Private" set to "false" and no source items had "Private" set to "true".
         Primary reference "System.IO.Compression.FileSystem, Version=4.0.0.0, Culture=neutral, PublicKeyToken=b77a5c561934e089".
             Resolved file path is "C:\Program Files\dotnet\packs\Microsoft.NETCore.App.Ref\10.0.2\ref\net10.0\System.IO.Compression.FileSystem.dll".
             Reference found at search path location "{RawFileName}".
             This reference is not "CopyLocal" because at least one source item had "Private" set to "false" and no source items had "Private" set to "true".
         Primary reference "System.IO.Compression.ZipFile, Version=10.0.0.0, Culture=neutral, PublicKeyToken=b77a5c561934e089".
             Resolved file path is "C:\Program Files\dotnet\packs\Microsoft.NETCore.App.Ref\10.0.2\ref\net10.0\System.IO.Compression.ZipFile.dll".
             Reference found at search path location "{RawFileName}".
             This reference is not "CopyLocal" because at least one source item had "Private" set to "false" and no source items had "Private" set to "true".
         Primary reference "System.IO.Compression, Version=10.0.0.0, Culture=neutral, PublicKeyToken=b77a5c561934e089".
             Resolved file path is "C:\Program Files\dotnet\packs\Microsoft.NETCore.App.Ref\10.0.2\ref\net10.0\System.IO.Compression.dll".
             Reference found at search path location "{RawFileName}".
             This reference is not "CopyLocal" because at least one source item had "Private" set to "false" and no source items had "Private" set to "true".
         Primary reference "System.IO.FileSystem.AccessControl, Version=10.0.0.0, Culture=neutral, PublicKeyToken=b03f5f7f11d50a3a".
             Resolved file path is "C:\Program Files\dotnet\packs\Microsoft.NETCore.App.Ref\10.0.2\ref\net10.0\System.IO.FileSystem.AccessControl.dll".
             Reference found at search path location "{RawFileName}".
             This reference is not "CopyLocal" because at least one source item had "Private" set to "false" and no source items had "Private" set to "true".
         Primary reference "System.IO.FileSystem.DriveInfo, Version=10.0.0.0, Culture=neutral, PublicKeyToken=b03f5f7f11d50a3a".
             Resolved file path is "C:\Program Files\dotnet\packs\Microsoft.NETCore.App.Ref\10.0.2\ref\net10.0\System.IO.FileSystem.DriveInfo.dll".
             Reference found at search path location "{RawFileName}".
             This reference is not "CopyLocal" because at least one source item had "Private" set to "false" and no source items had "Private" set to "true".
         Primary reference "System.IO.FileSystem.Primitives, Version=10.0.0.0, Culture=neutral, PublicKeyToken=b03f5f7f11d50a3a".
             Resolved file path is "C:\Program Files\dotnet\packs\Microsoft.NETCore.App.Ref\10.0.2\ref\net10.0\System.IO.FileSystem.Primitives.dll".
             Reference found at search path location "{RawFileName}".
             This reference is not "CopyLocal" because at least one source item had "Private" set to "false" and no source items had "Private" set to "true".
         Primary reference "System.IO.FileSystem.Watcher, Version=10.0.0.0, Culture=neutral, PublicKeyToken=b03f5f7f11d50a3a".
             Resolved file path is "C:\Program Files\dotnet\packs\Microsoft.NETCore.App.Ref\10.0.2\ref\net10.0\System.IO.FileSystem.Watcher.dll".
             Reference found at search path location "{RawFileName}".
             This reference is not "CopyLocal" because at least one source item had "Private" set to "false" and no source items had "Private" set to "true".
         Primary reference "System.IO.FileSystem, Version=10.0.0.0, Culture=neutral, PublicKeyToken=b03f5f7f11d50a3a".
             Resolved file path is "C:\Program Files\dotnet\packs\Microsoft.NETCore.App.Ref\10.0.2\ref\net10.0\System.IO.FileSystem.dll".
             Reference found at search path location "{RawFileName}".
             This reference is not "CopyLocal" because at least one source item had "Private" set to "false" and no source items had "Private" set to "true".
         Primary reference "System.IO.IsolatedStorage, Version=10.0.0.0, Culture=neutral, PublicKeyToken=b03f5f7f11d50a3a".
             Resolved file path is "C:\Program Files\dotnet\packs\Microsoft.NETCore.App.Ref\10.0.2\ref\net10.0\System.IO.IsolatedStorage.dll".
             Reference found at search path location "{RawFileName}".
             This reference is not "CopyLocal" because at least one source item had "Private" set to "false" and no source items had "Private" set to "true".
         Primary reference "System.IO.MemoryMappedFiles, Version=10.0.0.0, Culture=neutral, PublicKeyToken=b03f5f7f11d50a3a".
             Resolved file path is "C:\Program Files\dotnet\packs\Microsoft.NETCore.App.Ref\10.0.2\ref\net10.0\System.IO.MemoryMappedFiles.dll".
             Reference found at search path location "{RawFileName}".
             This reference is not "CopyLocal" because at least one source item had "Private" set to "false" and no source items had "Private" set to "true".
         Primary reference "System.IO.Pipelines, Version=10.0.0.0, Culture=neutral, PublicKeyToken=cc7b13ffcd2ddd51".
             Resolved file path is "C:\Program Files\dotnet\packs\Microsoft.NETCore.App.Ref\10.0.2\ref\net10.0\System.IO.Pipelines.dll".
             Reference found at search path location "{RawFileName}".
             This reference is not "CopyLocal" because at least one source item had "Private" set to "false" and no source items had "Private" set to "true".
         Primary reference "System.IO.Pipes.AccessControl, Version=10.0.0.0, Culture=neutral, PublicKeyToken=b03f5f7f11d50a3a".
             Resolved file path is "C:\Program Files\dotnet\packs\Microsoft.NETCore.App.Ref\10.0.2\ref\net10.0\System.IO.Pipes.AccessControl.dll".
             Reference found at search path location "{RawFileName}".
             This reference is not "CopyLocal" because at least one source item had "Private" set to "false" and no source items had "Private" set to "true".
         Primary reference "System.IO.Pipes, Version=10.0.0.0, Culture=neutral, PublicKeyToken=b03f5f7f11d50a3a".
             Resolved file path is "C:\Program Files\dotnet\packs\Microsoft.NETCore.App.Ref\10.0.2\ref\net10.0\System.IO.Pipes.dll".
             Reference found at search path location "{RawFileName}".
             This reference is not "CopyLocal" because at least one source item had "Private" set to "false" and no source items had "Private" set to "true".
         Primary reference "System.IO.UnmanagedMemoryStream, Version=10.0.0.0, Culture=neutral, PublicKeyToken=b03f5f7f11d50a3a".
             Resolved file path is "C:\Program Files\dotnet\packs\Microsoft.NETCore.App.Ref\10.0.2\ref\net10.0\System.IO.UnmanagedMemoryStream.dll".
             Reference found at search path location "{RawFileName}".
             This reference is not "CopyLocal" because at least one source item had "Private" set to "false" and no source items had "Private" set to "true".
         Primary reference "System.IO, Version=10.0.0.0, Culture=neutral, PublicKeyToken=b03f5f7f11d50a3a".
             Resolved file path is "C:\Program Files\dotnet\packs\Microsoft.NETCore.App.Ref\10.0.2\ref\net10.0\System.IO.dll".
             Reference found at search path location "{RawFileName}".
             This reference is not "CopyLocal" because at least one source item had "Private" set to "false" and no source items had "Private" set to "true".
         Primary reference "System.Linq.AsyncEnumerable, Version=10.0.0.0, Culture=neutral, PublicKeyToken=b03f5f7f11d50a3a".
             Resolved file path is "C:\Program Files\dotnet\packs\Microsoft.NETCore.App.Ref\10.0.2\ref\net10.0\System.Linq.AsyncEnumerable.dll".
             Reference found at search path location "{RawFileName}".
             This reference is not "CopyLocal" because at least one source item had "Private" set to "false" and no source items had "Private" set to "true".
         Primary reference "System.Linq.Expressions, Version=10.0.0.0, Culture=neutral, PublicKeyToken=b03f5f7f11d50a3a".
             Resolved file path is "C:\Program Files\dotnet\packs\Microsoft.NETCore.App.Ref\10.0.2\ref\net10.0\System.Linq.Expressions.dll".
             Reference found at search path location "{RawFileName}".
             This reference is not "CopyLocal" because at least one source item had "Private" set to "false" and no source items had "Private" set to "true".
         Primary reference "System.Linq.Parallel, Version=10.0.0.0, Culture=neutral, PublicKeyToken=b03f5f7f11d50a3a".
             Resolved file path is "C:\Program Files\dotnet\packs\Microsoft.NETCore.App.Ref\10.0.2\ref\net10.0\System.Linq.Parallel.dll".
             Reference found at search path location "{RawFileName}".
             This reference is not "CopyLocal" because at least one source item had "Private" set to "false" and no source items had "Private" set to "true".
         Primary reference "System.Linq.Queryable, Version=10.0.0.0, Culture=neutral, PublicKeyToken=b03f5f7f11d50a3a".
             Resolved file path is "C:\Program Files\dotnet\packs\Microsoft.NETCore.App.Ref\10.0.2\ref\net10.0\System.Linq.Queryable.dll".
             Reference found at search path location "{RawFileName}".
             This reference is not "CopyLocal" because at least one source item had "Private" set to "false" and no source items had "Private" set to "true".
         Primary reference "System.Linq, Version=10.0.0.0, Culture=neutral, PublicKeyToken=b03f5f7f11d50a3a".
             Resolved file path is "C:\Program Files\dotnet\packs\Microsoft.NETCore.App.Ref\10.0.2\ref\net10.0\System.Linq.dll".
             Reference found at search path location "{RawFileName}".
             This reference is not "CopyLocal" because at least one source item had "Private" set to "false" and no source items had "Private" set to "true".
         Primary reference "System.Memory, Version=10.0.0.0, Culture=neutral, PublicKeyToken=cc7b13ffcd2ddd51".
             Resolved file path is "C:\Program Files\dotnet\packs\Microsoft.NETCore.App.Ref\10.0.2\ref\net10.0\System.Memory.dll".
             Reference found at search path location "{RawFileName}".
             This reference is not "CopyLocal" because at least one source item had "Private" set to "false" and no source items had "Private" set to "true".
         Primary reference "System.Net.Http.Json, Version=10.0.0.0, Culture=neutral, PublicKeyToken=cc7b13ffcd2ddd51".
             Resolved file path is "C:\Program Files\dotnet\packs\Microsoft.NETCore.App.Ref\10.0.2\ref\net10.0\System.Net.Http.Json.dll".
             Reference found at search path location "{RawFileName}".
             This reference is not "CopyLocal" because at least one source item had "Private" set to "false" and no source items had "Private" set to "true".
         Primary reference "System.Net.Http, Version=10.0.0.0, Culture=neutral, PublicKeyToken=b03f5f7f11d50a3a".
             Resolved file path is "C:\Program Files\dotnet\packs\Microsoft.NETCore.App.Ref\10.0.2\ref\net10.0\System.Net.Http.dll".
             Reference found at search path location "{RawFileName}".
             This reference is not "CopyLocal" because at least one source item had "Private" set to "false" and no source items had "Private" set to "true".
         Primary reference "System.Net.HttpListener, Version=10.0.0.0, Culture=neutral, PublicKeyToken=cc7b13ffcd2ddd51".
             Resolved file path is "C:\Program Files\dotnet\packs\Microsoft.NETCore.App.Ref\10.0.2\ref\net10.0\System.Net.HttpListener.dll".
             Reference found at search path location "{RawFileName}".
             This reference is not "CopyLocal" because at least one source item had "Private" set to "false" and no source items had "Private" set to "true".
         Primary reference "System.Net.Mail, Version=10.0.0.0, Culture=neutral, PublicKeyToken=cc7b13ffcd2ddd51".
             Resolved file path is "C:\Program Files\dotnet\packs\Microsoft.NETCore.App.Ref\10.0.2\ref\net10.0\System.Net.Mail.dll".
             Reference found at search path location "{RawFileName}".
             This reference is not "CopyLocal" because at least one source item had "Private" set to "false" and no source items had "Private" set to "true".
         Primary reference "System.Net.NameResolution, Version=10.0.0.0, Culture=neutral, PublicKeyToken=b03f5f7f11d50a3a".
             Resolved file path is "C:\Program Files\dotnet\packs\Microsoft.NETCore.App.Ref\10.0.2\ref\net10.0\System.Net.NameResolution.dll".
             Reference found at search path location "{RawFileName}".
             This reference is not "CopyLocal" because at least one source item had "Private" set to "false" and no source items had "Private" set to "true".
         Primary reference "System.Net.NetworkInformation, Version=10.0.0.0, Culture=neutral, PublicKeyToken=b03f5f7f11d50a3a".
             Resolved file path is "C:\Program Files\dotnet\packs\Microsoft.NETCore.App.Ref\10.0.2\ref\net10.0\System.Net.NetworkInformation.dll".
             Reference found at search path location "{RawFileName}".
             This reference is not "CopyLocal" because at least one source item had "Private" set to "false" and no source items had "Private" set to "true".
         Primary reference "System.Net.Ping, Version=10.0.0.0, Culture=neutral, PublicKeyToken=b03f5f7f11d50a3a".
             Resolved file path is "C:\Program Files\dotnet\packs\Microsoft.NETCore.App.Ref\10.0.2\ref\net10.0\System.Net.Ping.dll".
             Reference found at search path location "{RawFileName}".
             This reference is not "CopyLocal" because at least one source item had "Private" set to "false" and no source items had "Private" set to "true".
         Primary reference "System.Net.Primitives, Version=10.0.0.0, Culture=neutral, PublicKeyToken=b03f5f7f11d50a3a".
             Resolved file path is "C:\Program Files\dotnet\packs\Microsoft.NETCore.App.Ref\10.0.2\ref\net10.0\System.Net.Primitives.dll".
             Reference found at search path location "{RawFileName}".
             This reference is not "CopyLocal" because at least one source item had "Private" set to "false" and no source items had "Private" set to "true".
         Primary reference "System.Net.Quic, Version=10.0.0.0, Culture=neutral, PublicKeyToken=b03f5f7f11d50a3a".
             Resolved file path is "C:\Program Files\dotnet\packs\Microsoft.NETCore.App.Ref\10.0.2\ref\net10.0\System.Net.Quic.dll".
             Reference found at search path location "{RawFileName}".
             This reference is not "CopyLocal" because at least one source item had "Private" set to "false" and no source items had "Private" set to "true".
         Primary reference "System.Net.Requests, Version=10.0.0.0, Culture=neutral, PublicKeyToken=b03f5f7f11d50a3a".
             Resolved file path is "C:\Program Files\dotnet\packs\Microsoft.NETCore.App.Ref\10.0.2\ref\net10.0\System.Net.Requests.dll".
             Reference found at search path location "{RawFileName}".
             This reference is not "CopyLocal" because at least one source item had "Private" set to "false" and no source items had "Private" set to "true".
         Primary reference "System.Net.Security, Version=10.0.0.0, Culture=neutral, PublicKeyToken=b03f5f7f11d50a3a".
             Resolved file path is "C:\Program Files\dotnet\packs\Microsoft.NETCore.App.Ref\10.0.2\ref\net10.0\System.Net.Security.dll".
             Reference found at search path location "{RawFileName}".
             This reference is not "CopyLocal" because at least one source item had "Private" set to "false" and no source items had "Private" set to "true".
         Primary reference "System.Net.ServerSentEvents, Version=10.0.0.0, Culture=neutral, PublicKeyToken=cc7b13ffcd2ddd51".
             Resolved file path is "C:\Program Files\dotnet\packs\Microsoft.NETCore.App.Ref\10.0.2\ref\net10.0\System.Net.ServerSentEvents.dll".
             Reference found at search path location "{RawFileName}".
             This reference is not "CopyLocal" because at least one source item had "Private" set to "false" and no source items had "Private" set to "true".
         Primary reference "System.Net.ServicePoint, Version=10.0.0.0, Culture=neutral, PublicKeyToken=cc7b13ffcd2ddd51".
             Resolved file path is "C:\Program Files\dotnet\packs\Microsoft.NETCore.App.Ref\10.0.2\ref\net10.0\System.Net.ServicePoint.dll".
             Reference found at search path location "{RawFileName}".
             This reference is not "CopyLocal" because at least one source item had "Private" set to "false" and no source items had "Private" set to "true".
         Primary reference "System.Net.Sockets, Version=10.0.0.0, Culture=neutral, PublicKeyToken=b03f5f7f11d50a3a".
             Resolved file path is "C:\Program Files\dotnet\packs\Microsoft.NETCore.App.Ref\10.0.2\ref\net10.0\System.Net.Sockets.dll".
             Reference found at search path location "{RawFileName}".
             This reference is not "CopyLocal" because at least one source item had "Private" set to "false" and no source items had "Private" set to "true".
         Primary reference "System.Net.WebClient, Version=10.0.0.0, Culture=neutral, PublicKeyToken=cc7b13ffcd2ddd51".
             Resolved file path is "C:\Program Files\dotnet\packs\Microsoft.NETCore.App.Ref\10.0.2\ref\net10.0\System.Net.WebClient.dll".
             Reference found at search path location "{RawFileName}".
             This reference is not "CopyLocal" because at least one source item had "Private" set to "false" and no source items had "Private" set to "true".
         Primary reference "System.Net.WebHeaderCollection, Version=10.0.0.0, Culture=neutral, PublicKeyToken=b03f5f7f11d50a3a".
             Resolved file path is "C:\Program Files\dotnet\packs\Microsoft.NETCore.App.Ref\10.0.2\ref\net10.0\System.Net.WebHeaderCollection.dll".
             Reference found at search path location "{RawFileName}".
             This reference is not "CopyLocal" because at least one source item had "Private" set to "false" and no source items had "Private" set to "true".
         Primary reference "System.Net.WebProxy, Version=10.0.0.0, Culture=neutral, PublicKeyToken=cc7b13ffcd2ddd51".
             Resolved file path is "C:\Program Files\dotnet\packs\Microsoft.NETCore.App.Ref\10.0.2\ref\net10.0\System.Net.WebProxy.dll".
             Reference found at search path location "{RawFileName}".
             This reference is not "CopyLocal" because at least one source item had "Private" set to "false" and no source items had "Private" set to "true".
         Primary reference "System.Net.WebSockets.Client, Version=10.0.0.0, Culture=neutral, PublicKeyToken=b03f5f7f11d50a3a".
             Resolved file path is "C:\Program Files\dotnet\packs\Microsoft.NETCore.App.Ref\10.0.2\ref\net10.0\System.Net.WebSockets.Client.dll".
             Reference found at search path location "{RawFileName}".
             This reference is not "CopyLocal" because at least one source item had "Private" set to "false" and no source items had "Private" set to "true".
         Primary reference "System.Net.WebSockets, Version=10.0.0.0, Culture=neutral, PublicKeyToken=b03f5f7f11d50a3a".
             Resolved file path is "C:\Program Files\dotnet\packs\Microsoft.NETCore.App.Ref\10.0.2\ref\net10.0\System.Net.WebSockets.dll".
             Reference found at search path location "{RawFileName}".
             This reference is not "CopyLocal" because at least one source item had "Private" set to "false" and no source items had "Private" set to "true".
         Primary reference "System.Net, Version=4.0.0.0, Culture=neutral, PublicKeyToken=b03f5f7f11d50a3a".
             Resolved file path is "C:\Program Files\dotnet\packs\Microsoft.NETCore.App.Ref\10.0.2\ref\net10.0\System.Net.dll".
             Reference found at search path location "{RawFileName}".
             This reference is not "CopyLocal" because at least one source item had "Private" set to "false" and no source items had "Private" set to "true".
         Primary reference "System.Numerics.Vectors, Version=10.0.0.0, Culture=neutral, PublicKeyToken=b03f5f7f11d50a3a".
             Resolved file path is "C:\Program Files\dotnet\packs\Microsoft.NETCore.App.Ref\10.0.2\ref\net10.0\System.Numerics.Vectors.dll".
             Reference found at search path location "{RawFileName}".
             This reference is not "CopyLocal" because at least one source item had "Private" set to "false" and no source items had "Private" set to "true".
         Primary reference "System.Numerics, Version=4.0.0.0, Culture=neutral, PublicKeyToken=b77a5c561934e089".
             Resolved file path is "C:\Program Files\dotnet\packs\Microsoft.NETCore.App.Ref\10.0.2\ref\net10.0\System.Numerics.dll".
             Reference found at search path location "{RawFileName}".
             This reference is not "CopyLocal" because at least one source item had "Private" set to "false" and no source items had "Private" set to "true".
         Primary reference "System.ObjectModel, Version=10.0.0.0, Culture=neutral, PublicKeyToken=b03f5f7f11d50a3a".
             Resolved file path is "C:\Program Files\dotnet\packs\Microsoft.NETCore.App.Ref\10.0.2\ref\net10.0\System.ObjectModel.dll".
             Reference found at search path location "{RawFileName}".
             This reference is not "CopyLocal" because at least one source item had "Private" set to "false" and no source items had "Private" set to "true".
         Primary reference "System.Reflection.DispatchProxy, Version=10.0.0.0, Culture=neutral, PublicKeyToken=b03f5f7f11d50a3a".
             Resolved file path is "C:\Program Files\dotnet\packs\Microsoft.NETCore.App.Ref\10.0.2\ref\net10.0\System.Reflection.DispatchProxy.dll".
             Reference found at search path location "{RawFileName}".
             This reference is not "CopyLocal" because at least one source item had "Private" set to "false" and no source items had "Private" set to "true".
         Primary reference "System.Reflection.Emit.ILGeneration, Version=10.0.0.0, Culture=neutral, PublicKeyToken=b03f5f7f11d50a3a".
             Resolved file path is "C:\Program Files\dotnet\packs\Microsoft.NETCore.App.Ref\10.0.2\ref\net10.0\System.Reflection.Emit.ILGeneration.dll".
             Reference found at search path location "{RawFileName}".
             This reference is not "CopyLocal" because at least one source item had "Private" set to "false" and no source items had "Private" set to "true".
         Primary reference "System.Reflection.Emit.Lightweight, Version=10.0.0.0, Culture=neutral, PublicKeyToken=b03f5f7f11d50a3a".
             Resolved file path is "C:\Program Files\dotnet\packs\Microsoft.NETCore.App.Ref\10.0.2\ref\net10.0\System.Reflection.Emit.Lightweight.dll".
             Reference found at search path location "{RawFileName}".
             This reference is not "CopyLocal" because at least one source item had "Private" set to "false" and no source items had "Private" set to "true".
         Primary reference "System.Reflection.Emit, Version=10.0.0.0, Culture=neutral, PublicKeyToken=b03f5f7f11d50a3a".
             Resolved file path is "C:\Program Files\dotnet\packs\Microsoft.NETCore.App.Ref\10.0.2\ref\net10.0\System.Reflection.Emit.dll".
             Reference found at search path location "{RawFileName}".
             This reference is not "CopyLocal" because at least one source item had "Private" set to "false" and no source items had "Private" set to "true".
         Primary reference "System.Reflection.Extensions, Version=10.0.0.0, Culture=neutral, PublicKeyToken=b03f5f7f11d50a3a".
             Resolved file path is "C:\Program Files\dotnet\packs\Microsoft.NETCore.App.Ref\10.0.2\ref\net10.0\System.Reflection.Extensions.dll".
             Reference found at search path location "{RawFileName}".
             This reference is not "CopyLocal" because at least one source item had "Private" set to "false" and no source items had "Private" set to "true".
         Primary reference "System.Reflection.Metadata, Version=10.0.0.0, Culture=neutral, PublicKeyToken=b03f5f7f11d50a3a".
             Resolved file path is "C:\Program Files\dotnet\packs\Microsoft.NETCore.App.Ref\10.0.2\ref\net10.0\System.Reflection.Metadata.dll".
             Reference found at search path location "{RawFileName}".
             This reference is not "CopyLocal" because at least one source item had "Private" set to "false" and no source items had "Private" set to "true".
         Primary reference "System.Reflection.Primitives, Version=10.0.0.0, Culture=neutral, PublicKeyToken=b03f5f7f11d50a3a".
             Resolved file path is "C:\Program Files\dotnet\packs\Microsoft.NETCore.App.Ref\10.0.2\ref\net10.0\System.Reflection.Primitives.dll".
             Reference found at search path location "{RawFileName}".
             This reference is not "CopyLocal" because at least one source item had "Private" set to "false" and no source items had "Private" set to "true".
         Primary reference "System.Reflection.TypeExtensions, Version=10.0.0.0, Culture=neutral, PublicKeyToken=b03f5f7f11d50a3a".
             Resolved file path is "C:\Program Files\dotnet\packs\Microsoft.NETCore.App.Ref\10.0.2\ref\net10.0\System.Reflection.TypeExtensions.dll".
             Reference found at search path location "{RawFileName}".
             This reference is not "CopyLocal" because at least one source item had "Private" set to "false" and no source items had "Private" set to "true".
         Primary reference "System.Reflection, Version=10.0.0.0, Culture=neutral, PublicKeyToken=b03f5f7f11d50a3a".
             Resolved file path is "C:\Program Files\dotnet\packs\Microsoft.NETCore.App.Ref\10.0.2\ref\net10.0\System.Reflection.dll".
             Reference found at search path location "{RawFileName}".
             This reference is not "CopyLocal" because at least one source item had "Private" set to "false" and no source items had "Private" set to "true".
         Primary reference "System.Resources.Reader, Version=10.0.0.0, Culture=neutral, PublicKeyToken=b03f5f7f11d50a3a".
             Resolved file path is "C:\Program Files\dotnet\packs\Microsoft.NETCore.App.Ref\10.0.2\ref\net10.0\System.Resources.Reader.dll".
             Reference found at search path location "{RawFileName}".
             This reference is not "CopyLocal" because at least one source item had "Private" set to "false" and no source items had "Private" set to "true".
         Primary reference "System.Resources.ResourceManager, Version=10.0.0.0, Culture=neutral, PublicKeyToken=b03f5f7f11d50a3a".
             Resolved file path is "C:\Program Files\dotnet\packs\Microsoft.NETCore.App.Ref\10.0.2\ref\net10.0\System.Resources.ResourceManager.dll".
             Reference found at search path location "{RawFileName}".
             This reference is not "CopyLocal" because at least one source item had "Private" set to "false" and no source items had "Private" set to "true".
         Primary reference "System.Resources.Writer, Version=10.0.0.0, Culture=neutral, PublicKeyToken=b03f5f7f11d50a3a".
             Resolved file path is "C:\Program Files\dotnet\packs\Microsoft.NETCore.App.Ref\10.0.2\ref\net10.0\System.Resources.Writer.dll".
             Reference found at search path location "{RawFileName}".
             This reference is not "CopyLocal" because at least one source item had "Private" set to "false" and no source items had "Private" set to "true".
         Primary reference "System.Runtime.CompilerServices.Unsafe, Version=10.0.0.0, Culture=neutral, PublicKeyToken=b03f5f7f11d50a3a".
             Resolved file path is "C:\Program Files\dotnet\packs\Microsoft.NETCore.App.Ref\10.0.2\ref\net10.0\System.Runtime.CompilerServices.Unsafe.dll".
             Reference found at search path location "{RawFileName}".
             This reference is not "CopyLocal" because at least one source item had "Private" set to "false" and no source items had "Private" set to "true".
         Primary reference "System.Runtime.CompilerServices.VisualC, Version=10.0.0.0, Culture=neutral, PublicKeyToken=b03f5f7f11d50a3a".
             Resolved file path is "C:\Program Files\dotnet\packs\Microsoft.NETCore.App.Ref\10.0.2\ref\net10.0\System.Runtime.CompilerServices.VisualC.dll".
             Reference found at search path location "{RawFileName}".
             This reference is not "CopyLocal" because at least one source item had "Private" set to "false" and no source items had "Private" set to "true".
         Primary reference "System.Runtime.Extensions, Version=10.0.0.0, Culture=neutral, PublicKeyToken=b03f5f7f11d50a3a".
             Resolved file path is "C:\Program Files\dotnet\packs\Microsoft.NETCore.App.Ref\10.0.2\ref\net10.0\System.Runtime.Extensions.dll".
             Reference found at search path location "{RawFileName}".
             This reference is not "CopyLocal" because at least one source item had "Private" set to "false" and no source items had "Private" set to "true".
         Primary reference "System.Runtime.Handles, Version=10.0.0.0, Culture=neutral, PublicKeyToken=b03f5f7f11d50a3a".
             Resolved file path is "C:\Program Files\dotnet\packs\Microsoft.NETCore.App.Ref\10.0.2\ref\net10.0\System.Runtime.Handles.dll".
             Reference found at search path location "{RawFileName}".
             This reference is not "CopyLocal" because at least one source item had "Private" set to "false" and no source items had "Private" set to "true".
         Primary reference "System.Runtime.InteropServices.JavaScript, Version=10.0.0.0, Culture=neutral, PublicKeyToken=b03f5f7f11d50a3a".
             Resolved file path is "C:\Program Files\dotnet\packs\Microsoft.NETCore.App.Ref\10.0.2\ref\net10.0\System.Runtime.InteropServices.JavaScript.dll".
             Reference found at search path location "{RawFileName}".
             This reference is not "CopyLocal" because at least one source item had "Private" set to "false" and no source items had "Private" set to "true".
         Primary reference "System.Runtime.InteropServices.RuntimeInformation, Version=10.0.0.0, Culture=neutral, PublicKeyToken=b03f5f7f11d50a3a".
             Resolved file path is "C:\Program Files\dotnet\packs\Microsoft.NETCore.App.Ref\10.0.2\ref\net10.0\System.Runtime.InteropServices.RuntimeInformation.dll".
             Reference found at search path location "{RawFileName}".
             This reference is not "CopyLocal" because at least one source item had "Private" set to "false" and no source items had "Private" set to "true".
         Primary reference "System.Runtime.InteropServices, Version=10.0.0.0, Culture=neutral, PublicKeyToken=b03f5f7f11d50a3a".
             Resolved file path is "C:\Program Files\dotnet\packs\Microsoft.NETCore.App.Ref\10.0.2\ref\net10.0\System.Runtime.InteropServices.dll".
             Reference found at search path location "{RawFileName}".
             This reference is not "CopyLocal" because at least one source item had "Private" set to "false" and no source items had "Private" set to "true".
         Primary reference "System.Runtime.Intrinsics, Version=10.0.0.0, Culture=neutral, PublicKeyToken=cc7b13ffcd2ddd51".
             Resolved file path is "C:\Program Files\dotnet\packs\Microsoft.NETCore.App.Ref\10.0.2\ref\net10.0\System.Runtime.Intrinsics.dll".
             Reference found at search path location "{RawFileName}".
             This reference is not "CopyLocal" because at least one source item had "Private" set to "false" and no source items had "Private" set to "true".
         Primary reference "System.Runtime.Loader, Version=10.0.0.0, Culture=neutral, PublicKeyToken=b03f5f7f11d50a3a".
             Resolved file path is "C:\Program Files\dotnet\packs\Microsoft.NETCore.App.Ref\10.0.2\ref\net10.0\System.Runtime.Loader.dll".
             Reference found at search path location "{RawFileName}".
             This reference is not "CopyLocal" because at least one source item had "Private" set to "false" and no source items had "Private" set to "true".
         Primary reference "System.Runtime.Numerics, Version=10.0.0.0, Culture=neutral, PublicKeyToken=b03f5f7f11d50a3a".
             Resolved file path is "C:\Program Files\dotnet\packs\Microsoft.NETCore.App.Ref\10.0.2\ref\net10.0\System.Runtime.Numerics.dll".
             Reference found at search path location "{RawFileName}".
             This reference is not "CopyLocal" because at least one source item had "Private" set to "false" and no source items had "Private" set to "true".
         Primary reference "System.Runtime.Serialization.Formatters, Version=8.1.0.0, Culture=neutral, PublicKeyToken=b03f5f7f11d50a3a".
             Resolved file path is "C:\Program Files\dotnet\packs\Microsoft.NETCore.App.Ref\10.0.2\ref\net10.0\System.Runtime.Serialization.Formatters.dll".
             Reference found at search path location "{RawFileName}".
             This reference is not "CopyLocal" because at least one source item had "Private" set to "false" and no source items had "Private" set to "true".
         Primary reference "System.Runtime.Serialization.Json, Version=10.0.0.0, Culture=neutral, PublicKeyToken=b03f5f7f11d50a3a".
             Resolved file path is "C:\Program Files\dotnet\packs\Microsoft.NETCore.App.Ref\10.0.2\ref\net10.0\System.Runtime.Serialization.Json.dll".
             Reference found at search path location "{RawFileName}".
             This reference is not "CopyLocal" because at least one source item had "Private" set to "false" and no source items had "Private" set to "true".
         Primary reference "System.Runtime.Serialization.Primitives, Version=10.0.0.0, Culture=neutral, PublicKeyToken=b03f5f7f11d50a3a".
             Resolved file path is "C:\Program Files\dotnet\packs\Microsoft.NETCore.App.Ref\10.0.2\ref\net10.0\System.Runtime.Serialization.Primitives.dll".
             Reference found at search path location "{RawFileName}".
             This reference is not "CopyLocal" because at least one source item had "Private" set to "false" and no source items had "Private" set to "true".
         Primary reference "System.Runtime.Serialization.Xml, Version=10.0.0.0, Culture=neutral, PublicKeyToken=b03f5f7f11d50a3a".
             Resolved file path is "C:\Program Files\dotnet\packs\Microsoft.NETCore.App.Ref\10.0.2\ref\net10.0\System.Runtime.Serialization.Xml.dll".
             Reference found at search path location "{RawFileName}".
             This reference is not "CopyLocal" because at least one source item had "Private" set to "false" and no source items had "Private" set to "true".
         Primary reference "System.Runtime.Serialization, Version=4.0.0.0, Culture=neutral, PublicKeyToken=b77a5c561934e089".
             Resolved file path is "C:\Program Files\dotnet\packs\Microsoft.NETCore.App.Ref\10.0.2\ref\net10.0\System.Runtime.Serialization.dll".
             Reference found at search path location "{RawFileName}".
             This reference is not "CopyLocal" because at least one source item had "Private" set to "false" and no source items had "Private" set to "true".
         Primary reference "System.Runtime, Version=10.0.0.0, Culture=neutral, PublicKeyToken=b03f5f7f11d50a3a".
             Resolved file path is "C:\Program Files\dotnet\packs\Microsoft.NETCore.App.Ref\10.0.2\ref\net10.0\System.Runtime.dll".
             Reference found at search path location "{RawFileName}".
             This reference is not "CopyLocal" because at least one source item had "Private" set to "false" and no source items had "Private" set to "true".
         Primary reference "System.Security.AccessControl, Version=10.0.0.0, Culture=neutral, PublicKeyToken=b03f5f7f11d50a3a".
             Resolved file path is "C:\Program Files\dotnet\packs\Microsoft.NETCore.App.Ref\10.0.2\ref\net10.0\System.Security.AccessControl.dll".
             Reference found at search path location "{RawFileName}".
             This reference is not "CopyLocal" because at least one source item had "Private" set to "false" and no source items had "Private" set to "true".
         Primary reference "System.Security.Claims, Version=10.0.0.0, Culture=neutral, PublicKeyToken=b03f5f7f11d50a3a".
             Resolved file path is "C:\Program Files\dotnet\packs\Microsoft.NETCore.App.Ref\10.0.2\ref\net10.0\System.Security.Claims.dll".
             Reference found at search path location "{RawFileName}".
             This reference is not "CopyLocal" because at least one source item had "Private" set to "false" and no source items had "Private" set to "true".
         Primary reference "System.Security.Cryptography.Algorithms, Version=10.0.0.0, Culture=neutral, PublicKeyToken=b03f5f7f11d50a3a".
             Resolved file path is "C:\Program Files\dotnet\packs\Microsoft.NETCore.App.Ref\10.0.2\ref\net10.0\System.Security.Cryptography.Algorithms.dll".
             Reference found at search path location "{RawFileName}".
             This reference is not "CopyLocal" because at least one source item had "Private" set to "false" and no source items had "Private" set to "true".
         Primary reference "System.Security.Cryptography.Cng, Version=10.0.0.0, Culture=neutral, PublicKeyToken=b03f5f7f11d50a3a".
             Resolved file path is "C:\Program Files\dotnet\packs\Microsoft.NETCore.App.Ref\10.0.2\ref\net10.0\System.Security.Cryptography.Cng.dll".
             Reference found at search path location "{RawFileName}".
             This reference is not "CopyLocal" because at least one source item had "Private" set to "false" and no source items had "Private" set to "true".
         Primary reference "System.Security.Cryptography.Csp, Version=10.0.0.0, Culture=neutral, PublicKeyToken=b03f5f7f11d50a3a".
             Resolved file path is "C:\Program Files\dotnet\packs\Microsoft.NETCore.App.Ref\10.0.2\ref\net10.0\System.Security.Cryptography.Csp.dll".
             Reference found at search path location "{RawFileName}".
             This reference is not "CopyLocal" because at least one source item had "Private" set to "false" and no source items had "Private" set to "true".
         Primary reference "System.Security.Cryptography.Encoding, Version=10.0.0.0, Culture=neutral, PublicKeyToken=b03f5f7f11d50a3a".
             Resolved file path is "C:\Program Files\dotnet\packs\Microsoft.NETCore.App.Ref\10.0.2\ref\net10.0\System.Security.Cryptography.Encoding.dll".
             Reference found at search path location "{RawFileName}".
             This reference is not "CopyLocal" because at least one source item had "Private" set to "false" and no source items had "Private" set to "true".
         Primary reference "System.Security.Cryptography.OpenSsl, Version=10.0.0.0, Culture=neutral, PublicKeyToken=b03f5f7f11d50a3a".
             Resolved file path is "C:\Program Files\dotnet\packs\Microsoft.NETCore.App.Ref\10.0.2\ref\net10.0\System.Security.Cryptography.OpenSsl.dll".
             Reference found at search path location "{RawFileName}".
             This reference is not "CopyLocal" because at least one source item had "Private" set to "false" and no source items had "Private" set to "true".
         Primary reference "System.Security.Cryptography.Primitives, Version=10.0.0.0, Culture=neutral, PublicKeyToken=b03f5f7f11d50a3a".
             Resolved file path is "C:\Program Files\dotnet\packs\Microsoft.NETCore.App.Ref\10.0.2\ref\net10.0\System.Security.Cryptography.Primitives.dll".
             Reference found at search path location "{RawFileName}".
             This reference is not "CopyLocal" because at least one source item had "Private" set to "false" and no source items had "Private" set to "true".
         Primary reference "System.Security.Cryptography.X509Certificates, Version=10.0.0.0, Culture=neutral, PublicKeyToken=b03f5f7f11d50a3a".
             Resolved file path is "C:\Program Files\dotnet\packs\Microsoft.NETCore.App.Ref\10.0.2\ref\net10.0\System.Security.Cryptography.X509Certificates.dll".
             Reference found at search path location "{RawFileName}".
             This reference is not "CopyLocal" because at least one source item had "Private" set to "false" and no source items had "Private" set to "true".
         Primary reference "System.Security.Cryptography, Version=10.0.0.0, Culture=neutral, PublicKeyToken=b03f5f7f11d50a3a".
             Resolved file path is "C:\Program Files\dotnet\packs\Microsoft.NETCore.App.Ref\10.0.2\ref\net10.0\System.Security.Cryptography.dll".
             Reference found at search path location "{RawFileName}".
             This reference is not "CopyLocal" because at least one source item had "Private" set to "false" and no source items had "Private" set to "true".
         Primary reference "System.Security.Principal.Windows, Version=10.0.0.0, Culture=neutral, PublicKeyToken=b03f5f7f11d50a3a".
             Resolved file path is "C:\Program Files\dotnet\packs\Microsoft.NETCore.App.Ref\10.0.2\ref\net10.0\System.Security.Principal.Windows.dll".
             Reference found at search path location "{RawFileName}".
             This reference is not "CopyLocal" because at least one source item had "Private" set to "false" and no source items had "Private" set to "true".
         Primary reference "System.Security.Principal, Version=10.0.0.0, Culture=neutral, PublicKeyToken=b03f5f7f11d50a3a".
             Resolved file path is "C:\Program Files\dotnet\packs\Microsoft.NETCore.App.Ref\10.0.2\ref\net10.0\System.Security.Principal.dll".
             Reference found at search path location "{RawFileName}".
             This reference is not "CopyLocal" because at least one source item had "Private" set to "false" and no source items had "Private" set to "true".
         Primary reference "System.Security.SecureString, Version=10.0.0.0, Culture=neutral, PublicKeyToken=b03f5f7f11d50a3a".
             Resolved file path is "C:\Program Files\dotnet\packs\Microsoft.NETCore.App.Ref\10.0.2\ref\net10.0\System.Security.SecureString.dll".
             Reference found at search path location "{RawFileName}".
             This reference is not "CopyLocal" because at least one source item had "Private" set to "false" and no source items had "Private" set to "true".
         Primary reference "System.Security, Version=4.0.0.0, Culture=neutral, PublicKeyToken=b03f5f7f11d50a3a".
             Resolved file path is "C:\Program Files\dotnet\packs\Microsoft.NETCore.App.Ref\10.0.2\ref\net10.0\System.Security.dll".
             Reference found at search path location "{RawFileName}".
             This reference is not "CopyLocal" because at least one source item had "Private" set to "false" and no source items had "Private" set to "true".
         Primary reference "System.ServiceModel.Web, Version=4.0.0.0, Culture=neutral, PublicKeyToken=31bf3856ad364e35".
             Resolved file path is "C:\Program Files\dotnet\packs\Microsoft.NETCore.App.Ref\10.0.2\ref\net10.0\System.ServiceModel.Web.dll".
             Reference found at search path location "{RawFileName}".
             This reference is not "CopyLocal" because at least one source item had "Private" set to "false" and no source items had "Private" set to "true".
         Primary reference "System.ServiceProcess, Version=4.0.0.0, Culture=neutral, PublicKeyToken=b03f5f7f11d50a3a".
             Resolved file path is "C:\Program Files\dotnet\packs\Microsoft.NETCore.App.Ref\10.0.2\ref\net10.0\System.ServiceProcess.dll".
             Reference found at search path location "{RawFileName}".
             This reference is not "CopyLocal" because at least one source item had "Private" set to "false" and no source items had "Private" set to "true".
         Primary reference "System.Text.Encoding.CodePages, Version=10.0.0.0, Culture=neutral, PublicKeyToken=b03f5f7f11d50a3a".
             Resolved file path is "C:\Program Files\dotnet\packs\Microsoft.NETCore.App.Ref\10.0.2\ref\net10.0\System.Text.Encoding.CodePages.dll".
             Reference found at search path location "{RawFileName}".
             This reference is not "CopyLocal" because at least one source item had "Private" set to "false" and no source items had "Private" set to "true".
         Primary reference "System.Text.Encoding.Extensions, Version=10.0.0.0, Culture=neutral, PublicKeyToken=b03f5f7f11d50a3a".
             Resolved file path is "C:\Program Files\dotnet\packs\Microsoft.NETCore.App.Ref\10.0.2\ref\net10.0\System.Text.Encoding.Extensions.dll".
             Reference found at search path location "{RawFileName}".
             This reference is not "CopyLocal" because at least one source item had "Private" set to "false" and no source items had "Private" set to "true".
         Primary reference "System.Text.Encoding, Version=10.0.0.0, Culture=neutral, PublicKeyToken=b03f5f7f11d50a3a".
             Resolved file path is "C:\Program Files\dotnet\packs\Microsoft.NETCore.App.Ref\10.0.2\ref\net10.0\System.Text.Encoding.dll".
             Reference found at search path location "{RawFileName}".
             This reference is not "CopyLocal" because at least one source item had "Private" set to "false" and no source items had "Private" set to "true".
         Primary reference "System.Text.Encodings.Web, Version=10.0.0.0, Culture=neutral, PublicKeyToken=cc7b13ffcd2ddd51".
             Resolved file path is "C:\Program Files\dotnet\packs\Microsoft.NETCore.App.Ref\10.0.2\ref\net10.0\System.Text.Encodings.Web.dll".
             Reference found at search path location "{RawFileName}".
             This reference is not "CopyLocal" because at least one source item had "Private" set to "false" and no source items had "Private" set to "true".
         Primary reference "System.Text.Json, Version=10.0.0.0, Culture=neutral, PublicKeyToken=cc7b13ffcd2ddd51".
             Resolved file path is "C:\Program Files\dotnet\packs\Microsoft.NETCore.App.Ref\10.0.2\ref\net10.0\System.Text.Json.dll".
             Reference found at search path location "{RawFileName}".
             This reference is not "CopyLocal" because at least one source item had "Private" set to "false" and no source items had "Private" set to "true".
         Primary reference "System.Text.RegularExpressions, Version=10.0.0.0, Culture=neutral, PublicKeyToken=b03f5f7f11d50a3a".
             Resolved file path is "C:\Program Files\dotnet\packs\Microsoft.NETCore.App.Ref\10.0.2\ref\net10.0\System.Text.RegularExpressions.dll".
             Reference found at search path location "{RawFileName}".
             This reference is not "CopyLocal" because at least one source item had "Private" set to "false" and no source items had "Private" set to "true".
         Primary reference "System.Threading.AccessControl, Version=10.0.0.0, Culture=neutral, PublicKeyToken=b03f5f7f11d50a3a".
             Resolved file path is "C:\Program Files\dotnet\packs\Microsoft.NETCore.App.Ref\10.0.2\ref\net10.0\System.Threading.AccessControl.dll".
             Reference found at search path location "{RawFileName}".
             This reference is not "CopyLocal" because at least one source item had "Private" set to "false" and no source items had "Private" set to "true".
         Primary reference "System.Threading.Channels, Version=10.0.0.0, Culture=neutral, PublicKeyToken=cc7b13ffcd2ddd51".
             Resolved file path is "C:\Program Files\dotnet\packs\Microsoft.NETCore.App.Ref\10.0.2\ref\net10.0\System.Threading.Channels.dll".
             Reference found at search path location "{RawFileName}".
             This reference is not "CopyLocal" because at least one source item had "Private" set to "false" and no source items had "Private" set to "true".
         Primary reference "System.Threading.Overlapped, Version=10.0.0.0, Culture=neutral, PublicKeyToken=b03f5f7f11d50a3a".
             Resolved file path is "C:\Program Files\dotnet\packs\Microsoft.NETCore.App.Ref\10.0.2\ref\net10.0\System.Threading.Overlapped.dll".
             Reference found at search path location "{RawFileName}".
             This reference is not "CopyLocal" because at least one source item had "Private" set to "false" and no source items had "Private" set to "true".
         Primary reference "System.Threading.Tasks.Dataflow, Version=10.0.0.0, Culture=neutral, PublicKeyToken=b03f5f7f11d50a3a".
             Resolved file path is "C:\Program Files\dotnet\packs\Microsoft.NETCore.App.Ref\10.0.2\ref\net10.0\System.Threading.Tasks.Dataflow.dll".
             Reference found at search path location "{RawFileName}".
             This reference is not "CopyLocal" because at least one source item had "Private" set to "false" and no source items had "Private" set to "true".
         Primary reference "System.Threading.Tasks.Extensions, Version=10.0.0.0, Culture=neutral, PublicKeyToken=cc7b13ffcd2ddd51".
             Resolved file path is "C:\Program Files\dotnet\packs\Microsoft.NETCore.App.Ref\10.0.2\ref\net10.0\System.Threading.Tasks.Extensions.dll".
             Reference found at search path location "{RawFileName}".
             This reference is not "CopyLocal" because at least one source item had "Private" set to "false" and no source items had "Private" set to "true".
         Primary reference "System.Threading.Tasks.Parallel, Version=10.0.0.0, Culture=neutral, PublicKeyToken=b03f5f7f11d50a3a".
             Resolved file path is "C:\Program Files\dotnet\packs\Microsoft.NETCore.App.Ref\10.0.2\ref\net10.0\System.Threading.Tasks.Parallel.dll".
             Reference found at search path location "{RawFileName}".
             This reference is not "CopyLocal" because at least one source item had "Private" set to "false" and no source items had "Private" set to "true".
         Primary reference "System.Threading.Tasks, Version=10.0.0.0, Culture=neutral, PublicKeyToken=b03f5f7f11d50a3a".
             Resolved file path is "C:\Program Files\dotnet\packs\Microsoft.NETCore.App.Ref\10.0.2\ref\net10.0\System.Threading.Tasks.dll".
             Reference found at search path location "{RawFileName}".
             This reference is not "CopyLocal" because at least one source item had "Private" set to "false" and no source items had "Private" set to "true".
         Primary reference "System.Threading.Thread, Version=10.0.0.0, Culture=neutral, PublicKeyToken=b03f5f7f11d50a3a".
             Resolved file path is "C:\Program Files\dotnet\packs\Microsoft.NETCore.App.Ref\10.0.2\ref\net10.0\System.Threading.Thread.dll".
             Reference found at search path location "{RawFileName}".
             This reference is not "CopyLocal" because at least one source item had "Private" set to "false" and no source items had "Private" set to "true".
         Primary reference "System.Threading.ThreadPool, Version=10.0.0.0, Culture=neutral, PublicKeyToken=b03f5f7f11d50a3a".
             Resolved file path is "C:\Program Files\dotnet\packs\Microsoft.NETCore.App.Ref\10.0.2\ref\net10.0\System.Threading.ThreadPool.dll".
             Reference found at search path location "{RawFileName}".
             This reference is not "CopyLocal" because at least one source item had "Private" set to "false" and no source items had "Private" set to "true".
         Primary reference "System.Threading.Timer, Version=10.0.0.0, Culture=neutral, PublicKeyToken=b03f5f7f11d50a3a".
             Resolved file path is "C:\Program Files\dotnet\packs\Microsoft.NETCore.App.Ref\10.0.2\ref\net10.0\System.Threading.Timer.dll".
             Reference found at search path location "{RawFileName}".
             This reference is not "CopyLocal" because at least one source item had "Private" set to "false" and no source items had "Private" set to "true".
         Primary reference "System.Threading, Version=10.0.0.0, Culture=neutral, PublicKeyToken=b03f5f7f11d50a3a".
             Resolved file path is "C:\Program Files\dotnet\packs\Microsoft.NETCore.App.Ref\10.0.2\ref\net10.0\System.Threading.dll".
             Reference found at search path location "{RawFileName}".
             This reference is not "CopyLocal" because at least one source item had "Private" set to "false" and no source items had "Private" set to "true".
         Primary reference "System.Transactions.Local, Version=10.0.0.0, Culture=neutral, PublicKeyToken=cc7b13ffcd2ddd51".
             Resolved file path is "C:\Program Files\dotnet\packs\Microsoft.NETCore.App.Ref\10.0.2\ref\net10.0\System.Transactions.Local.dll".
             Reference found at search path location "{RawFileName}".
             This reference is not "CopyLocal" because at least one source item had "Private" set to "false" and no source items had "Private" set to "true".
         Primary reference "System.Transactions, Version=4.0.0.0, Culture=neutral, PublicKeyToken=b77a5c561934e089".
             Resolved file path is "C:\Program Files\dotnet\packs\Microsoft.NETCore.App.Ref\10.0.2\ref\net10.0\System.Transactions.dll".
             Reference found at search path location "{RawFileName}".
             This reference is not "CopyLocal" because at least one source item had "Private" set to "false" and no source items had "Private" set to "true".
         Primary reference "System.ValueTuple, Version=10.0.0.0, Culture=neutral, PublicKeyToken=cc7b13ffcd2ddd51".
             Resolved file path is "C:\Program Files\dotnet\packs\Microsoft.NETCore.App.Ref\10.0.2\ref\net10.0\System.ValueTuple.dll".
             Reference found at search path location "{RawFileName}".
             This reference is not "CopyLocal" because at least one source item had "Private" set to "false" and no source items had "Private" set to "true".
         Primary reference "System.Web.HttpUtility, Version=10.0.0.0, Culture=neutral, PublicKeyToken=cc7b13ffcd2ddd51".
             Resolved file path is "C:\Program Files\dotnet\packs\Microsoft.NETCore.App.Ref\10.0.2\ref\net10.0\System.Web.HttpUtility.dll".
             Reference found at search path location "{RawFileName}".
             This reference is not "CopyLocal" because at least one source item had "Private" set to "false" and no source items had "Private" set to "true".
         Primary reference "System.Web, Version=4.0.0.0, Culture=neutral, PublicKeyToken=b03f5f7f11d50a3a".
             Resolved file path is "C:\Program Files\dotnet\packs\Microsoft.NETCore.App.Ref\10.0.2\ref\net10.0\System.Web.dll".
             Reference found at search path location "{RawFileName}".
             This reference is not "CopyLocal" because at least one source item had "Private" set to "false" and no source items had "Private" set to "true".
         Primary reference "System.Windows, Version=4.0.0.0, Culture=neutral, PublicKeyToken=b03f5f7f11d50a3a".
             Resolved file path is "C:\Program Files\dotnet\packs\Microsoft.NETCore.App.Ref\10.0.2\ref\net10.0\System.Windows.dll".
             Reference found at search path location "{RawFileName}".
             This reference is not "CopyLocal" because at least one source item had "Private" set to "false" and no source items had "Private" set to "true".
         Primary reference "System.Xml.Linq, Version=4.0.0.0, Culture=neutral, PublicKeyToken=b77a5c561934e089".
             Resolved file path is "C:\Program Files\dotnet\packs\Microsoft.NETCore.App.Ref\10.0.2\ref\net10.0\System.Xml.Linq.dll".
             Reference found at search path location "{RawFileName}".
             This reference is not "CopyLocal" because at least one source item had "Private" set to "false" and no source items had "Private" set to "true".
         Primary reference "System.Xml.ReaderWriter, Version=10.0.0.0, Culture=neutral, PublicKeyToken=b03f5f7f11d50a3a".
             Resolved file path is "C:\Program Files\dotnet\packs\Microsoft.NETCore.App.Ref\10.0.2\ref\net10.0\System.Xml.ReaderWriter.dll".
             Reference found at search path location "{RawFileName}".
             This reference is not "CopyLocal" because at least one source item had "Private" set to "false" and no source items had "Private" set to "true".
         Primary reference "System.Xml.Serialization, Version=4.0.0.0, Culture=neutral, PublicKeyToken=b77a5c561934e089".
             Resolved file path is "C:\Program Files\dotnet\packs\Microsoft.NETCore.App.Ref\10.0.2\ref\net10.0\System.Xml.Serialization.dll".
             Reference found at search path location "{RawFileName}".
             This reference is not "CopyLocal" because at least one source item had "Private" set to "false" and no source items had "Private" set to "true".
         Primary reference "System.Xml.XDocument, Version=10.0.0.0, Culture=neutral, PublicKeyToken=b03f5f7f11d50a3a".
             Resolved file path is "C:\Program Files\dotnet\packs\Microsoft.NETCore.App.Ref\10.0.2\ref\net10.0\System.Xml.XDocument.dll".
             Reference found at search path location "{RawFileName}".
             This reference is not "CopyLocal" because at least one source item had "Private" set to "false" and no source items had "Private" set to "true".
         Primary reference "System.Xml.XPath.XDocument, Version=10.0.0.0, Culture=neutral, PublicKeyToken=b03f5f7f11d50a3a".
             Resolved file path is "C:\Program Files\dotnet\packs\Microsoft.NETCore.App.Ref\10.0.2\ref\net10.0\System.Xml.XPath.XDocument.dll".
             Reference found at search path location "{RawFileName}".
             This reference is not "CopyLocal" because at least one source item had "Private" set to "false" and no source items had "Private" set to "true".
         Primary reference "System.Xml.XPath, Version=10.0.0.0, Culture=neutral, PublicKeyToken=b03f5f7f11d50a3a".
             Resolved file path is "C:\Program Files\dotnet\packs\Microsoft.NETCore.App.Ref\10.0.2\ref\net10.0\System.Xml.XPath.dll".
             Reference found at search path location "{RawFileName}".
             This reference is not "CopyLocal" because at least one source item had "Private" set to "false" and no source items had "Private" set to "true".
         Primary reference "System.Xml.XmlDocument, Version=10.0.0.0, Culture=neutral, PublicKeyToken=b03f5f7f11d50a3a".
             Resolved file path is "C:\Program Files\dotnet\packs\Microsoft.NETCore.App.Ref\10.0.2\ref\net10.0\System.Xml.XmlDocument.dll".
             Reference found at search path location "{RawFileName}".
             This reference is not "CopyLocal" because at least one source item had "Private" set to "false" and no source items had "Private" set to "true".
         Primary reference "System.Xml.XmlSerializer, Version=10.0.0.0, Culture=neutral, PublicKeyToken=b03f5f7f11d50a3a".
             Resolved file path is "C:\Program Files\dotnet\packs\Microsoft.NETCore.App.Ref\10.0.2\ref\net10.0\System.Xml.XmlSerializer.dll".
             Reference found at search path location "{RawFileName}".
             This reference is not "CopyLocal" because at least one source item had "Private" set to "false" and no source items had "Private" set to "true".
         Primary reference "System.Xml, Version=4.0.0.0, Culture=neutral, PublicKeyToken=b77a5c561934e089".
             Resolved file path is "C:\Program Files\dotnet\packs\Microsoft.NETCore.App.Ref\10.0.2\ref\net10.0\System.Xml.dll".
             Reference found at search path location "{RawFileName}".
             This reference is not "CopyLocal" because at least one source item had "Private" set to "false" and no source items had "Private" set to "true".
         Primary reference "System, Version=4.0.0.0, Culture=neutral, PublicKeyToken=b77a5c561934e089".
             Resolved file path is "C:\Program Files\dotnet\packs\Microsoft.NETCore.App.Ref\10.0.2\ref\net10.0\System.dll".
             Reference found at search path location "{RawFileName}".
             This reference is not "CopyLocal" because at least one source item had "Private" set to "false" and no source items had "Private" set to "true".
         Primary reference "WindowsBase, Version=4.0.0.0, Culture=neutral, PublicKeyToken=31bf3856ad364e35".
             Resolved file path is "C:\Program Files\dotnet\packs\Microsoft.NETCore.App.Ref\10.0.2\ref\net10.0\WindowsBase.dll".
             Reference found at search path location "{RawFileName}".
             This reference is not "CopyLocal" because at least one source item had "Private" set to "false" and no source items had "Private" set to "true".
         Primary reference "mscorlib, Version=4.0.0.0, Culture=neutral, PublicKeyToken=b77a5c561934e089".
             Resolved file path is "C:\Program Files\dotnet\packs\Microsoft.NETCore.App.Ref\10.0.2\ref\net10.0\mscorlib.dll".
             Reference found at search path location "{RawFileName}".
             This reference is not "CopyLocal" because at least one source item had "Private" set to "false" and no source items had "Private" set to "true".
         Primary reference "netstandard, Version=2.1.0.0, Culture=neutral, PublicKeyToken=cc7b13ffcd2ddd51".
             Resolved file path is "C:\Program Files\dotnet\packs\Microsoft.NETCore.App.Ref\10.0.2\ref\net10.0\netstandard.dll".
             Reference found at search path location "{RawFileName}".
             This reference is not "CopyLocal" because at least one source item had "Private" set to "false" and no source items had "Private" set to "true".
         Primary reference "Microsoft.AspNetCore.Antiforgery, Version=10.0.0.0, Culture=neutral, PublicKeyToken=adb9793829ddae60".
             Resolved file path is "C:\Program Files\dotnet\packs\Microsoft.AspNetCore.App.Ref\10.0.2\ref\net10.0\Microsoft.AspNetCore.Antiforgery.dll".
             Reference found at search path location "{RawFileName}".
             This reference is not "CopyLocal" because at least one source item had "Private" set to "false" and no source items had "Private" set to "true".
         Primary reference "Microsoft.AspNetCore.Authentication.Abstractions, Version=10.0.0.0, Culture=neutral, PublicKeyToken=adb9793829ddae60".
             Resolved file path is "C:\Program Files\dotnet\packs\Microsoft.AspNetCore.App.Ref\10.0.2\ref\net10.0\Microsoft.AspNetCore.Authentication.Abstractions.dll".
             Reference found at search path location "{RawFileName}".
             This reference is not "CopyLocal" because at least one source item had "Private" set to "false" and no source items had "Private" set to "true".
         Primary reference "Microsoft.AspNetCore.Authentication.BearerToken, Version=10.0.0.0, Culture=neutral, PublicKeyToken=adb9793829ddae60".
             Resolved file path is "C:\Program Files\dotnet\packs\Microsoft.AspNetCore.App.Ref\10.0.2\ref\net10.0\Microsoft.AspNetCore.Authentication.BearerToken.dll".
             Reference found at search path location "{RawFileName}".
             This reference is not "CopyLocal" because at least one source item had "Private" set to "false" and no source items had "Private" set to "true".
         Primary reference "Microsoft.AspNetCore.Authentication.Cookies, Version=10.0.0.0, Culture=neutral, PublicKeyToken=adb9793829ddae60".
             Resolved file path is "C:\Program Files\dotnet\packs\Microsoft.AspNetCore.App.Ref\10.0.2\ref\net10.0\Microsoft.AspNetCore.Authentication.Cookies.dll".
             Reference found at search path location "{RawFileName}".
             This reference is not "CopyLocal" because at least one source item had "Private" set to "false" and no source items had "Private" set to "true".
         Primary reference "Microsoft.AspNetCore.Authentication.Core, Version=10.0.0.0, Culture=neutral, PublicKeyToken=adb9793829ddae60".
             Resolved file path is "C:\Program Files\dotnet\packs\Microsoft.AspNetCore.App.Ref\10.0.2\ref\net10.0\Microsoft.AspNetCore.Authentication.Core.dll".
             Reference found at search path location "{RawFileName}".
             This reference is not "CopyLocal" because at least one source item had "Private" set to "false" and no source items had "Private" set to "true".
         Primary reference "Microsoft.AspNetCore.Authentication.OAuth, Version=10.0.0.0, Culture=neutral, PublicKeyToken=adb9793829ddae60".
             Resolved file path is "C:\Program Files\dotnet\packs\Microsoft.AspNetCore.App.Ref\10.0.2\ref\net10.0\Microsoft.AspNetCore.Authentication.OAuth.dll".
             Reference found at search path location "{RawFileName}".
             This reference is not "CopyLocal" because at least one source item had "Private" set to "false" and no source items had "Private" set to "true".
         Primary reference "Microsoft.AspNetCore.Authentication, Version=10.0.0.0, Culture=neutral, PublicKeyToken=adb9793829ddae60".
             Resolved file path is "C:\Program Files\dotnet\packs\Microsoft.AspNetCore.App.Ref\10.0.2\ref\net10.0\Microsoft.AspNetCore.Authentication.dll".
             Reference found at search path location "{RawFileName}".
             This reference is not "CopyLocal" because at least one source item had "Private" set to "false" and no source items had "Private" set to "true".
         Primary reference "Microsoft.AspNetCore.Authorization.Policy, Version=10.0.0.0, Culture=neutral, PublicKeyToken=adb9793829ddae60".
             Resolved file path is "C:\Program Files\dotnet\packs\Microsoft.AspNetCore.App.Ref\10.0.2\ref\net10.0\Microsoft.AspNetCore.Authorization.Policy.dll".
             Reference found at search path location "{RawFileName}".
             This reference is not "CopyLocal" because at least one source item had "Private" set to "false" and no source items had "Private" set to "true".
         Primary reference "Microsoft.AspNetCore.Authorization, Version=10.0.0.0, Culture=neutral, PublicKeyToken=adb9793829ddae60".
             Resolved file path is "C:\Program Files\dotnet\packs\Microsoft.AspNetCore.App.Ref\10.0.2\ref\net10.0\Microsoft.AspNetCore.Authorization.dll".
             Reference found at search path location "{RawFileName}".
             This reference is not "CopyLocal" because at least one source item had "Private" set to "false" and no source items had "Private" set to "true".
         Primary reference "Microsoft.AspNetCore.Components.Authorization, Version=10.0.0.0, Culture=neutral, PublicKeyToken=adb9793829ddae60".
             Resolved file path is "C:\Program Files\dotnet\packs\Microsoft.AspNetCore.App.Ref\10.0.2\ref\net10.0\Microsoft.AspNetCore.Components.Authorization.dll".
             Reference found at search path location "{RawFileName}".
             This reference is not "CopyLocal" because at least one source item had "Private" set to "false" and no source items had "Private" set to "true".
         Primary reference "Microsoft.AspNetCore.Components.Endpoints, Version=10.0.0.0, Culture=neutral, PublicKeyToken=adb9793829ddae60".
             Resolved file path is "C:\Program Files\dotnet\packs\Microsoft.AspNetCore.App.Ref\10.0.2\ref\net10.0\Microsoft.AspNetCore.Components.Endpoints.dll".
             Reference found at search path location "{RawFileName}".
             This reference is not "CopyLocal" because at least one source item had "Private" set to "false" and no source items had "Private" set to "true".
         Primary reference "Microsoft.AspNetCore.Components.Forms, Version=10.0.0.0, Culture=neutral, PublicKeyToken=adb9793829ddae60".
             Resolved file path is "C:\Program Files\dotnet\packs\Microsoft.AspNetCore.App.Ref\10.0.2\ref\net10.0\Microsoft.AspNetCore.Components.Forms.dll".
             Reference found at search path location "{RawFileName}".
             This reference is not "CopyLocal" because at least one source item had "Private" set to "false" and no source items had "Private" set to "true".
         Primary reference "Microsoft.AspNetCore.Components.Server, Version=10.0.0.0, Culture=neutral, PublicKeyToken=adb9793829ddae60".
             Resolved file path is "C:\Program Files\dotnet\packs\Microsoft.AspNetCore.App.Ref\10.0.2\ref\net10.0\Microsoft.AspNetCore.Components.Server.dll".
             Reference found at search path location "{RawFileName}".
             This reference is not "CopyLocal" because at least one source item had "Private" set to "false" and no source items had "Private" set to "true".
         Primary reference "Microsoft.AspNetCore.Components.Web, Version=10.0.0.0, Culture=neutral, PublicKeyToken=adb9793829ddae60".
             Resolved file path is "C:\Program Files\dotnet\packs\Microsoft.AspNetCore.App.Ref\10.0.2\ref\net10.0\Microsoft.AspNetCore.Components.Web.dll".
             Reference found at search path location "{RawFileName}".
             This reference is not "CopyLocal" because at least one source item had "Private" set to "false" and no source items had "Private" set to "true".
         Primary reference "Microsoft.AspNetCore.Components, Version=10.0.0.0, Culture=neutral, PublicKeyToken=adb9793829ddae60".
             Resolved file path is "C:\Program Files\dotnet\packs\Microsoft.AspNetCore.App.Ref\10.0.2\ref\net10.0\Microsoft.AspNetCore.Components.dll".
             Reference found at search path location "{RawFileName}".
             This reference is not "CopyLocal" because at least one source item had "Private" set to "false" and no source items had "Private" set to "true".
         Primary reference "Microsoft.AspNetCore.Connections.Abstractions, Version=10.0.0.0, Culture=neutral, PublicKeyToken=adb9793829ddae60".
             Resolved file path is "C:\Program Files\dotnet\packs\Microsoft.AspNetCore.App.Ref\10.0.2\ref\net10.0\Microsoft.AspNetCore.Connections.Abstractions.dll".
             Reference found at search path location "{RawFileName}".
             This reference is not "CopyLocal" because at least one source item had "Private" set to "false" and no source items had "Private" set to "true".
         Primary reference "Microsoft.AspNetCore.CookiePolicy, Version=10.0.0.0, Culture=neutral, PublicKeyToken=adb9793829ddae60".
             Resolved file path is "C:\Program Files\dotnet\packs\Microsoft.AspNetCore.App.Ref\10.0.2\ref\net10.0\Microsoft.AspNetCore.CookiePolicy.dll".
             Reference found at search path location "{RawFileName}".
             This reference is not "CopyLocal" because at least one source item had "Private" set to "false" and no source items had "Private" set to "true".
         Primary reference "Microsoft.AspNetCore.Cors, Version=10.0.0.0, Culture=neutral, PublicKeyToken=adb9793829ddae60".
             Resolved file path is "C:\Program Files\dotnet\packs\Microsoft.AspNetCore.App.Ref\10.0.2\ref\net10.0\Microsoft.AspNetCore.Cors.dll".
             Reference found at search path location "{RawFileName}".
             This reference is not "CopyLocal" because at least one source item had "Private" set to "false" and no source items had "Private" set to "true".
         Primary reference "Microsoft.AspNetCore.Cryptography.Internal, Version=10.0.0.0, Culture=neutral, PublicKeyToken=adb9793829ddae60".
             Resolved file path is "C:\Program Files\dotnet\packs\Microsoft.AspNetCore.App.Ref\10.0.2\ref\net10.0\Microsoft.AspNetCore.Cryptography.Internal.dll".
             Reference found at search path location "{RawFileName}".
             This reference is not "CopyLocal" because at least one source item had "Private" set to "false" and no source items had "Private" set to "true".
         Primary reference "Microsoft.AspNetCore.Cryptography.KeyDerivation, Version=10.0.0.0, Culture=neutral, PublicKeyToken=adb9793829ddae60".
             Resolved file path is "C:\Program Files\dotnet\packs\Microsoft.AspNetCore.App.Ref\10.0.2\ref\net10.0\Microsoft.AspNetCore.Cryptography.KeyDerivation.dll".
             Reference found at search path location "{RawFileName}".
             This reference is not "CopyLocal" because at least one source item had "Private" set to "false" and no source items had "Private" set to "true".
         Primary reference "Microsoft.AspNetCore.DataProtection.Abstractions, Version=10.0.0.0, Culture=neutral, PublicKeyToken=adb9793829ddae60".
             Resolved file path is "C:\Program Files\dotnet\packs\Microsoft.AspNetCore.App.Ref\10.0.2\ref\net10.0\Microsoft.AspNetCore.DataProtection.Abstractions.dll".
             Reference found at search path location "{RawFileName}".
             This reference is not "CopyLocal" because at least one source item had "Private" set to "false" and no source items had "Private" set to "true".
         Primary reference "Microsoft.AspNetCore.DataProtection.Extensions, Version=10.0.0.0, Culture=neutral, PublicKeyToken=adb9793829ddae60".
             Resolved file path is "C:\Program Files\dotnet\packs\Microsoft.AspNetCore.App.Ref\10.0.2\ref\net10.0\Microsoft.AspNetCore.DataProtection.Extensions.dll".
             Reference found at search path location "{RawFileName}".
             This reference is not "CopyLocal" because at least one source item had "Private" set to "false" and no source items had "Private" set to "true".
         Primary reference "Microsoft.AspNetCore.DataProtection, Version=10.0.0.0, Culture=neutral, PublicKeyToken=adb9793829ddae60".
             Resolved file path is "C:\Program Files\dotnet\packs\Microsoft.AspNetCore.App.Ref\10.0.2\ref\net10.0\Microsoft.AspNetCore.DataProtection.dll".
             Reference found at search path location "{RawFileName}".
             This reference is not "CopyLocal" because at least one source item had "Private" set to "false" and no source items had "Private" set to "true".
         Primary reference "Microsoft.AspNetCore.Diagnostics.Abstractions, Version=10.0.0.0, Culture=neutral, PublicKeyToken=adb9793829ddae60".
             Resolved file path is "C:\Program Files\dotnet\packs\Microsoft.AspNetCore.App.Ref\10.0.2\ref\net10.0\Microsoft.AspNetCore.Diagnostics.Abstractions.dll".
             Reference found at search path location "{RawFileName}".
             This reference is not "CopyLocal" because at least one source item had "Private" set to "false" and no source items had "Private" set to "true".
         Primary reference "Microsoft.AspNetCore.Diagnostics.HealthChecks, Version=10.0.0.0, Culture=neutral, PublicKeyToken=adb9793829ddae60".
             Resolved file path is "C:\Program Files\dotnet\packs\Microsoft.AspNetCore.App.Ref\10.0.2\ref\net10.0\Microsoft.AspNetCore.Diagnostics.HealthChecks.dll".
             Reference found at search path location "{RawFileName}".
             This reference is not "CopyLocal" because at least one source item had "Private" set to "false" and no source items had "Private" set to "true".
         Primary reference "Microsoft.AspNetCore.Diagnostics, Version=10.0.0.0, Culture=neutral, PublicKeyToken=adb9793829ddae60".
             Resolved file path is "C:\Program Files\dotnet\packs\Microsoft.AspNetCore.App.Ref\10.0.2\ref\net10.0\Microsoft.AspNetCore.Diagnostics.dll".
             Reference found at search path location "{RawFileName}".
             This reference is not "CopyLocal" because at least one source item had "Private" set to "false" and no source items had "Private" set to "true".
         Primary reference "Microsoft.AspNetCore.HostFiltering, Version=10.0.0.0, Culture=neutral, PublicKeyToken=adb9793829ddae60".
             Resolved file path is "C:\Program Files\dotnet\packs\Microsoft.AspNetCore.App.Ref\10.0.2\ref\net10.0\Microsoft.AspNetCore.HostFiltering.dll".
             Reference found at search path location "{RawFileName}".
             This reference is not "CopyLocal" because at least one source item had "Private" set to "false" and no source items had "Private" set to "true".
         Primary reference "Microsoft.AspNetCore.Hosting.Abstractions, Version=10.0.0.0, Culture=neutral, PublicKeyToken=adb9793829ddae60".
             Resolved file path is "C:\Program Files\dotnet\packs\Microsoft.AspNetCore.App.Ref\10.0.2\ref\net10.0\Microsoft.AspNetCore.Hosting.Abstractions.dll".
             Reference found at search path location "{RawFileName}".
             This reference is not "CopyLocal" because at least one source item had "Private" set to "false" and no source items had "Private" set to "true".
         Primary reference "Microsoft.AspNetCore.Hosting.Server.Abstractions, Version=10.0.0.0, Culture=neutral, PublicKeyToken=adb9793829ddae60".
             Resolved file path is "C:\Program Files\dotnet\packs\Microsoft.AspNetCore.App.Ref\10.0.2\ref\net10.0\Microsoft.AspNetCore.Hosting.Server.Abstractions.dll".
             Reference found at search path location "{RawFileName}".
             This reference is not "CopyLocal" because at least one source item had "Private" set to "false" and no source items had "Private" set to "true".
         Primary reference "Microsoft.AspNetCore.Hosting, Version=10.0.0.0, Culture=neutral, PublicKeyToken=adb9793829ddae60".
             Resolved file path is "C:\Program Files\dotnet\packs\Microsoft.AspNetCore.App.Ref\10.0.2\ref\net10.0\Microsoft.AspNetCore.Hosting.dll".
             Reference found at search path location "{RawFileName}".
             This reference is not "CopyLocal" because at least one source item had "Private" set to "false" and no source items had "Private" set to "true".
         Primary reference "Microsoft.AspNetCore.Html.Abstractions, Version=10.0.0.0, Culture=neutral, PublicKeyToken=adb9793829ddae60".
             Resolved file path is "C:\Program Files\dotnet\packs\Microsoft.AspNetCore.App.Ref\10.0.2\ref\net10.0\Microsoft.AspNetCore.Html.Abstractions.dll".
             Reference found at search path location "{RawFileName}".
             This reference is not "CopyLocal" because at least one source item had "Private" set to "false" and no source items had "Private" set to "true".
         Primary reference "Microsoft.AspNetCore.Http.Abstractions, Version=10.0.0.0, Culture=neutral, PublicKeyToken=adb9793829ddae60".
             Resolved file path is "C:\Program Files\dotnet\packs\Microsoft.AspNetCore.App.Ref\10.0.2\ref\net10.0\Microsoft.AspNetCore.Http.Abstractions.dll".
             Reference found at search path location "{RawFileName}".
             This reference is not "CopyLocal" because at least one source item had "Private" set to "false" and no source items had "Private" set to "true".
         Primary reference "Microsoft.AspNetCore.Http.Connections.Common, Version=10.0.0.0, Culture=neutral, PublicKeyToken=adb9793829ddae60".
             Resolved file path is "C:\Program Files\dotnet\packs\Microsoft.AspNetCore.App.Ref\10.0.2\ref\net10.0\Microsoft.AspNetCore.Http.Connections.Common.dll".
             Reference found at search path location "{RawFileName}".
             This reference is not "CopyLocal" because at least one source item had "Private" set to "false" and no source items had "Private" set to "true".
         Primary reference "Microsoft.AspNetCore.Http.Connections, Version=10.0.0.0, Culture=neutral, PublicKeyToken=adb9793829ddae60".
             Resolved file path is "C:\Program Files\dotnet\packs\Microsoft.AspNetCore.App.Ref\10.0.2\ref\net10.0\Microsoft.AspNetCore.Http.Connections.dll".
             Reference found at search path location "{RawFileName}".
             This reference is not "CopyLocal" because at least one source item had "Private" set to "false" and no source items had "Private" set to "true".
         Primary reference "Microsoft.AspNetCore.Http.Extensions, Version=10.0.0.0, Culture=neutral, PublicKeyToken=adb9793829ddae60".
             Resolved file path is "C:\Program Files\dotnet\packs\Microsoft.AspNetCore.App.Ref\10.0.2\ref\net10.0\Microsoft.AspNetCore.Http.Extensions.dll".
             Reference found at search path location "{RawFileName}".
             This reference is not "CopyLocal" because at least one source item had "Private" set to "false" and no source items had "Private" set to "true".
         Primary reference "Microsoft.AspNetCore.Http.Features, Version=10.0.0.0, Culture=neutral, PublicKeyToken=adb9793829ddae60".
             Resolved file path is "C:\Program Files\dotnet\packs\Microsoft.AspNetCore.App.Ref\10.0.2\ref\net10.0\Microsoft.AspNetCore.Http.Features.dll".
             Reference found at search path location "{RawFileName}".
             This reference is not "CopyLocal" because at least one source item had "Private" set to "false" and no source items had "Private" set to "true".
         Primary reference "Microsoft.AspNetCore.Http.Results, Version=10.0.0.0, Culture=neutral, PublicKeyToken=adb9793829ddae60".
             Resolved file path is "C:\Program Files\dotnet\packs\Microsoft.AspNetCore.App.Ref\10.0.2\ref\net10.0\Microsoft.AspNetCore.Http.Results.dll".
             Reference found at search path location "{RawFileName}".
             This reference is not "CopyLocal" because at least one source item had "Private" set to "false" and no source items had "Private" set to "true".
         Primary reference "Microsoft.AspNetCore.Http, Version=10.0.0.0, Culture=neutral, PublicKeyToken=adb9793829ddae60".
             Resolved file path is "C:\Program Files\dotnet\packs\Microsoft.AspNetCore.App.Ref\10.0.2\ref\net10.0\Microsoft.AspNetCore.Http.dll".
             Reference found at search path location "{RawFileName}".
             This reference is not "CopyLocal" because at least one source item had "Private" set to "false" and no source items had "Private" set to "true".
         Primary reference "Microsoft.AspNetCore.HttpLogging, Version=10.0.0.0, Culture=neutral, PublicKeyToken=adb9793829ddae60".
             Resolved file path is "C:\Program Files\dotnet\packs\Microsoft.AspNetCore.App.Ref\10.0.2\ref\net10.0\Microsoft.AspNetCore.HttpLogging.dll".
             Reference found at search path location "{RawFileName}".
             This reference is not "CopyLocal" because at least one source item had "Private" set to "false" and no source items had "Private" set to "true".
         Primary reference "Microsoft.AspNetCore.HttpOverrides, Version=10.0.0.0, Culture=neutral, PublicKeyToken=adb9793829ddae60".
             Resolved file path is "C:\Program Files\dotnet\packs\Microsoft.AspNetCore.App.Ref\10.0.2\ref\net10.0\Microsoft.AspNetCore.HttpOverrides.dll".
             Reference found at search path location "{RawFileName}".
             This reference is not "CopyLocal" because at least one source item had "Private" set to "false" and no source items had "Private" set to "true".
         Primary reference "Microsoft.AspNetCore.HttpsPolicy, Version=10.0.0.0, Culture=neutral, PublicKeyToken=adb9793829ddae60".
             Resolved file path is "C:\Program Files\dotnet\packs\Microsoft.AspNetCore.App.Ref\10.0.2\ref\net10.0\Microsoft.AspNetCore.HttpsPolicy.dll".
             Reference found at search path location "{RawFileName}".
             This reference is not "CopyLocal" because at least one source item had "Private" set to "false" and no source items had "Private" set to "true".
         Primary reference "Microsoft.AspNetCore.Identity, Version=10.0.0.0, Culture=neutral, PublicKeyToken=adb9793829ddae60".
             Resolved file path is "C:\Program Files\dotnet\packs\Microsoft.AspNetCore.App.Ref\10.0.2\ref\net10.0\Microsoft.AspNetCore.Identity.dll".
             Reference found at search path location "{RawFileName}".
             This reference is not "CopyLocal" because at least one source item had "Private" set to "false" and no source items had "Private" set to "true".
         Primary reference "Microsoft.AspNetCore.Localization.Routing, Version=10.0.0.0, Culture=neutral, PublicKeyToken=adb9793829ddae60".
             Resolved file path is "C:\Program Files\dotnet\packs\Microsoft.AspNetCore.App.Ref\10.0.2\ref\net10.0\Microsoft.AspNetCore.Localization.Routing.dll".
             Reference found at search path location "{RawFileName}".
             This reference is not "CopyLocal" because at least one source item had "Private" set to "false" and no source items had "Private" set to "true".
         Primary reference "Microsoft.AspNetCore.Localization, Version=10.0.0.0, Culture=neutral, PublicKeyToken=adb9793829ddae60".
             Resolved file path is "C:\Program Files\dotnet\packs\Microsoft.AspNetCore.App.Ref\10.0.2\ref\net10.0\Microsoft.AspNetCore.Localization.dll".
             Reference found at search path location "{RawFileName}".
             This reference is not "CopyLocal" because at least one source item had "Private" set to "false" and no source items had "Private" set to "true".
         Primary reference "Microsoft.AspNetCore.Metadata, Version=10.0.0.0, Culture=neutral, PublicKeyToken=adb9793829ddae60".
             Resolved file path is "C:\Program Files\dotnet\packs\Microsoft.AspNetCore.App.Ref\10.0.2\ref\net10.0\Microsoft.AspNetCore.Metadata.dll".
             Reference found at search path location "{RawFileName}".
             This reference is not "CopyLocal" because at least one source item had "Private" set to "false" and no source items had "Private" set to "true".
         Primary reference "Microsoft.AspNetCore.Mvc.Abstractions, Version=10.0.0.0, Culture=neutral, PublicKeyToken=adb9793829ddae60".
             Resolved file path is "C:\Program Files\dotnet\packs\Microsoft.AspNetCore.App.Ref\10.0.2\ref\net10.0\Microsoft.AspNetCore.Mvc.Abstractions.dll".
             Reference found at search path location "{RawFileName}".
             This reference is not "CopyLocal" because at least one source item had "Private" set to "false" and no source items had "Private" set to "true".
         Primary reference "Microsoft.AspNetCore.Mvc.ApiExplorer, Version=10.0.0.0, Culture=neutral, PublicKeyToken=adb9793829ddae60".
             Resolved file path is "C:\Program Files\dotnet\packs\Microsoft.AspNetCore.App.Ref\10.0.2\ref\net10.0\Microsoft.AspNetCore.Mvc.ApiExplorer.dll".
             Reference found at search path location "{RawFileName}".
             This reference is not "CopyLocal" because at least one source item had "Private" set to "false" and no source items had "Private" set to "true".
         Primary reference "Microsoft.AspNetCore.Mvc.Core, Version=10.0.0.0, Culture=neutral, PublicKeyToken=adb9793829ddae60".
             Resolved file path is "C:\Program Files\dotnet\packs\Microsoft.AspNetCore.App.Ref\10.0.2\ref\net10.0\Microsoft.AspNetCore.Mvc.Core.dll".
             Reference found at search path location "{RawFileName}".
             This reference is not "CopyLocal" because at least one source item had "Private" set to "false" and no source items had "Private" set to "true".
         Primary reference "Microsoft.AspNetCore.Mvc.Cors, Version=10.0.0.0, Culture=neutral, PublicKeyToken=adb9793829ddae60".
             Resolved file path is "C:\Program Files\dotnet\packs\Microsoft.AspNetCore.App.Ref\10.0.2\ref\net10.0\Microsoft.AspNetCore.Mvc.Cors.dll".
             Reference found at search path location "{RawFileName}".
             This reference is not "CopyLocal" because at least one source item had "Private" set to "false" and no source items had "Private" set to "true".
         Primary reference "Microsoft.AspNetCore.Mvc.DataAnnotations, Version=10.0.0.0, Culture=neutral, PublicKeyToken=adb9793829ddae60".
             Resolved file path is "C:\Program Files\dotnet\packs\Microsoft.AspNetCore.App.Ref\10.0.2\ref\net10.0\Microsoft.AspNetCore.Mvc.DataAnnotations.dll".
             Reference found at search path location "{RawFileName}".
             This reference is not "CopyLocal" because at least one source item had "Private" set to "false" and no source items had "Private" set to "true".
         Primary reference "Microsoft.AspNetCore.Mvc.Formatters.Json, Version=10.0.0.0, Culture=neutral, PublicKeyToken=adb9793829ddae60".
             Resolved file path is "C:\Program Files\dotnet\packs\Microsoft.AspNetCore.App.Ref\10.0.2\ref\net10.0\Microsoft.AspNetCore.Mvc.Formatters.Json.dll".
             Reference found at search path location "{RawFileName}".
             This reference is not "CopyLocal" because at least one source item had "Private" set to "false" and no source items had "Private" set to "true".
         Primary reference "Microsoft.AspNetCore.Mvc.Formatters.Xml, Version=10.0.0.0, Culture=neutral, PublicKeyToken=adb9793829ddae60".
             Resolved file path is "C:\Program Files\dotnet\packs\Microsoft.AspNetCore.App.Ref\10.0.2\ref\net10.0\Microsoft.AspNetCore.Mvc.Formatters.Xml.dll".
             Reference found at search path location "{RawFileName}".
             This reference is not "CopyLocal" because at least one source item had "Private" set to "false" and no source items had "Private" set to "true".
         Primary reference "Microsoft.AspNetCore.Mvc.Localization, Version=10.0.0.0, Culture=neutral, PublicKeyToken=adb9793829ddae60".
             Resolved file path is "C:\Program Files\dotnet\packs\Microsoft.AspNetCore.App.Ref\10.0.2\ref\net10.0\Microsoft.AspNetCore.Mvc.Localization.dll".
             Reference found at search path location "{RawFileName}".
             This reference is not "CopyLocal" because at least one source item had "Private" set to "false" and no source items had "Private" set to "true".
         Primary reference "Microsoft.AspNetCore.Mvc.Razor, Version=10.0.0.0, Culture=neutral, PublicKeyToken=adb9793829ddae60".
             Resolved file path is "C:\Program Files\dotnet\packs\Microsoft.AspNetCore.App.Ref\10.0.2\ref\net10.0\Microsoft.AspNetCore.Mvc.Razor.dll".
             Reference found at search path location "{RawFileName}".
             This reference is not "CopyLocal" because at least one source item had "Private" set to "false" and no source items had "Private" set to "true".
         Primary reference "Microsoft.AspNetCore.Mvc.RazorPages, Version=10.0.0.0, Culture=neutral, PublicKeyToken=adb9793829ddae60".
             Resolved file path is "C:\Program Files\dotnet\packs\Microsoft.AspNetCore.App.Ref\10.0.2\ref\net10.0\Microsoft.AspNetCore.Mvc.RazorPages.dll".
             Reference found at search path location "{RawFileName}".
             This reference is not "CopyLocal" because at least one source item had "Private" set to "false" and no source items had "Private" set to "true".
         Primary reference "Microsoft.AspNetCore.Mvc.TagHelpers, Version=10.0.0.0, Culture=neutral, PublicKeyToken=adb9793829ddae60".
             Resolved file path is "C:\Program Files\dotnet\packs\Microsoft.AspNetCore.App.Ref\10.0.2\ref\net10.0\Microsoft.AspNetCore.Mvc.TagHelpers.dll".
             Reference found at search path location "{RawFileName}".
             This reference is not "CopyLocal" because at least one source item had "Private" set to "false" and no source items had "Private" set to "true".
         Primary reference "Microsoft.AspNetCore.Mvc.ViewFeatures, Version=10.0.0.0, Culture=neutral, PublicKeyToken=adb9793829ddae60".
             Resolved file path is "C:\Program Files\dotnet\packs\Microsoft.AspNetCore.App.Ref\10.0.2\ref\net10.0\Microsoft.AspNetCore.Mvc.ViewFeatures.dll".
             Reference found at search path location "{RawFileName}".
             This reference is not "CopyLocal" because at least one source item had "Private" set to "false" and no source items had "Private" set to "true".
         Primary reference "Microsoft.AspNetCore.Mvc, Version=10.0.0.0, Culture=neutral, PublicKeyToken=adb9793829ddae60".
             Resolved file path is "C:\Program Files\dotnet\packs\Microsoft.AspNetCore.App.Ref\10.0.2\ref\net10.0\Microsoft.AspNetCore.Mvc.dll".
             Reference found at search path location "{RawFileName}".
             This reference is not "CopyLocal" because at least one source item had "Private" set to "false" and no source items had "Private" set to "true".
         Primary reference "Microsoft.AspNetCore.OutputCaching, Version=10.0.0.0, Culture=neutral, PublicKeyToken=adb9793829ddae60".
             Resolved file path is "C:\Program Files\dotnet\packs\Microsoft.AspNetCore.App.Ref\10.0.2\ref\net10.0\Microsoft.AspNetCore.OutputCaching.dll".
             Reference found at search path location "{RawFileName}".
             This reference is not "CopyLocal" because at least one source item had "Private" set to "false" and no source items had "Private" set to "true".
         Primary reference "Microsoft.AspNetCore.RateLimiting, Version=10.0.0.0, Culture=neutral, PublicKeyToken=adb9793829ddae60".
             Resolved file path is "C:\Program Files\dotnet\packs\Microsoft.AspNetCore.App.Ref\10.0.2\ref\net10.0\Microsoft.AspNetCore.RateLimiting.dll".
             Reference found at search path location "{RawFileName}".
             This reference is not "CopyLocal" because at least one source item had "Private" set to "false" and no source items had "Private" set to "true".
         Primary reference "Microsoft.AspNetCore.Razor.Runtime, Version=10.0.0.0, Culture=neutral, PublicKeyToken=adb9793829ddae60".
             Resolved file path is "C:\Program Files\dotnet\packs\Microsoft.AspNetCore.App.Ref\10.0.2\ref\net10.0\Microsoft.AspNetCore.Razor.Runtime.dll".
             Reference found at search path location "{RawFileName}".
             This reference is not "CopyLocal" because at least one source item had "Private" set to "false" and no source items had "Private" set to "true".
         Primary reference "Microsoft.AspNetCore.Razor, Version=10.0.0.0, Culture=neutral, PublicKeyToken=adb9793829ddae60".
             Resolved file path is "C:\Program Files\dotnet\packs\Microsoft.AspNetCore.App.Ref\10.0.2\ref\net10.0\Microsoft.AspNetCore.Razor.dll".
             Reference found at search path location "{RawFileName}".
             This reference is not "CopyLocal" because at least one source item had "Private" set to "false" and no source items had "Private" set to "true".
         Primary reference "Microsoft.AspNetCore.RequestDecompression, Version=10.0.0.0, Culture=neutral, PublicKeyToken=adb9793829ddae60".
             Resolved file path is "C:\Program Files\dotnet\packs\Microsoft.AspNetCore.App.Ref\10.0.2\ref\net10.0\Microsoft.AspNetCore.RequestDecompression.dll".
             Reference found at search path location "{RawFileName}".
             This reference is not "CopyLocal" because at least one source item had "Private" set to "false" and no source items had "Private" set to "true".
         Primary reference "Microsoft.AspNetCore.ResponseCaching.Abstractions, Version=10.0.0.0, Culture=neutral, PublicKeyToken=adb9793829ddae60".
             Resolved file path is "C:\Program Files\dotnet\packs\Microsoft.AspNetCore.App.Ref\10.0.2\ref\net10.0\Microsoft.AspNetCore.ResponseCaching.Abstractions.dll".
             Reference found at search path location "{RawFileName}".
             This reference is not "CopyLocal" because at least one source item had "Private" set to "false" and no source items had "Private" set to "true".
         Primary reference "Microsoft.AspNetCore.ResponseCaching, Version=10.0.0.0, Culture=neutral, PublicKeyToken=adb9793829ddae60".
             Resolved file path is "C:\Program Files\dotnet\packs\Microsoft.AspNetCore.App.Ref\10.0.2\ref\net10.0\Microsoft.AspNetCore.ResponseCaching.dll".
             Reference found at search path location "{RawFileName}".
             This reference is not "CopyLocal" because at least one source item had "Private" set to "false" and no source items had "Private" set to "true".
         Primary reference "Microsoft.AspNetCore.ResponseCompression, Version=10.0.0.0, Culture=neutral, PublicKeyToken=adb9793829ddae60".
             Resolved file path is "C:\Program Files\dotnet\packs\Microsoft.AspNetCore.App.Ref\10.0.2\ref\net10.0\Microsoft.AspNetCore.ResponseCompression.dll".
             Reference found at search path location "{RawFileName}".
             This reference is not "CopyLocal" because at least one source item had "Private" set to "false" and no source items had "Private" set to "true".
         Primary reference "Microsoft.AspNetCore.Rewrite, Version=10.0.0.0, Culture=neutral, PublicKeyToken=adb9793829ddae60".
             Resolved file path is "C:\Program Files\dotnet\packs\Microsoft.AspNetCore.App.Ref\10.0.2\ref\net10.0\Microsoft.AspNetCore.Rewrite.dll".
             Reference found at search path location "{RawFileName}".
             This reference is not "CopyLocal" because at least one source item had "Private" set to "false" and no source items had "Private" set to "true".
         Primary reference "Microsoft.AspNetCore.Routing.Abstractions, Version=10.0.0.0, Culture=neutral, PublicKeyToken=adb9793829ddae60".
             Resolved file path is "C:\Program Files\dotnet\packs\Microsoft.AspNetCore.App.Ref\10.0.2\ref\net10.0\Microsoft.AspNetCore.Routing.Abstractions.dll".
             Reference found at search path location "{RawFileName}".
             This reference is not "CopyLocal" because at least one source item had "Private" set to "false" and no source items had "Private" set to "true".
         Primary reference "Microsoft.AspNetCore.Routing, Version=10.0.0.0, Culture=neutral, PublicKeyToken=adb9793829ddae60".
             Resolved file path is "C:\Program Files\dotnet\packs\Microsoft.AspNetCore.App.Ref\10.0.2\ref\net10.0\Microsoft.AspNetCore.Routing.dll".
             Reference found at search path location "{RawFileName}".
             This reference is not "CopyLocal" because at least one source item had "Private" set to "false" and no source items had "Private" set to "true".
         Primary reference "Microsoft.AspNetCore.Server.HttpSys, Version=10.0.0.0, Culture=neutral, PublicKeyToken=adb9793829ddae60".
             Resolved file path is "C:\Program Files\dotnet\packs\Microsoft.AspNetCore.App.Ref\10.0.2\ref\net10.0\Microsoft.AspNetCore.Server.HttpSys.dll".
             Reference found at search path location "{RawFileName}".
             This reference is not "CopyLocal" because at least one source item had "Private" set to "false" and no source items had "Private" set to "true".
         Primary reference "Microsoft.AspNetCore.Server.IIS, Version=10.0.0.0, Culture=neutral, PublicKeyToken=adb9793829ddae60".
             Resolved file path is "C:\Program Files\dotnet\packs\Microsoft.AspNetCore.App.Ref\10.0.2\ref\net10.0\Microsoft.AspNetCore.Server.IIS.dll".
             Reference found at search path location "{RawFileName}".
             This reference is not "CopyLocal" because at least one source item had "Private" set to "false" and no source items had "Private" set to "true".
         Primary reference "Microsoft.AspNetCore.Server.IISIntegration, Version=10.0.0.0, Culture=neutral, PublicKeyToken=adb9793829ddae60".
             Resolved file path is "C:\Program Files\dotnet\packs\Microsoft.AspNetCore.App.Ref\10.0.2\ref\net10.0\Microsoft.AspNetCore.Server.IISIntegration.dll".
             Reference found at search path location "{RawFileName}".
             This reference is not "CopyLocal" because at least one source item had "Private" set to "false" and no source items had "Private" set to "true".
         Primary reference "Microsoft.AspNetCore.Server.Kestrel.Core, Version=10.0.0.0, Culture=neutral, PublicKeyToken=adb9793829ddae60".
             Resolved file path is "C:\Program Files\dotnet\packs\Microsoft.AspNetCore.App.Ref\10.0.2\ref\net10.0\Microsoft.AspNetCore.Server.Kestrel.Core.dll".
             Reference found at search path location "{RawFileName}".
             This reference is not "CopyLocal" because at least one source item had "Private" set to "false" and no source items had "Private" set to "true".
         Primary reference "Microsoft.AspNetCore.Server.Kestrel.Transport.NamedPipes, Version=10.0.0.0, Culture=neutral, PublicKeyToken=adb9793829ddae60".
             Resolved file path is "C:\Program Files\dotnet\packs\Microsoft.AspNetCore.App.Ref\10.0.2\ref\net10.0\Microsoft.AspNetCore.Server.Kestrel.Transport.NamedPipes.dll".
             Reference found at search path location "{RawFileName}".
             This reference is not "CopyLocal" because at least one source item had "Private" set to "false" and no source items had "Private" set to "true".
         Primary reference "Microsoft.AspNetCore.Server.Kestrel.Transport.Quic, Version=10.0.0.0, Culture=neutral, PublicKeyToken=adb9793829ddae60".
             Resolved file path is "C:\Program Files\dotnet\packs\Microsoft.AspNetCore.App.Ref\10.0.2\ref\net10.0\Microsoft.AspNetCore.Server.Kestrel.Transport.Quic.dll".
             Reference found at search path location "{RawFileName}".
             This reference is not "CopyLocal" because at least one source item had "Private" set to "false" and no source items had "Private" set to "true".
         Primary reference "Microsoft.AspNetCore.Server.Kestrel.Transport.Sockets, Version=10.0.0.0, Culture=neutral, PublicKeyToken=adb9793829ddae60".
             Resolved file path is "C:\Program Files\dotnet\packs\Microsoft.AspNetCore.App.Ref\10.0.2\ref\net10.0\Microsoft.AspNetCore.Server.Kestrel.Transport.Sockets.dll".
             Reference found at search path location "{RawFileName}".
             This reference is not "CopyLocal" because at least one source item had "Private" set to "false" and no source items had "Private" set to "true".
         Primary reference "Microsoft.AspNetCore.Server.Kestrel, Version=10.0.0.0, Culture=neutral, PublicKeyToken=adb9793829ddae60".
             Resolved file path is "C:\Program Files\dotnet\packs\Microsoft.AspNetCore.App.Ref\10.0.2\ref\net10.0\Microsoft.AspNetCore.Server.Kestrel.dll".
             Reference found at search path location "{RawFileName}".
             This reference is not "CopyLocal" because at least one source item had "Private" set to "false" and no source items had "Private" set to "true".
         Primary reference "Microsoft.AspNetCore.Session, Version=10.0.0.0, Culture=neutral, PublicKeyToken=adb9793829ddae60".
             Resolved file path is "C:\Program Files\dotnet\packs\Microsoft.AspNetCore.App.Ref\10.0.2\ref\net10.0\Microsoft.AspNetCore.Session.dll".
             Reference found at search path location "{RawFileName}".
             This reference is not "CopyLocal" because at least one source item had "Private" set to "false" and no source items had "Private" set to "true".
         Primary reference "Microsoft.AspNetCore.SignalR.Common, Version=10.0.0.0, Culture=neutral, PublicKeyToken=adb9793829ddae60".
             Resolved file path is "C:\Program Files\dotnet\packs\Microsoft.AspNetCore.App.Ref\10.0.2\ref\net10.0\Microsoft.AspNetCore.SignalR.Common.dll".
             Reference found at search path location "{RawFileName}".
             This reference is not "CopyLocal" because at least one source item had "Private" set to "false" and no source items had "Private" set to "true".
         Primary reference "Microsoft.AspNetCore.SignalR.Core, Version=10.0.0.0, Culture=neutral, PublicKeyToken=adb9793829ddae60".
             Resolved file path is "C:\Program Files\dotnet\packs\Microsoft.AspNetCore.App.Ref\10.0.2\ref\net10.0\Microsoft.AspNetCore.SignalR.Core.dll".
             Reference found at search path location "{RawFileName}".
             This reference is not "CopyLocal" because at least one source item had "Private" set to "false" and no source items had "Private" set to "true".
         Primary reference "Microsoft.AspNetCore.SignalR.Protocols.Json, Version=10.0.0.0, Culture=neutral, PublicKeyToken=adb9793829ddae60".
             Resolved file path is "C:\Program Files\dotnet\packs\Microsoft.AspNetCore.App.Ref\10.0.2\ref\net10.0\Microsoft.AspNetCore.SignalR.Protocols.Json.dll".
             Reference found at search path location "{RawFileName}".
             This reference is not "CopyLocal" because at least one source item had "Private" set to "false" and no source items had "Private" set to "true".
         Primary reference "Microsoft.AspNetCore.SignalR, Version=10.0.0.0, Culture=neutral, PublicKeyToken=adb9793829ddae60".
             Resolved file path is "C:\Program Files\dotnet\packs\Microsoft.AspNetCore.App.Ref\10.0.2\ref\net10.0\Microsoft.AspNetCore.SignalR.dll".
             Reference found at search path location "{RawFileName}".
             This reference is not "CopyLocal" because at least one source item had "Private" set to "false" and no source items had "Private" set to "true".
         Primary reference "Microsoft.AspNetCore.StaticAssets, Version=10.0.0.0, Culture=neutral, PublicKeyToken=adb9793829ddae60".
             Resolved file path is "C:\Program Files\dotnet\packs\Microsoft.AspNetCore.App.Ref\10.0.2\ref\net10.0\Microsoft.AspNetCore.StaticAssets.dll".
             Reference found at search path location "{RawFileName}".
             This reference is not "CopyLocal" because at least one source item had "Private" set to "false" and no source items had "Private" set to "true".
         Primary reference "Microsoft.AspNetCore.StaticFiles, Version=10.0.0.0, Culture=neutral, PublicKeyToken=adb9793829ddae60".
             Resolved file path is "C:\Program Files\dotnet\packs\Microsoft.AspNetCore.App.Ref\10.0.2\ref\net10.0\Microsoft.AspNetCore.StaticFiles.dll".
             Reference found at search path location "{RawFileName}".
             This reference is not "CopyLocal" because at least one source item had "Private" set to "false" and no source items had "Private" set to "true".
         Primary reference "Microsoft.AspNetCore.WebSockets, Version=10.0.0.0, Culture=neutral, PublicKeyToken=adb9793829ddae60".
             Resolved file path is "C:\Program Files\dotnet\packs\Microsoft.AspNetCore.App.Ref\10.0.2\ref\net10.0\Microsoft.AspNetCore.WebSockets.dll".
             Reference found at search path location "{RawFileName}".
             This reference is not "CopyLocal" because at least one source item had "Private" set to "false" and no source items had "Private" set to "true".
         Primary reference "Microsoft.AspNetCore.WebUtilities, Version=10.0.0.0, Culture=neutral, PublicKeyToken=adb9793829ddae60".
             Resolved file path is "C:\Program Files\dotnet\packs\Microsoft.AspNetCore.App.Ref\10.0.2\ref\net10.0\Microsoft.AspNetCore.WebUtilities.dll".
             Reference found at search path location "{RawFileName}".
             This reference is not "CopyLocal" because at least one source item had "Private" set to "false" and no source items had "Private" set to "true".
         Primary reference "Microsoft.AspNetCore, Version=10.0.0.0, Culture=neutral, PublicKeyToken=adb9793829ddae60".
             Resolved file path is "C:\Program Files\dotnet\packs\Microsoft.AspNetCore.App.Ref\10.0.2\ref\net10.0\Microsoft.AspNetCore.dll".
             Reference found at search path location "{RawFileName}".
             This reference is not "CopyLocal" because at least one source item had "Private" set to "false" and no source items had "Private" set to "true".
         Primary reference "Microsoft.Extensions.Caching.Abstractions, Version=10.0.0.0, Culture=neutral, PublicKeyToken=adb9793829ddae60".
             Resolved file path is "C:\Program Files\dotnet\packs\Microsoft.AspNetCore.App.Ref\10.0.2\ref\net10.0\Microsoft.Extensions.Caching.Abstractions.dll".
             Reference found at search path location "{RawFileName}".
             This reference is not "CopyLocal" because at least one source item had "Private" set to "false" and no source items had "Private" set to "true".
         Primary reference "Microsoft.Extensions.Caching.Memory, Version=10.0.0.0, Culture=neutral, PublicKeyToken=adb9793829ddae60".
             Resolved file path is "C:\Program Files\dotnet\packs\Microsoft.AspNetCore.App.Ref\10.0.2\ref\net10.0\Microsoft.Extensions.Caching.Memory.dll".
             Reference found at search path location "{RawFileName}".
             This reference is not "CopyLocal" because at least one source item had "Private" set to "false" and no source items had "Private" set to "true".
         Primary reference "Microsoft.Extensions.Configuration.Abstractions, Version=10.0.0.0, Culture=neutral, PublicKeyToken=adb9793829ddae60".
             Resolved file path is "C:\Program Files\dotnet\packs\Microsoft.AspNetCore.App.Ref\10.0.2\ref\net10.0\Microsoft.Extensions.Configuration.Abstractions.dll".
             Reference found at search path location "{RawFileName}".
             This reference is not "CopyLocal" because at least one source item had "Private" set to "false" and no source items had "Private" set to "true".
         Primary reference "Microsoft.Extensions.Configuration.Binder, Version=10.0.0.0, Culture=neutral, PublicKeyToken=adb9793829ddae60".
             Resolved file path is "C:\Program Files\dotnet\packs\Microsoft.AspNetCore.App.Ref\10.0.2\ref\net10.0\Microsoft.Extensions.Configuration.Binder.dll".
             Reference found at search path location "{RawFileName}".
             This reference is not "CopyLocal" because at least one source item had "Private" set to "false" and no source items had "Private" set to "true".
         Primary reference "Microsoft.Extensions.Configuration.CommandLine, Version=10.0.0.0, Culture=neutral, PublicKeyToken=adb9793829ddae60".
             Resolved file path is "C:\Program Files\dotnet\packs\Microsoft.AspNetCore.App.Ref\10.0.2\ref\net10.0\Microsoft.Extensions.Configuration.CommandLine.dll".
             Reference found at search path location "{RawFileName}".
             This reference is not "CopyLocal" because at least one source item had "Private" set to "false" and no source items had "Private" set to "true".
         Primary reference "Microsoft.Extensions.Configuration.EnvironmentVariables, Version=10.0.0.0, Culture=neutral, PublicKeyToken=adb9793829ddae60".
             Resolved file path is "C:\Program Files\dotnet\packs\Microsoft.AspNetCore.App.Ref\10.0.2\ref\net10.0\Microsoft.Extensions.Configuration.EnvironmentVariables.dll".
             Reference found at search path location "{RawFileName}".
             This reference is not "CopyLocal" because at least one source item had "Private" set to "false" and no source items had "Private" set to "true".
         Primary reference "Microsoft.Extensions.Configuration.FileExtensions, Version=10.0.0.0, Culture=neutral, PublicKeyToken=adb9793829ddae60".
             Resolved file path is "C:\Program Files\dotnet\packs\Microsoft.AspNetCore.App.Ref\10.0.2\ref\net10.0\Microsoft.Extensions.Configuration.FileExtensions.dll".
             Reference found at search path location "{RawFileName}".
             This reference is not "CopyLocal" because at least one source item had "Private" set to "false" and no source items had "Private" set to "true".
         Primary reference "Microsoft.Extensions.Configuration.Ini, Version=10.0.0.0, Culture=neutral, PublicKeyToken=adb9793829ddae60".
             Resolved file path is "C:\Program Files\dotnet\packs\Microsoft.AspNetCore.App.Ref\10.0.2\ref\net10.0\Microsoft.Extensions.Configuration.Ini.dll".
             Reference found at search path location "{RawFileName}".
             This reference is not "CopyLocal" because at least one source item had "Private" set to "false" and no source items had "Private" set to "true".
         Primary reference "Microsoft.Extensions.Configuration.Json, Version=10.0.0.0, Culture=neutral, PublicKeyToken=adb9793829ddae60".
             Resolved file path is "C:\Program Files\dotnet\packs\Microsoft.AspNetCore.App.Ref\10.0.2\ref\net10.0\Microsoft.Extensions.Configuration.Json.dll".
             Reference found at search path location "{RawFileName}".
             This reference is not "CopyLocal" because at least one source item had "Private" set to "false" and no source items had "Private" set to "true".
         Primary reference "Microsoft.Extensions.Configuration.KeyPerFile, Version=10.0.0.0, Culture=neutral, PublicKeyToken=adb9793829ddae60".
             Resolved file path is "C:\Program Files\dotnet\packs\Microsoft.AspNetCore.App.Ref\10.0.2\ref\net10.0\Microsoft.Extensions.Configuration.KeyPerFile.dll".
             Reference found at search path location "{RawFileName}".
             This reference is not "CopyLocal" because at least one source item had "Private" set to "false" and no source items had "Private" set to "true".
         Primary reference "Microsoft.Extensions.Configuration.UserSecrets, Version=10.0.0.0, Culture=neutral, PublicKeyToken=adb9793829ddae60".
             Resolved file path is "C:\Program Files\dotnet\packs\Microsoft.AspNetCore.App.Ref\10.0.2\ref\net10.0\Microsoft.Extensions.Configuration.UserSecrets.dll".
             Reference found at search path location "{RawFileName}".
             This reference is not "CopyLocal" because at least one source item had "Private" set to "false" and no source items had "Private" set to "true".
         Primary reference "Microsoft.Extensions.Configuration.Xml, Version=10.0.0.0, Culture=neutral, PublicKeyToken=adb9793829ddae60".
             Resolved file path is "C:\Program Files\dotnet\packs\Microsoft.AspNetCore.App.Ref\10.0.2\ref\net10.0\Microsoft.Extensions.Configuration.Xml.dll".
             Reference found at search path location "{RawFileName}".
             This reference is not "CopyLocal" because at least one source item had "Private" set to "false" and no source items had "Private" set to "true".
         Primary reference "Microsoft.Extensions.Configuration, Version=10.0.0.0, Culture=neutral, PublicKeyToken=adb9793829ddae60".
             Resolved file path is "C:\Program Files\dotnet\packs\Microsoft.AspNetCore.App.Ref\10.0.2\ref\net10.0\Microsoft.Extensions.Configuration.dll".
             Reference found at search path location "{RawFileName}".
             This reference is not "CopyLocal" because at least one source item had "Private" set to "false" and no source items had "Private" set to "true".
         Primary reference "Microsoft.Extensions.DependencyInjection.Abstractions, Version=10.0.0.0, Culture=neutral, PublicKeyToken=adb9793829ddae60".
             Resolved file path is "C:\Program Files\dotnet\packs\Microsoft.AspNetCore.App.Ref\10.0.2\ref\net10.0\Microsoft.Extensions.DependencyInjection.Abstractions.dll".
             Reference found at search path location "{RawFileName}".
             This reference is not "CopyLocal" because at least one source item had "Private" set to "false" and no source items had "Private" set to "true".
         Primary reference "Microsoft.Extensions.DependencyInjection, Version=10.0.0.0, Culture=neutral, PublicKeyToken=adb9793829ddae60".
             Resolved file path is "C:\Program Files\dotnet\packs\Microsoft.AspNetCore.App.Ref\10.0.2\ref\net10.0\Microsoft.Extensions.DependencyInjection.dll".
             Reference found at search path location "{RawFileName}".
             This reference is not "CopyLocal" because at least one source item had "Private" set to "false" and no source items had "Private" set to "true".
         Primary reference "Microsoft.Extensions.Diagnostics.Abstractions, Version=10.0.0.0, Culture=neutral, PublicKeyToken=adb9793829ddae60".
             Resolved file path is "C:\Program Files\dotnet\packs\Microsoft.AspNetCore.App.Ref\10.0.2\ref\net10.0\Microsoft.Extensions.Diagnostics.Abstractions.dll".
             Reference found at search path location "{RawFileName}".
             This reference is not "CopyLocal" because at least one source item had "Private" set to "false" and no source items had "Private" set to "true".
         Primary reference "Microsoft.Extensions.Diagnostics.HealthChecks.Abstractions, Version=10.0.0.0, Culture=neutral, PublicKeyToken=adb9793829ddae60".
             Resolved file path is "C:\Program Files\dotnet\packs\Microsoft.AspNetCore.App.Ref\10.0.2\ref\net10.0\Microsoft.Extensions.Diagnostics.HealthChecks.Abstractions.dll".
             Reference found at search path location "{RawFileName}".
             This reference is not "CopyLocal" because at least one source item had "Private" set to "false" and no source items had "Private" set to "true".
         Primary reference "Microsoft.Extensions.Diagnostics.HealthChecks, Version=10.0.0.0, Culture=neutral, PublicKeyToken=adb9793829ddae60".
             Resolved file path is "C:\Program Files\dotnet\packs\Microsoft.AspNetCore.App.Ref\10.0.2\ref\net10.0\Microsoft.Extensions.Diagnostics.HealthChecks.dll".
             Reference found at search path location "{RawFileName}".
             This reference is not "CopyLocal" because at least one source item had "Private" set to "false" and no source items had "Private" set to "true".
         Primary reference "Microsoft.Extensions.Diagnostics, Version=10.0.0.0, Culture=neutral, PublicKeyToken=adb9793829ddae60".
             Resolved file path is "C:\Program Files\dotnet\packs\Microsoft.AspNetCore.App.Ref\10.0.2\ref\net10.0\Microsoft.Extensions.Diagnostics.dll".
             Reference found at search path location "{RawFileName}".
             This reference is not "CopyLocal" because at least one source item had "Private" set to "false" and no source items had "Private" set to "true".
         Primary reference "Microsoft.Extensions.Features, Version=10.0.0.0, Culture=neutral, PublicKeyToken=adb9793829ddae60".
             Resolved file path is "C:\Program Files\dotnet\packs\Microsoft.AspNetCore.App.Ref\10.0.2\ref\net10.0\Microsoft.Extensions.Features.dll".
             Reference found at search path location "{RawFileName}".
             This reference is not "CopyLocal" because at least one source item had "Private" set to "false" and no source items had "Private" set to "true".
         Primary reference "Microsoft.Extensions.FileProviders.Abstractions, Version=10.0.0.0, Culture=neutral, PublicKeyToken=adb9793829ddae60".
             Resolved file path is "C:\Program Files\dotnet\packs\Microsoft.AspNetCore.App.Ref\10.0.2\ref\net10.0\Microsoft.Extensions.FileProviders.Abstractions.dll".
             Reference found at search path location "{RawFileName}".
             This reference is not "CopyLocal" because at least one source item had "Private" set to "false" and no source items had "Private" set to "true".
         Primary reference "Microsoft.Extensions.FileProviders.Composite, Version=10.0.0.0, Culture=neutral, PublicKeyToken=adb9793829ddae60".
             Resolved file path is "C:\Program Files\dotnet\packs\Microsoft.AspNetCore.App.Ref\10.0.2\ref\net10.0\Microsoft.Extensions.FileProviders.Composite.dll".
             Reference found at search path location "{RawFileName}".
             This reference is not "CopyLocal" because at least one source item had "Private" set to "false" and no source items had "Private" set to "true".
         Primary reference "Microsoft.Extensions.FileProviders.Embedded, Version=10.0.0.0, Culture=neutral, PublicKeyToken=adb9793829ddae60".
             Resolved file path is "C:\Program Files\dotnet\packs\Microsoft.AspNetCore.App.Ref\10.0.2\ref\net10.0\Microsoft.Extensions.FileProviders.Embedded.dll".
             Reference found at search path location "{RawFileName}".
             This reference is not "CopyLocal" because at least one source item had "Private" set to "false" and no source items had "Private" set to "true".
         Primary reference "Microsoft.Extensions.FileProviders.Physical, Version=10.0.0.0, Culture=neutral, PublicKeyToken=adb9793829ddae60".
             Resolved file path is "C:\Program Files\dotnet\packs\Microsoft.AspNetCore.App.Ref\10.0.2\ref\net10.0\Microsoft.Extensions.FileProviders.Physical.dll".
             Reference found at search path location "{RawFileName}".
             This reference is not "CopyLocal" because at least one source item had "Private" set to "false" and no source items had "Private" set to "true".
         Primary reference "Microsoft.Extensions.FileSystemGlobbing, Version=10.0.0.0, Culture=neutral, PublicKeyToken=adb9793829ddae60".
             Resolved file path is "C:\Program Files\dotnet\packs\Microsoft.AspNetCore.App.Ref\10.0.2\ref\net10.0\Microsoft.Extensions.FileSystemGlobbing.dll".
             Reference found at search path location "{RawFileName}".
             This reference is not "CopyLocal" because at least one source item had "Private" set to "false" and no source items had "Private" set to "true".
         Primary reference "Microsoft.Extensions.Hosting.Abstractions, Version=10.0.0.0, Culture=neutral, PublicKeyToken=adb9793829ddae60".
             Resolved file path is "C:\Program Files\dotnet\packs\Microsoft.AspNetCore.App.Ref\10.0.2\ref\net10.0\Microsoft.Extensions.Hosting.Abstractions.dll".
             Reference found at search path location "{RawFileName}".
             This reference is not "CopyLocal" because at least one source item had "Private" set to "false" and no source items had "Private" set to "true".
         Primary reference "Microsoft.Extensions.Hosting, Version=10.0.0.0, Culture=neutral, PublicKeyToken=adb9793829ddae60".
             Resolved file path is "C:\Program Files\dotnet\packs\Microsoft.AspNetCore.App.Ref\10.0.2\ref\net10.0\Microsoft.Extensions.Hosting.dll".
             Reference found at search path location "{RawFileName}".
             This reference is not "CopyLocal" because at least one source item had "Private" set to "false" and no source items had "Private" set to "true".
         Primary reference "Microsoft.Extensions.Http, Version=10.0.0.0, Culture=neutral, PublicKeyToken=adb9793829ddae60".
             Resolved file path is "C:\Program Files\dotnet\packs\Microsoft.AspNetCore.App.Ref\10.0.2\ref\net10.0\Microsoft.Extensions.Http.dll".
             Reference found at search path location "{RawFileName}".
             This reference is not "CopyLocal" because at least one source item had "Private" set to "false" and no source items had "Private" set to "true".
         Primary reference "Microsoft.Extensions.Identity.Core, Version=10.0.0.0, Culture=neutral, PublicKeyToken=adb9793829ddae60".
             Resolved file path is "C:\Program Files\dotnet\packs\Microsoft.AspNetCore.App.Ref\10.0.2\ref\net10.0\Microsoft.Extensions.Identity.Core.dll".
             Reference found at search path location "{RawFileName}".
             This reference is not "CopyLocal" because at least one source item had "Private" set to "false" and no source items had "Private" set to "true".
         Primary reference "Microsoft.Extensions.Identity.Stores, Version=10.0.0.0, Culture=neutral, PublicKeyToken=adb9793829ddae60".
             Resolved file path is "C:\Program Files\dotnet\packs\Microsoft.AspNetCore.App.Ref\10.0.2\ref\net10.0\Microsoft.Extensions.Identity.Stores.dll".
             Reference found at search path location "{RawFileName}".
             This reference is not "CopyLocal" because at least one source item had "Private" set to "false" and no source items had "Private" set to "true".
         Primary reference "Microsoft.Extensions.Localization.Abstractions, Version=10.0.0.0, Culture=neutral, PublicKeyToken=adb9793829ddae60".
             Resolved file path is "C:\Program Files\dotnet\packs\Microsoft.AspNetCore.App.Ref\10.0.2\ref\net10.0\Microsoft.Extensions.Localization.Abstractions.dll".
             Reference found at search path location "{RawFileName}".
             This reference is not "CopyLocal" because at least one source item had "Private" set to "false" and no source items had "Private" set to "true".
         Primary reference "Microsoft.Extensions.Localization, Version=10.0.0.0, Culture=neutral, PublicKeyToken=adb9793829ddae60".
             Resolved file path is "C:\Program Files\dotnet\packs\Microsoft.AspNetCore.App.Ref\10.0.2\ref\net10.0\Microsoft.Extensions.Localization.dll".
             Reference found at search path location "{RawFileName}".
             This reference is not "CopyLocal" because at least one source item had "Private" set to "false" and no source items had "Private" set to "true".
         Primary reference "Microsoft.Extensions.Logging.Abstractions, Version=10.0.0.0, Culture=neutral, PublicKeyToken=adb9793829ddae60".
             Resolved file path is "C:\Program Files\dotnet\packs\Microsoft.AspNetCore.App.Ref\10.0.2\ref\net10.0\Microsoft.Extensions.Logging.Abstractions.dll".
             Reference found at search path location "{RawFileName}".
             This reference is not "CopyLocal" because at least one source item had "Private" set to "false" and no source items had "Private" set to "true".
         Primary reference "Microsoft.Extensions.Logging.Configuration, Version=10.0.0.0, Culture=neutral, PublicKeyToken=adb9793829ddae60".
             Resolved file path is "C:\Program Files\dotnet\packs\Microsoft.AspNetCore.App.Ref\10.0.2\ref\net10.0\Microsoft.Extensions.Logging.Configuration.dll".
             Reference found at search path location "{RawFileName}".
             This reference is not "CopyLocal" because at least one source item had "Private" set to "false" and no source items had "Private" set to "true".
         Primary reference "Microsoft.Extensions.Logging.Console, Version=10.0.0.0, Culture=neutral, PublicKeyToken=adb9793829ddae60".
             Resolved file path is "C:\Program Files\dotnet\packs\Microsoft.AspNetCore.App.Ref\10.0.2\ref\net10.0\Microsoft.Extensions.Logging.Console.dll".
             Reference found at search path location "{RawFileName}".
             This reference is not "CopyLocal" because at least one source item had "Private" set to "false" and no source items had "Private" set to "true".
         Primary reference "Microsoft.Extensions.Logging.Debug, Version=10.0.0.0, Culture=neutral, PublicKeyToken=adb9793829ddae60".
             Resolved file path is "C:\Program Files\dotnet\packs\Microsoft.AspNetCore.App.Ref\10.0.2\ref\net10.0\Microsoft.Extensions.Logging.Debug.dll".
             Reference found at search path location "{RawFileName}".
             This reference is not "CopyLocal" because at least one source item had "Private" set to "false" and no source items had "Private" set to "true".
         Primary reference "Microsoft.Extensions.Logging.EventLog, Version=10.0.0.0, Culture=neutral, PublicKeyToken=adb9793829ddae60".
             Resolved file path is "C:\Program Files\dotnet\packs\Microsoft.AspNetCore.App.Ref\10.0.2\ref\net10.0\Microsoft.Extensions.Logging.EventLog.dll".
             Reference found at search path location "{RawFileName}".
             This reference is not "CopyLocal" because at least one source item had "Private" set to "false" and no source items had "Private" set to "true".
         Primary reference "Microsoft.Extensions.Logging.EventSource, Version=10.0.0.0, Culture=neutral, PublicKeyToken=adb9793829ddae60".
             Resolved file path is "C:\Program Files\dotnet\packs\Microsoft.AspNetCore.App.Ref\10.0.2\ref\net10.0\Microsoft.Extensions.Logging.EventSource.dll".
             Reference found at search path location "{RawFileName}".
             This reference is not "CopyLocal" because at least one source item had "Private" set to "false" and no source items had "Private" set to "true".
         Primary reference "Microsoft.Extensions.Logging.TraceSource, Version=10.0.0.0, Culture=neutral, PublicKeyToken=adb9793829ddae60".
             Resolved file path is "C:\Program Files\dotnet\packs\Microsoft.AspNetCore.App.Ref\10.0.2\ref\net10.0\Microsoft.Extensions.Logging.TraceSource.dll".
             Reference found at search path location "{RawFileName}".
             This reference is not "CopyLocal" because at least one source item had "Private" set to "false" and no source items had "Private" set to "true".
         Primary reference "Microsoft.Extensions.Logging, Version=10.0.0.0, Culture=neutral, PublicKeyToken=adb9793829ddae60".
             Resolved file path is "C:\Program Files\dotnet\packs\Microsoft.AspNetCore.App.Ref\10.0.2\ref\net10.0\Microsoft.Extensions.Logging.dll".
             Reference found at search path location "{RawFileName}".
             This reference is not "CopyLocal" because at least one source item had "Private" set to "false" and no source items had "Private" set to "true".
         Primary reference "Microsoft.Extensions.ObjectPool, Version=10.0.0.0, Culture=neutral, PublicKeyToken=adb9793829ddae60".
             Resolved file path is "C:\Program Files\dotnet\packs\Microsoft.AspNetCore.App.Ref\10.0.2\ref\net10.0\Microsoft.Extensions.ObjectPool.dll".
             Reference found at search path location "{RawFileName}".
             This reference is not "CopyLocal" because at least one source item had "Private" set to "false" and no source items had "Private" set to "true".
         Primary reference "Microsoft.Extensions.Options.ConfigurationExtensions, Version=10.0.0.0, Culture=neutral, PublicKeyToken=adb9793829ddae60".
             Resolved file path is "C:\Program Files\dotnet\packs\Microsoft.AspNetCore.App.Ref\10.0.2\ref\net10.0\Microsoft.Extensions.Options.ConfigurationExtensions.dll".
             Reference found at search path location "{RawFileName}".
             This reference is not "CopyLocal" because at least one source item had "Private" set to "false" and no source items had "Private" set to "true".
         Primary reference "Microsoft.Extensions.Options.DataAnnotations, Version=10.0.0.0, Culture=neutral, PublicKeyToken=adb9793829ddae60".
             Resolved file path is "C:\Program Files\dotnet\packs\Microsoft.AspNetCore.App.Ref\10.0.2\ref\net10.0\Microsoft.Extensions.Options.DataAnnotations.dll".
             Reference found at search path location "{RawFileName}".
             This reference is not "CopyLocal" because at least one source item had "Private" set to "false" and no source items had "Private" set to "true".
         Primary reference "Microsoft.Extensions.Options, Version=10.0.0.0, Culture=neutral, PublicKeyToken=adb9793829ddae60".
             Resolved file path is "C:\Program Files\dotnet\packs\Microsoft.AspNetCore.App.Ref\10.0.2\ref\net10.0\Microsoft.Extensions.Options.dll".
             Reference found at search path location "{RawFileName}".
             This reference is not "CopyLocal" because at least one source item had "Private" set to "false" and no source items had "Private" set to "true".
         Primary reference "Microsoft.Extensions.Primitives, Version=10.0.0.0, Culture=neutral, PublicKeyToken=adb9793829ddae60".
             Resolved file path is "C:\Program Files\dotnet\packs\Microsoft.AspNetCore.App.Ref\10.0.2\ref\net10.0\Microsoft.Extensions.Primitives.dll".
             Reference found at search path location "{RawFileName}".
             This reference is not "CopyLocal" because at least one source item had "Private" set to "false" and no source items had "Private" set to "true".
         Primary reference "Microsoft.Extensions.Validation, Version=10.0.0.0, Culture=neutral, PublicKeyToken=adb9793829ddae60".
             Resolved file path is "C:\Program Files\dotnet\packs\Microsoft.AspNetCore.App.Ref\10.0.2\ref\net10.0\Microsoft.Extensions.Validation.dll".
             Reference found at search path location "{RawFileName}".
             This reference is not "CopyLocal" because at least one source item had "Private" set to "false" and no source items had "Private" set to "true".
         Primary reference "Microsoft.Extensions.WebEncoders, Version=10.0.0.0, Culture=neutral, PublicKeyToken=adb9793829ddae60".
             Resolved file path is "C:\Program Files\dotnet\packs\Microsoft.AspNetCore.App.Ref\10.0.2\ref\net10.0\Microsoft.Extensions.WebEncoders.dll".
             Reference found at search path location "{RawFileName}".
             This reference is not "CopyLocal" because at least one source item had "Private" set to "false" and no source items had "Private" set to "true".
         Primary reference "Microsoft.JSInterop, Version=10.0.0.0, Culture=neutral, PublicKeyToken=adb9793829ddae60".
             Resolved file path is "C:\Program Files\dotnet\packs\Microsoft.AspNetCore.App.Ref\10.0.2\ref\net10.0\Microsoft.JSInterop.dll".
             Reference found at search path location "{RawFileName}".
             This reference is not "CopyLocal" because at least one source item had "Private" set to "false" and no source items had "Private" set to "true".
         Primary reference "Microsoft.Net.Http.Headers, Version=10.0.0.0, Culture=neutral, PublicKeyToken=adb9793829ddae60".
             Resolved file path is "C:\Program Files\dotnet\packs\Microsoft.AspNetCore.App.Ref\10.0.2\ref\net10.0\Microsoft.Net.Http.Headers.dll".
             Reference found at search path location "{RawFileName}".
             This reference is not "CopyLocal" because at least one source item had "Private" set to "false" and no source items had "Private" set to "true".
         Primary reference "System.Diagnostics.EventLog, Version=10.0.0.0, Culture=neutral, PublicKeyToken=cc7b13ffcd2ddd51".
             Resolved file path is "C:\Program Files\dotnet\packs\Microsoft.AspNetCore.App.Ref\10.0.2\ref\net10.0\System.Diagnostics.EventLog.dll".
             Reference found at search path location "{RawFileName}".
             This reference is not "CopyLocal" because at least one source item had "Private" set to "false" and no source items had "Private" set to "true".
         Primary reference "System.Formats.Cbor, Version=10.0.0.0, Culture=neutral, PublicKeyToken=cc7b13ffcd2ddd51".
             Resolved file path is "C:\Program Files\dotnet\packs\Microsoft.AspNetCore.App.Ref\10.0.2\ref\net10.0\System.Formats.Cbor.dll".
             Reference found at search path location "{RawFileName}".
             This reference is not "CopyLocal" because at least one source item had "Private" set to "false" and no source items had "Private" set to "true".
         Primary reference "System.Security.Cryptography.Xml, Version=10.0.0.0, Culture=neutral, PublicKeyToken=cc7b13ffcd2ddd51".
             Resolved file path is "C:\Program Files\dotnet\packs\Microsoft.AspNetCore.App.Ref\10.0.2\ref\net10.0\System.Security.Cryptography.Xml.dll".
             Reference found at search path location "{RawFileName}".
             This reference is not "CopyLocal" because at least one source item had "Private" set to "false" and no source items had "Private" set to "true".
         Primary reference "System.Threading.RateLimiting, Version=10.0.0.0, Culture=neutral, PublicKeyToken=cc7b13ffcd2ddd51".
             Resolved file path is "C:\Program Files\dotnet\packs\Microsoft.AspNetCore.App.Ref\10.0.2\ref\net10.0\System.Threading.RateLimiting.dll".
             Reference found at search path location "{RawFileName}".
             This reference is not "CopyLocal" because at least one source item had "Private" set to "false" and no source items had "Private" set to "true".
       Done executing task "ResolveAssemblyReference".
   1:7>Done building target "ResolveAssemblyReferences" in project "FoodStreetPoiAdmin.csproj".
   1:7>Target "AfterResolveReferences" in file "C:\Program Files\dotnet\sdk\10.0.102\Microsoft.Common.CurrentVersion.targets" from project "E:\Study_project\C#\FoodStreet\FoodStreet\FoodStreetPoiAdmin\FoodStreetPoiAdmin.csproj" (target "ResolveReferences" depends on it):
   1:7>Done building target "AfterResolveReferences" in project "FoodStreetPoiAdmin.csproj".
   1:7>Target "ResolveReferences" in file "C:\Program Files\dotnet\sdk\10.0.102\Microsoft.Common.CurrentVersion.targets" from project "E:\Study_project\C#\FoodStreet\FoodStreet\FoodStreetPoiAdmin\FoodStreetPoiAdmin.csproj" (target "_BlockWinMDsOnUnsupportedTFMs" depends on it):
   1:7>Done building target "ResolveReferences" in project "FoodStreetPoiAdmin.csproj".
   1:7>Target "_BlockWinMDsOnUnsupportedTFMs" in file "C:\Program Files\dotnet\sdk\10.0.102\Sdks\Microsoft.NET.Sdk\targets\Microsoft.NET.Sdk.targets" from project "E:\Study_project\C#\FoodStreet\FoodStreet\FoodStreetPoiAdmin\FoodStreetPoiAdmin.csproj" (target "CoreBuild" depends on it):
       Using "CheckForUnsupportedWinMDReferences" task from assembly "C:\Program Files\dotnet\sdk\10.0.102\Sdks\Microsoft.NET.Sdk\targets\..\tools\net10.0\Microsoft.NET.Build.Tasks.dll".
       Task "CheckForUnsupportedWinMDReferences"
       Done executing task "CheckForUnsupportedWinMDReferences".
   1:7>Done building target "_BlockWinMDsOnUnsupportedTFMs" in project "FoodStreetPoiAdmin.csproj".
       Target "ResolveReferences" skipped. Previously built successfully.
       Target "ResolvePackageDependenciesForBuild" skipped. Previously built successfully.
       Target "_HandlePackageFileConflicts" skipped. Previously built successfully.
   1:7>Target "CopyAdditionalFiles" in file "C:\Program Files\dotnet\sdk\10.0.102\Roslyn\Microsoft.Managed.Core.targets" from project "E:\Study_project\C#\FoodStreet\FoodStreet\FoodStreetPoiAdmin\FoodStreetPoiAdmin.csproj" (target "AssignTargetPaths" depends on it):
   1:7>Done building target "CopyAdditionalFiles" in project "FoodStreetPoiAdmin.csproj".
       Target "ResolvePackageAssets" skipped. Previously built successfully.
       Target "ResolveFrameworkReferences" skipped. Previously built successfully.
   1:7>Target "_GetAppHostPaths" in file "C:\Program Files\dotnet\sdk\10.0.102\Sdks\Microsoft.NET.Sdk\targets\Microsoft.NET.Sdk.targets" from project "E:\Study_project\C#\FoodStreet\FoodStreet\FoodStreetPoiAdmin\FoodStreetPoiAdmin.csproj" (target "_ComputeNETCoreBuildOutputFiles" depends on it):
   1:7>Done building target "_GetAppHostPaths" in project "FoodStreetPoiAdmin.csproj".
   1:7>Target "_GetAppHostCreationConfiguration" in file "C:\Program Files\dotnet\sdk\10.0.102\Sdks\Microsoft.NET.Sdk\targets\Microsoft.NET.Sdk.targets" from project "E:\Study_project\C#\FoodStreet\FoodStreet\FoodStreetPoiAdmin\FoodStreetPoiAdmin.csproj" (target "_ComputeNETCoreBuildOutputFiles" depends on it):
   1:7>Done building target "_GetAppHostCreationConfiguration" in project "FoodStreetPoiAdmin.csproj".
   1:7>Target "_ComputeNETCoreBuildOutputFiles" in file "C:\Program Files\dotnet\sdk\10.0.102\Sdks\Microsoft.NET.Sdk\targets\Microsoft.NET.Sdk.targets" from project "E:\Study_project\C#\FoodStreet\FoodStreet\FoodStreetPoiAdmin\FoodStreetPoiAdmin.csproj" (target "AssignTargetPaths" depends on it):
   1:7>Done building target "_ComputeNETCoreBuildOutputFiles" in project "FoodStreetPoiAdmin.csproj".
   1:7>Target "ResolveStaticWebAssetsConfiguration" in file "C:\Program Files\dotnet\sdk\10.0.102\Sdks\Microsoft.NET.Sdk.StaticWebAssets\targets\Microsoft.NET.Sdk.StaticWebAssets.targets" from project "E:\Study_project\C#\FoodStreet\FoodStreet\FoodStreetPoiAdmin\FoodStreetPoiAdmin.csproj" (target "ResolveProjectStaticWebAssets" depends on it):
   1:7>Done building target "ResolveStaticWebAssetsConfiguration" in project "FoodStreetPoiAdmin.csproj".
   1:7>Target "UpdateExistingPackageStaticWebAssets" in file "C:\Program Files\dotnet\sdk\10.0.102\Sdks\Microsoft.NET.Sdk.StaticWebAssets\targets\Microsoft.NET.Sdk.StaticWebAssets.targets" from project "E:\Study_project\C#\FoodStreet\FoodStreet\FoodStreetPoiAdmin\FoodStreetPoiAdmin.csproj" (target "ResolveProjectStaticWebAssets" depends on it):
       Using "UpdatePackageStaticWebAssets" task from assembly "C:\Program Files\dotnet\sdk\10.0.102\Sdks\Microsoft.NET.Sdk.StaticWebAssets\targets\..\tasks\net10.0\Microsoft.NET.Sdk.StaticWebAssets.Tasks.dll".
       Task "UpdatePackageStaticWebAssets"
       Done executing task "UpdatePackageStaticWebAssets".
       Using "DefineStaticWebAssetEndpoints" task from assembly "C:\Program Files\dotnet\sdk\10.0.102\Sdks\Microsoft.NET.Sdk.StaticWebAssets\targets\..\tasks\net10.0\Microsoft.NET.Sdk.StaticWebAssets.Tasks.dll".
       Task "DefineStaticWebAssetEndpoints"
       Done executing task "DefineStaticWebAssetEndpoints".
   1:7>Done building target "UpdateExistingPackageStaticWebAssets" in project "FoodStreetPoiAdmin.csproj".
   1:7>Target "ResolveProjectStaticWebAssets" in file "C:\Program Files\dotnet\sdk\10.0.102\Sdks\Microsoft.NET.Sdk.StaticWebAssets\targets\Microsoft.NET.Sdk.StaticWebAssets.targets" from project "E:\Study_project\C#\FoodStreet\FoodStreet\FoodStreetPoiAdmin\FoodStreetPoiAdmin.csproj" (target "AssignTargetPaths" depends on it):
       Using "DefineStaticWebAssets" task from assembly "C:\Program Files\dotnet\sdk\10.0.102\Sdks\Microsoft.NET.Sdk.StaticWebAssets\targets\..\tasks\net10.0\Microsoft.NET.Sdk.StaticWebAssets.Tasks.dll".
       Task "DefineStaticWebAssets"
         Cache is fully up to date.
       Done executing task "DefineStaticWebAssets".
       Task "DefineStaticWebAssetEndpoints"
         Matched poi.html to text/html using pattern *.html
         Matched owner.html to text/html using pattern *.html
         Matched poi.css to text/css using pattern *.css
         Matched monitoring.html to text/html using pattern *.html
         Matched app.js to text/javascript using pattern *.js
         Matched owner.js to text/javascript using pattern *.js
         Matched qr.js to text/javascript using pattern *.js
         Matched list.html to text/html using pattern *.html
         Matched index.html to text/html using pattern *.html
         Matched poi.js to text/javascript using pattern *.js
         Matched list.js to text/javascript using pattern *.js
         Matched monitoring.js to text/javascript using pattern *.js
         Matched qr.html to text/html using pattern *.html
         Adding endpoint poi.css for asset E:\Study_project\C#\FoodStreet\FoodStreet\FoodStreetPoiAdmin\wwwroot\poi.css.
         Adding endpoint owner.js for asset E:\Study_project\C#\FoodStreet\FoodStreet\FoodStreetPoiAdmin\wwwroot\owner.js.
         Adding endpoint list.js for asset E:\Study_project\C#\FoodStreet\FoodStreet\FoodStreetPoiAdmin\wwwroot\list.js.
         Adding endpoint monitoring.html for asset E:\Study_project\C#\FoodStreet\FoodStreet\FoodStreetPoiAdmin\wwwroot\monitoring.html.
         Adding endpoint qr.html for asset E:\Study_project\C#\FoodStreet\FoodStreet\FoodStreetPoiAdmin\wwwroot\qr.html.
         Adding endpoint poi.js for asset E:\Study_project\C#\FoodStreet\FoodStreet\FoodStreetPoiAdmin\wwwroot\poi.js.
         Adding endpoint qr.js for asset E:\Study_project\C#\FoodStreet\FoodStreet\FoodStreetPoiAdmin\wwwroot\qr.js.
         Adding endpoint monitoring.js for asset E:\Study_project\C#\FoodStreet\FoodStreet\FoodStreetPoiAdmin\wwwroot\monitoring.js.
         Adding endpoint app.js for asset E:\Study_project\C#\FoodStreet\FoodStreet\FoodStreetPoiAdmin\wwwroot\app.js.
         Matched poi.js to text/javascript using pattern *.js
         Matched owner.js to text/javascript using pattern *.js
         Matched poi.css to text/css using pattern *.css
         Matched app.js to text/javascript using pattern *.js
         Matched list.js to text/javascript using pattern *.js
         Matched monitoring.js to text/javascript using pattern *.js
         Adding endpoint poi.html for asset E:\Study_project\C#\FoodStreet\FoodStreet\FoodStreetPoiAdmin\wwwroot\poi.html.
         Matched qr.js to text/javascript using pattern *.js
         Adding endpoint list.html for asset E:\Study_project\C#\FoodStreet\FoodStreet\FoodStreetPoiAdmin\wwwroot\list.html.
         Matched monitoring.html to text/html using pattern *.html
         Adding endpoint index.html for asset E:\Study_project\C#\FoodStreet\FoodStreet\FoodStreetPoiAdmin\wwwroot\index.html.
         Matched poi.html to text/html using pattern *.html
         Matched list.html to text/html using pattern *.html
         Matched qr.html to text/html using pattern *.html
         Adding endpoint owner.html for asset E:\Study_project\C#\FoodStreet\FoodStreet\FoodStreetPoiAdmin\wwwroot\owner.html.
         Matched index.html to text/html using pattern *.html
         Matched owner.html to text/html using pattern *.html
         Adding endpoint qr.8gpahxiz5q.js for asset E:\Study_project\C#\FoodStreet\FoodStreet\FoodStreetPoiAdmin\wwwroot\qr.js.
         Adding endpoint poi.j30fg0qp1j.html for asset E:\Study_project\C#\FoodStreet\FoodStreet\FoodStreetPoiAdmin\wwwroot\poi.html.
         Adding endpoint poi.izkazvqd2m.js for asset E:\Study_project\C#\FoodStreet\FoodStreet\FoodStreetPoiAdmin\wwwroot\poi.js.
         Adding endpoint monitoring.6hg8aycvr5.html for asset E:\Study_project\C#\FoodStreet\FoodStreet\FoodStreetPoiAdmin\wwwroot\monitoring.html.
         Adding endpoint monitoring.frkelpvan7.js for asset E:\Study_project\C#\FoodStreet\FoodStreet\FoodStreetPoiAdmin\wwwroot\monitoring.js.
         Adding endpoint qr.cye3ltem6v.html for asset E:\Study_project\C#\FoodStreet\FoodStreet\FoodStreetPoiAdmin\wwwroot\qr.html.
         Adding endpoint index.dkoa6w56gw.html for asset E:\Study_project\C#\FoodStreet\FoodStreet\FoodStreetPoiAdmin\wwwroot\index.html.
         Adding endpoint poi.m8stzhy1a5.css for asset E:\Study_project\C#\FoodStreet\FoodStreet\FoodStreetPoiAdmin\wwwroot\poi.css.
         Adding endpoint list.xopdmp3ur3.js for asset E:\Study_project\C#\FoodStreet\FoodStreet\FoodStreetPoiAdmin\wwwroot\list.js.
         Matched styles.css to text/css using pattern *.css
         Matched uploads/image_x_20260325151335075_623cc0d4064740cba5e1b2116a1fd442.jpg to image/jpeg using pattern *.jpg
         Matched uploads/image_x_20260325154222400_e839e66ba8794dd19dfbf8133403d47a.jpg to image/jpeg using pattern *.jpg
         Adding endpoint styles.css for asset E:\Study_project\C#\FoodStreet\FoodStreet\FoodStreetPoiAdmin\wwwroot\styles.css.
         Matched uploads/image_x_20260330171228864_7f88155b48e740568049ca62e71ba89e.jpg to image/jpeg using pattern *.jpg
         Adding endpoint uploads/image_x_20260325151335075_623cc0d4064740cba5e1b2116a1fd442.jpg for asset E:\Study_project\C#\FoodStreet\FoodStreet\FoodStreetPoiAdmin\wwwroot\uploads\image_x_20260325151335075_623cc0d4064740cba5e1b2116a1fd442.jpg.
         Matched uploads/image_x_20260325093423605_9141e196e93946d3a883bbab2a85e0da.jpg to image/jpeg using pattern *.jpg
         Adding endpoint uploads/image_x_20260325154222400_e839e66ba8794dd19dfbf8133403d47a.jpg for asset E:\Study_project\C#\FoodStreet\FoodStreet\FoodStreetPoiAdmin\wwwroot\uploads\image_x_20260325154222400_e839e66ba8794dd19dfbf8133403d47a.jpg.
         Adding endpoint uploads/image_x_20260330171228864_7f88155b48e740568049ca62e71ba89e.jpg for asset E:\Study_project\C#\FoodStreet\FoodStreet\FoodStreetPoiAdmin\wwwroot\uploads\image_x_20260330171228864_7f88155b48e740568049ca62e71ba89e.jpg.
         Matched styles.css to text/css using pattern *.css
         Matched uploads/image_x_20260325151335075_623cc0d4064740cba5e1b2116a1fd442.jpg to image/jpeg using pattern *.jpg
         Adding endpoint uploads/image_x_20260325093423605_9141e196e93946d3a883bbab2a85e0da.jpg for asset E:\Study_project\C#\FoodStreet\FoodStreet\FoodStreetPoiAdmin\wwwroot\uploads\image_x_20260325093423605_9141e196e93946d3a883bbab2a85e0da.jpg.
         Matched uploads/image_x_20260330171228864_7f88155b48e740568049ca62e71ba89e.jpg to image/jpeg using pattern *.jpg
         Matched uploads/image_x_20260325154222400_e839e66ba8794dd19dfbf8133403d47a.jpg to image/jpeg using pattern *.jpg
         Adding endpoint list.sq0par9t1r.html for asset E:\Study_project\C#\FoodStreet\FoodStreet\FoodStreetPoiAdmin\wwwroot\list.html.
         Matched uploads/image_x_20260325093423605_9141e196e93946d3a883bbab2a85e0da.jpg to image/jpeg using pattern *.jpg
         Adding endpoint uploads/image_x_20260325151335075_623cc0d4064740cba5e1b2116a1fd442.zep1u5o0pm.jpg for asset E:\Study_project\C#\FoodStreet\FoodStreet\FoodStreetPoiAdmin\wwwroot\uploads\image_x_20260325151335075_623cc0d4064740cba5e1b2116a1fd442.jpg.
         Adding endpoint uploads/image_x_20260330171228864_7f88155b48e740568049ca62e71ba89e.4rf72icyyy.jpg for asset E:\Study_project\C#\FoodStreet\FoodStreet\FoodStreetPoiAdmin\wwwroot\uploads\image_x_20260330171228864_7f88155b48e740568049ca62e71ba89e.jpg.
         Adding endpoint uploads/image_x_20260325093423605_9141e196e93946d3a883bbab2a85e0da.o0i1ncgmmh.jpg for asset E:\Study_project\C#\FoodStreet\FoodStreet\FoodStreetPoiAdmin\wwwroot\uploads\image_x_20260325093423605_9141e196e93946d3a883bbab2a85e0da.jpg.
         Adding endpoint styles.l1twyhfz71.css for asset E:\Study_project\C#\FoodStreet\FoodStreet\FoodStreetPoiAdmin\wwwroot\styles.css.
         Adding endpoint uploads/image_x_20260325154222400_e839e66ba8794dd19dfbf8133403d47a.ta7ruj5qt6.jpg for asset E:\Study_project\C#\FoodStreet\FoodStreet\FoodStreetPoiAdmin\wwwroot\uploads\image_x_20260325154222400_e839e66ba8794dd19dfbf8133403d47a.jpg.
         Matched uploads/image_x_20260406155720799_083d4eb92fe34f3fac928b90ddd695bb.jpg to image/jpeg using pattern *.jpg
         Adding endpoint owner.uxudmsngq4.js for asset E:\Study_project\C#\FoodStreet\FoodStreet\FoodStreetPoiAdmin\wwwroot\owner.js.
         Adding endpoint uploads/image_x_20260406155720799_083d4eb92fe34f3fac928b90ddd695bb.jpg for asset E:\Study_project\C#\FoodStreet\FoodStreet\FoodStreetPoiAdmin\wwwroot\uploads\image_x_20260406155720799_083d4eb92fe34f3fac928b90ddd695bb.jpg.
         Adding endpoint owner.ry5y9auqa9.html for asset E:\Study_project\C#\FoodStreet\FoodStreet\FoodStreetPoiAdmin\wwwroot\owner.html.
         Matched uploads/image_x_20260406155720799_083d4eb92fe34f3fac928b90ddd695bb.jpg to image/jpeg using pattern *.jpg
         Adding endpoint uploads/image_x_20260406155720799_083d4eb92fe34f3fac928b90ddd695bb.1pddyvu57a.jpg for asset E:\Study_project\C#\FoodStreet\FoodStreet\FoodStreetPoiAdmin\wwwroot\uploads\image_x_20260406155720799_083d4eb92fe34f3fac928b90ddd695bb.jpg.
         Adding endpoint app.7q20j1m7ro.js for asset E:\Study_project\C#\FoodStreet\FoodStreet\FoodStreetPoiAdmin\wwwroot\app.js.
         Matched uploads/image_x_20260330163819635_b47d75077e514eda87bc0301d05f20f7.jpg to image/jpeg using pattern *.jpg
         Adding endpoint uploads/image_x_20260330163819635_b47d75077e514eda87bc0301d05f20f7.jpg for asset E:\Study_project\C#\FoodStreet\FoodStreet\FoodStreetPoiAdmin\wwwroot\uploads\image_x_20260330163819635_b47d75077e514eda87bc0301d05f20f7.jpg.
         Matched uploads/30cd5b716ec64ee68e637fa74441e266.mp3 to audio/mpeg using pattern *.mp3
         Matched uploads/81dabd0026e84bbfa6df82097dcf7b14.mp3 to audio/mpeg using pattern *.mp3
         Matched uploads/image_x_20260330163819635_b47d75077e514eda87bc0301d05f20f7.jpg to image/jpeg using pattern *.jpg
         Adding endpoint uploads/image_x_20260330163819635_b47d75077e514eda87bc0301d05f20f7.s2hg72kxzy.jpg for asset E:\Study_project\C#\FoodStreet\FoodStreet\FoodStreetPoiAdmin\wwwroot\uploads\image_x_20260330163819635_b47d75077e514eda87bc0301d05f20f7.jpg.
         Adding endpoint uploads/30cd5b716ec64ee68e637fa74441e266.mp3 for asset E:\Study_project\C#\FoodStreet\FoodStreet\FoodStreetPoiAdmin\wwwroot\uploads\30cd5b716ec64ee68e637fa74441e266.mp3.
         Adding endpoint uploads/81dabd0026e84bbfa6df82097dcf7b14.mp3 for asset E:\Study_project\C#\FoodStreet\FoodStreet\FoodStreetPoiAdmin\wwwroot\uploads\81dabd0026e84bbfa6df82097dcf7b14.mp3.
         Matched uploads/30cd5b716ec64ee68e637fa74441e266.mp3 to audio/mpeg using pattern *.mp3
         Adding endpoint uploads/30cd5b716ec64ee68e637fa74441e266.kif63b35k9.mp3 for asset E:\Study_project\C#\FoodStreet\FoodStreet\FoodStreetPoiAdmin\wwwroot\uploads\30cd5b716ec64ee68e637fa74441e266.mp3.
         Matched uploads/81dabd0026e84bbfa6df82097dcf7b14.mp3 to audio/mpeg using pattern *.mp3
         Adding endpoint uploads/81dabd0026e84bbfa6df82097dcf7b14.kif63b35k9.mp3 for asset E:\Study_project\C#\FoodStreet\FoodStreet\FoodStreetPoiAdmin\wwwroot\uploads\81dabd0026e84bbfa6df82097dcf7b14.mp3.
         Assembly loaded during TaskRun (Microsoft.AspNetCore.StaticWebAssets.Tasks.DefineStaticWebAssetEndpoints): System.IO.Pipelines, Version=10.0.0.0, Culture=neutral, PublicKeyToken=cc7b13ffcd2ddd51 (location: C:\Program Files\dotnet\shared\Microsoft.NETCore.App\10.0.2\System.IO.Pipelines.dll, MVID: 6364ad47-1c12-4293-b71f-2e86a37ba80e, AssemblyLoadContext: Default)
       Done executing task "DefineStaticWebAssetEndpoints".
   1:7>Done building target "ResolveProjectStaticWebAssets" in project "FoodStreetPoiAdmin.csproj".
   1:7>Target "AssignTargetPaths" in file "C:\Program Files\dotnet\sdk\10.0.102\Microsoft.Common.CurrentVersion.targets" from project "E:\Study_project\C#\FoodStreet\FoodStreet\FoodStreetPoiAdmin\FoodStreetPoiAdmin.csproj" (target "PrepareResourceNames" depends on it):
       Using "AssignTargetPath" task from assembly "Microsoft.Build.Tasks.Core, Version=15.1.0.0, Culture=neutral, PublicKeyToken=b03f5f7f11d50a3a".
       Task "AssignTargetPath"
       Done executing task "AssignTargetPath".
       Task "AssignTargetPath"
       Done executing task "AssignTargetPath".
       Task "AssignTargetPath"
       Done executing task "AssignTargetPath".
       Task "AssignTargetPath"
       Done executing task "AssignTargetPath".
   1:7>Done building target "AssignTargetPaths" in project "FoodStreetPoiAdmin.csproj".
       Target "AssignTargetPaths" skipped. Previously built successfully.
   1:7>Target "SplitResourcesByCulture" in file "C:\Program Files\dotnet\sdk\10.0.102\Microsoft.Common.CurrentVersion.targets" from project "E:\Study_project\C#\FoodStreet\FoodStreet\FoodStreetPoiAdmin\FoodStreetPoiAdmin.csproj" (target "PrepareResourceNames" depends on it):
       Using "AssignCulture" task from assembly "Microsoft.Build.Tasks.Core, Version=15.1.0.0, Culture=neutral, PublicKeyToken=b03f5f7f11d50a3a".
       Task "AssignCulture"
       Done executing task "AssignCulture".
   1:7>Done building target "SplitResourcesByCulture" in project "FoodStreetPoiAdmin.csproj".
   1:7>Target "CreateCustomManifestResourceNames" in file "C:\Program Files\dotnet\sdk\10.0.102\Microsoft.Common.CurrentVersion.targets" from project "E:\Study_project\C#\FoodStreet\FoodStreet\FoodStreetPoiAdmin\FoodStreetPoiAdmin.csproj" (target "PrepareResourceNames" depends on it):
   1:7>Done building target "CreateCustomManifestResourceNames" in project "FoodStreetPoiAdmin.csproj".
   1:7>Target "PrepareResourceNames" in file "C:\Program Files\dotnet\sdk\10.0.102\Microsoft.Common.CurrentVersion.targets" from project "E:\Study_project\C#\FoodStreet\FoodStreet\FoodStreetPoiAdmin\FoodStreetPoiAdmin.csproj" (target "PrepareResources" depends on it):
   1:7>Done building target "PrepareResourceNames" in project "FoodStreetPoiAdmin.csproj".
       Target "ResolveAssemblyReferences" skipped. Previously built successfully.
       Target "SplitResourcesByCulture" skipped. Previously built successfully.
   1:7>Target "BeforeResGen" in file "C:\Program Files\dotnet\sdk\10.0.102\Microsoft.Common.CurrentVersion.targets" from project "E:\Study_project\C#\FoodStreet\FoodStreet\FoodStreetPoiAdmin\FoodStreetPoiAdmin.csproj" (target "ResGen" depends on it):
   1:7>Done building target "BeforeResGen" in project "FoodStreetPoiAdmin.csproj".
       Target "ResolveReferences" skipped. Previously built successfully.
   1:7>Target "FindReferenceAssembliesForReferences" in file "C:\Program Files\dotnet\sdk\10.0.102\Microsoft.Common.CurrentVersion.targets" from project "E:\Study_project\C#\FoodStreet\FoodStreet\FoodStreetPoiAdmin\FoodStreetPoiAdmin.csproj" (target "CoreResGen" depends on it):
   1:7>Done building target "FindReferenceAssembliesForReferences" in project "FoodStreetPoiAdmin.csproj".
   1:7>Target "CoreResGen" in file "C:\Program Files\dotnet\sdk\10.0.102\Microsoft.Common.CurrentVersion.targets" from project "E:\Study_project\C#\FoodStreet\FoodStreet\FoodStreetPoiAdmin\FoodStreetPoiAdmin.csproj" (target "ResGen" depends on it):
   1:7>Done building target "CoreResGen" in project "FoodStreetPoiAdmin.csproj".
   1:7>Target "AfterResGen" in file "C:\Program Files\dotnet\sdk\10.0.102\Microsoft.Common.CurrentVersion.targets" from project "E:\Study_project\C#\FoodStreet\FoodStreet\FoodStreetPoiAdmin\FoodStreetPoiAdmin.csproj" (target "ResGen" depends on it):
   1:7>Done building target "AfterResGen" in project "FoodStreetPoiAdmin.csproj".
   1:7>Target "ResGen" in file "C:\Program Files\dotnet\sdk\10.0.102\Microsoft.Common.CurrentVersion.targets" from project "E:\Study_project\C#\FoodStreet\FoodStreet\FoodStreetPoiAdmin\FoodStreetPoiAdmin.csproj" (target "PrepareResources" depends on it):
   1:7>Done building target "ResGen" in project "FoodStreetPoiAdmin.csproj".
   1:7>Target "PrepareResources" in file "C:\Program Files\dotnet\sdk\10.0.102\Microsoft.Common.CurrentVersion.targets" from project "E:\Study_project\C#\FoodStreet\FoodStreet\FoodStreetPoiAdmin\FoodStreetPoiAdmin.csproj" (target "CoreBuild" depends on it):
   1:7>Done building target "PrepareResources" in project "FoodStreetPoiAdmin.csproj".
       Target "ResolveReferences" skipped. Previously built successfully.
   1:7>Target "_SetEmbeddedWin32ManifestProperties" in file "C:\Program Files\dotnet\sdk\10.0.102\Microsoft.Common.CurrentVersion.targets" from project "E:\Study_project\C#\FoodStreet\FoodStreet\FoodStreetPoiAdmin\FoodStreetPoiAdmin.csproj" (target "SetWin32ManifestProperties" depends on it):
       Using "GetFrameworkPath" task from assembly "Microsoft.Build.Tasks.Core, Version=15.1.0.0, Culture=neutral, PublicKeyToken=b03f5f7f11d50a3a".
       Task "GetFrameworkPath"
       Done executing task "GetFrameworkPath".
   1:7>Done building target "_SetEmbeddedWin32ManifestProperties" in project "FoodStreetPoiAdmin.csproj".
   1:7>Target "SetWin32ManifestProperties" in file "C:\Program Files\dotnet\sdk\10.0.102\Microsoft.Common.CurrentVersion.targets" from project "E:\Study_project\C#\FoodStreet\FoodStreet\FoodStreetPoiAdmin\FoodStreetPoiAdmin.csproj" (target "Compile" depends on it):
   1:7>Done building target "SetWin32ManifestProperties" in project "FoodStreetPoiAdmin.csproj".
       Target "FindReferenceAssembliesForReferences" skipped. Previously built successfully.
   1:7>Target "_GenerateCompileInputs" in file "C:\Program Files\dotnet\sdk\10.0.102\Microsoft.Common.CurrentVersion.targets" from project "E:\Study_project\C#\FoodStreet\FoodStreet\FoodStreetPoiAdmin\FoodStreetPoiAdmin.csproj" (target "Compile" depends on it):
   1:7>Done building target "_GenerateCompileInputs" in project "FoodStreetPoiAdmin.csproj".
       Target "PrepareForBuild" skipped. Previously built successfully.
   1:7>Target "ResolveRazorConfiguration" in file "C:\Program Files\dotnet\sdk\10.0.102\Sdks\Microsoft.NET.Sdk.Razor\targets\Sdk.Razor.CurrentVersion.targets" from project "E:\Study_project\C#\FoodStreet\FoodStreet\FoodStreetPoiAdmin\FoodStreetPoiAdmin.csproj" (target "PrepareForRazorGenerate" depends on it):
       Using "FindInList" task from assembly "Microsoft.Build.Tasks.Core, Version=15.1.0.0, Culture=neutral, PublicKeyToken=b03f5f7f11d50a3a".
       Task "FindInList"
         Found "MVC-3.0".
       Done executing task "FindInList".
   1:7>Done building target "ResolveRazorConfiguration" in project "FoodStreetPoiAdmin.csproj".
       Target "ResolveRazorGenerateInputs" skipped. Previously built successfully.
   1:7>Target "ResolveScopedCssInputs" in file "C:\Program Files\dotnet\sdk\10.0.102\Sdks\Microsoft.NET.Sdk.StaticWebAssets\targets\Microsoft.NET.Sdk.StaticWebAssets.ScopedCss.targets" from project "E:\Study_project\C#\FoodStreet\FoodStreet\FoodStreetPoiAdmin\FoodStreetPoiAdmin.csproj" (target "ComputeCssScope" depends on it):
       Using "DiscoverDefaultScopedCssItems" task from assembly "C:\Program Files\dotnet\sdk\10.0.102\Sdks\Microsoft.NET.Sdk.StaticWebAssets\targets\..\tasks\net10.0\Microsoft.NET.Sdk.StaticWebAssets.Tasks.dll".
       Task "DiscoverDefaultScopedCssItems"
       Done executing task "DiscoverDefaultScopedCssItems".
   1:7>Done building target "ResolveScopedCssInputs" in project "FoodStreetPoiAdmin.csproj".
   1:7>Target "ComputeCssScope" in file "C:\Program Files\dotnet\sdk\10.0.102\Sdks\Microsoft.NET.Sdk.StaticWebAssets\targets\Microsoft.NET.Sdk.StaticWebAssets.ScopedCss.targets" from project "E:\Study_project\C#\FoodStreet\FoodStreet\FoodStreetPoiAdmin\FoodStreetPoiAdmin.csproj" (target "ResolveCssScopes" depends on it):
       Using "ComputeCssScope" task from assembly "C:\Program Files\dotnet\sdk\10.0.102\Sdks\Microsoft.NET.Sdk.StaticWebAssets\targets\..\tasks\net10.0\Microsoft.NET.Sdk.StaticWebAssets.Tasks.dll".
       Task "ComputeCssScope"
       Done executing task "ComputeCssScope".
   1:7>Done building target "ComputeCssScope" in project "FoodStreetPoiAdmin.csproj".
       Target "ResolveRazorComponentInputs" skipped. Previously built successfully.
       Target "ResolveRazorGenerateInputs" skipped. Previously built successfully.
   1:7>Target "ResolveCssScopes" in file "C:\Program Files\dotnet\sdk\10.0.102\Sdks\Microsoft.NET.Sdk.Razor\targets\Sdk.Razor.CurrentVersion.targets" from project "E:\Study_project\C#\FoodStreet\FoodStreet\FoodStreetPoiAdmin\FoodStreetPoiAdmin.csproj" (target "AssignRazorGenerateTargetPaths" depends on it):
       Using "ApplyCssScopes" task from assembly "C:\Program Files\dotnet\sdk\10.0.102\Sdks\Microsoft.NET.Sdk.StaticWebAssets\targets\..\tasks\net10.0\Microsoft.NET.Sdk.StaticWebAssets.Tasks.dll".
       Task "ApplyCssScopes"
       Done executing task "ApplyCssScopes".
   1:7>Done building target "ResolveCssScopes" in project "FoodStreetPoiAdmin.csproj".
   1:7>Target "_ResolveGeneratedRazorCompileInputs" in file "C:\Program Files\dotnet\sdk\10.0.102\Sdks\Microsoft.NET.Sdk.Razor\targets\Sdk.Razor.CurrentVersion.targets" from project "E:\Study_project\C#\FoodStreet\FoodStreet\FoodStreetPoiAdmin\FoodStreetPoiAdmin.csproj" (target "PrepareForRazorGenerate" depends on it):
   1:7>Done building target "_ResolveGeneratedRazorCompileInputs" in project "FoodStreetPoiAdmin.csproj".
   1:7>Target "PrepareForRazorGenerate" in file "C:\Program Files\dotnet\sdk\10.0.102\Sdks\Microsoft.NET.Sdk.Razor\targets\Sdk.Razor.CurrentVersion.targets" from project "E:\Study_project\C#\FoodStreet\FoodStreet\FoodStreetPoiAdmin\FoodStreetPoiAdmin.csproj" (target "_PrepareRazorSourceGenerators" depends on it):
   1:7>Done building target "PrepareForRazorGenerate" in project "FoodStreetPoiAdmin.csproj".
       Target "ResolveRazorConfiguration" skipped. Previously built successfully.
       Target "ResolveRazorComponentInputs" skipped. Previously built successfully.
   1:7>Target "PrepareForRazorComponentGenerate" in file "C:\Program Files\dotnet\sdk\10.0.102\Sdks\Microsoft.NET.Sdk.Razor\targets\Sdk.Razor.CurrentVersion.targets" from project "E:\Study_project\C#\FoodStreet\FoodStreet\FoodStreetPoiAdmin\FoodStreetPoiAdmin.csproj" (target "_PrepareRazorSourceGenerators" depends on it):
   1:7>Done building target "PrepareForRazorComponentGenerate" in project "FoodStreetPoiAdmin.csproj".
   1:7>Target "_PrepareRazorSourceGenerators" in file "C:\Program Files\dotnet\sdk\10.0.102\Sdks\Microsoft.NET.Sdk.Razor\targets\Microsoft.NET.Sdk.Razor.SourceGenerators.targets" from project "E:\Study_project\C#\FoodStreet\FoodStreet\FoodStreetPoiAdmin\FoodStreetPoiAdmin.csproj" (target "GenerateMSBuildEditorConfigFileShouldRun" depends on it):
       Using "EncodeRazorInputItem" task from assembly "C:\Program Files\dotnet\sdk\10.0.102\Sdks\Microsoft.NET.Sdk.Razor\targets\..\tasks\net10.0\Microsoft.NET.Sdk.Razor.Tasks.dll".
       Task "EncodeRazorInputItem"
       Done executing task "EncodeRazorInputItem".
   1:7>Done building target "_PrepareRazorSourceGenerators" in project "FoodStreetPoiAdmin.csproj".
   1:7>Target "GenerateMSBuildEditorConfigFileShouldRun" in file "C:\Program Files\dotnet\sdk\10.0.102\Roslyn\Microsoft.Managed.Core.targets" from project "E:\Study_project\C#\FoodStreet\FoodStreet\FoodStreetPoiAdmin\FoodStreetPoiAdmin.csproj" (target "GenerateMSBuildEditorConfigFile" depends on it):
   1:7>Done building target "GenerateMSBuildEditorConfigFileShouldRun" in project "FoodStreetPoiAdmin.csproj".
   1:7>Target "AddGlobalAnalyzerConfigForPackage_MicrosoftCodeAnalysisCSharpCodeStyle" in file "C:\Program Files\dotnet\sdk\10.0.102\Sdks\Microsoft.NET.Sdk\codestyle\cs\build\Microsoft.CodeAnalysis.CSharp.CodeStyle.targets" from project "E:\Study_project\C#\FoodStreet\FoodStreet\FoodStreetPoiAdmin\FoodStreetPoiAdmin.csproj" (target "GenerateMSBuildEditorConfigFileCore" depends on it):
   1:7>Done building target "AddGlobalAnalyzerConfigForPackage_MicrosoftCodeAnalysisCSharpCodeStyle" in project "FoodStreetPoiAdmin.csproj".
   1:7>Target "GenerateMSBuildEditorConfigFileCore" in file "C:\Program Files\dotnet\sdk\10.0.102\Roslyn\Microsoft.Managed.Core.targets" from project "E:\Study_project\C#\FoodStreet\FoodStreet\FoodStreetPoiAdmin\FoodStreetPoiAdmin.csproj" (target "GenerateMSBuildEditorConfigFile" depends on it):
       Building target "GenerateMSBuildEditorConfigFileCore" completely.
       No input files were specified.
       Using "GenerateMSBuildEditorConfig" task from assembly "C:\Program Files\dotnet\sdk\10.0.102\Sdks\Microsoft.NET.Sdk\targets\..\..\..\Roslyn\Microsoft.Build.Tasks.CodeAnalysis.dll".
       Task "GenerateMSBuildEditorConfig"
       Done executing task "GenerateMSBuildEditorConfig".
   1:7>Done building target "GenerateMSBuildEditorConfigFileCore" in project "FoodStreetPoiAdmin.csproj".
   1:7>Target "GenerateMSBuildEditorConfigFile" in file "C:\Program Files\dotnet\sdk\10.0.102\Roslyn\Microsoft.Managed.Core.targets" from project "E:\Study_project\C#\FoodStreet\FoodStreet\FoodStreetPoiAdmin\FoodStreetPoiAdmin.csproj" (target "BeforeCompile" depends on it):
   1:7>Done building target "GenerateMSBuildEditorConfigFile" in project "FoodStreetPoiAdmin.csproj".
       Target "PrepareForBuild" skipped. Previously built successfully.
       Target "GetReferenceAssemblyPaths" skipped. Previously built successfully.
   1:7>Target "_SetTargetFrameworkMonikerAttribute" in file "C:\Program Files\dotnet\sdk\10.0.102\Microsoft.CSharp.CurrentVersion.targets" from project "E:\Study_project\C#\FoodStreet\FoodStreet\FoodStreetPoiAdmin\FoodStreetPoiAdmin.csproj" (target "GenerateTargetFrameworkMonikerAttribute" depends on it):
   1:7>Done building target "_SetTargetFrameworkMonikerAttribute" in project "FoodStreetPoiAdmin.csproj".
   1:7>Target "GenerateTargetFrameworkMonikerAttribute" in file "C:\Program Files\dotnet\sdk\10.0.102\Microsoft.Common.CurrentVersion.targets" from project "E:\Study_project\C#\FoodStreet\FoodStreet\FoodStreetPoiAdmin\FoodStreetPoiAdmin.csproj" (target "BeforeCompile" depends on it):
       Skipping target "GenerateTargetFrameworkMonikerAttribute" because all output files are up-to-date with respect to the input files.
       Input files: C:\Program Files\dotnet\sdk\10.0.102\Microsoft.Common.targets
       Output files: obj\Debug\net10.0\.NETCoreApp,Version=v10.0.AssemblyAttributes.cs
   1:7>Done building target "GenerateTargetFrameworkMonikerAttribute" in project "FoodStreetPoiAdmin.csproj".
       Target "PrepareForBuild" skipped. Previously built successfully.
   1:7>Target "GetAssemblyVersion" in file "C:\Program Files\dotnet\sdk\10.0.102\Sdks\Microsoft.NET.Sdk\targets\Microsoft.NET.GenerateAssemblyInfo.targets" from project "E:\Study_project\C#\FoodStreet\FoodStreet\FoodStreetPoiAdmin\FoodStreetPoiAdmin.csproj" (target "GetAssemblyAttributes" depends on it):
       Using "GetAssemblyVersion" task from assembly "C:\Program Files\dotnet\sdk\10.0.102\Sdks\Microsoft.NET.Sdk\targets\..\tools\net10.0\Microsoft.NET.Build.Tasks.dll".
       Task "GetAssemblyVersion"
       Done executing task "GetAssemblyVersion".
   1:7>Done building target "GetAssemblyVersion" in project "FoodStreetPoiAdmin.csproj".
   1:7>Target "InitializeSourceControlInformationFromSourceControlManager" in file "C:\Program Files\dotnet\sdk\10.0.102\Sdks\Microsoft.Build.Tasks.Git\build\Microsoft.Build.Tasks.Git.targets" from project "E:\Study_project\C#\FoodStreet\FoodStreet\FoodStreetPoiAdmin\FoodStreetPoiAdmin.csproj" (target "_InitializeSourceControlInformationFromSourceControlManager" depends on it):
       Using "Microsoft.Build.Tasks.Git.LocateRepository" task from assembly "C:\Program Files\dotnet\sdk\10.0.102\Sdks\Microsoft.Build.Tasks.Git\build\..\tools\net\Microsoft.Build.Tasks.Git.dll".
       Task "Microsoft.Build.Tasks.Git.LocateRepository"
         SourceLink: Repository instance not found in cache: '*:E:\Study_project\C#\FoodStreet\FoodStreet\.git'
       Done executing task "Microsoft.Build.Tasks.Git.LocateRepository".
   1:7>Done building target "InitializeSourceControlInformationFromSourceControlManager" in project "FoodStreetPoiAdmin.csproj".
   1:7>Target "_SourceLinkHasSingleProvider" in file "C:\Program Files\dotnet\sdk\10.0.102\Sdks\Microsoft.SourceLink.Common\build\InitializeSourceControlInformation.targets" from project "E:\Study_project\C#\FoodStreet\FoodStreet\FoodStreetPoiAdmin\FoodStreetPoiAdmin.csproj" (target "_InitializeSourceControlInformationFromSourceControlManager" depends on it):
       Assembly loaded during TaskRun: Microsoft.SourceLink.Common, Version=10.0.13.11305, Culture=neutral, PublicKeyToken=31bf3856ad364e35 (location: C:\Program Files\dotnet\sdk\10.0.102\Sdks\Microsoft.SourceLink.Common\tools\net\Microsoft.SourceLink.Common.dll, MVID: 7f1f79ac-c9d6-4bda-9329-d23f33d1d5bb, AssemblyLoadContext: MSBuild plugin C:\Program Files\dotnet\sdk\10.0.102\Sdks\Microsoft.SourceLink.Common\tools\net\Microsoft.SourceLink.Common.dll)
       Using "Microsoft.SourceLink.Common.SourceLinkHasSingleProvider" task from assembly "C:\Program Files\dotnet\sdk\10.0.102\Sdks\Microsoft.SourceLink.Common\build\..\tools\net\Microsoft.SourceLink.Common.dll".
       Task "Microsoft.SourceLink.Common.SourceLinkHasSingleProvider"
       Done executing task "Microsoft.SourceLink.Common.SourceLinkHasSingleProvider".
   1:7>Done building target "_SourceLinkHasSingleProvider" in project "FoodStreetPoiAdmin.csproj".
   1:7>Target "TranslateGitHubUrlsInSourceControlInformation" in file "C:\Program Files\dotnet\sdk\10.0.102\Sdks\Microsoft.SourceLink.GitHub\build\Microsoft.SourceLink.GitHub.targets" from project "E:\Study_project\C#\FoodStreet\FoodStreet\FoodStreetPoiAdmin\FoodStreetPoiAdmin.csproj" (target "_InitializeSourceControlInformationFromSourceControlManager" depends on it):
       Assembly loaded during TaskRun: Microsoft.SourceLink.GitHub, Version=10.0.13.11305, Culture=neutral, PublicKeyToken=31bf3856ad364e35 (location: C:\Program Files\dotnet\sdk\10.0.102\Sdks\Microsoft.SourceLink.GitHub\tools\net\Microsoft.SourceLink.GitHub.dll, MVID: c705db65-42cb-4860-bae2-d3e20d3017cd, AssemblyLoadContext: MSBuild plugin C:\Program Files\dotnet\sdk\10.0.102\Sdks\Microsoft.SourceLink.GitHub\tools\net\Microsoft.SourceLink.GitHub.dll)
       Using "Microsoft.SourceLink.GitHub.TranslateRepositoryUrls" task from assembly "C:\Program Files\dotnet\sdk\10.0.102\Sdks\Microsoft.SourceLink.GitHub\build\..\tools\net\Microsoft.SourceLink.GitHub.dll".
       Task "Microsoft.SourceLink.GitHub.TranslateRepositoryUrls"
       Done executing task "Microsoft.SourceLink.GitHub.TranslateRepositoryUrls".
   1:7>Done building target "TranslateGitHubUrlsInSourceControlInformation" in project "FoodStreetPoiAdmin.csproj".
   1:7>Target "TranslateGitLabUrlsInSourceControlInformation" in file "C:\Program Files\dotnet\sdk\10.0.102\Sdks\Microsoft.SourceLink.GitLab\build\Microsoft.SourceLink.GitLab.targets" from project "E:\Study_project\C#\FoodStreet\FoodStreet\FoodStreetPoiAdmin\FoodStreetPoiAdmin.csproj" (target "_InitializeSourceControlInformationFromSourceControlManager" depends on it):
       Assembly loaded during TaskRun: Microsoft.SourceLink.GitLab, Version=10.0.13.11305, Culture=neutral, PublicKeyToken=31bf3856ad364e35 (location: C:\Program Files\dotnet\sdk\10.0.102\Sdks\Microsoft.SourceLink.GitLab\tools\net\Microsoft.SourceLink.GitLab.dll, MVID: 8ec43ade-a5cb-4c4c-b059-44573e446574, AssemblyLoadContext: MSBuild plugin C:\Program Files\dotnet\sdk\10.0.102\Sdks\Microsoft.SourceLink.GitLab\tools\net\Microsoft.SourceLink.GitLab.dll)
       Using "Microsoft.SourceLink.GitLab.TranslateRepositoryUrls" task from assembly "C:\Program Files\dotnet\sdk\10.0.102\Sdks\Microsoft.SourceLink.GitLab\build\..\tools\net\Microsoft.SourceLink.GitLab.dll".
       Task "Microsoft.SourceLink.GitLab.TranslateRepositoryUrls"
       Done executing task "Microsoft.SourceLink.GitLab.TranslateRepositoryUrls".
   1:7>Done building target "TranslateGitLabUrlsInSourceControlInformation" in project "FoodStreetPoiAdmin.csproj".
   1:7>Target "TranslateAzureReposGitUrlsInSourceControlInformation" in file "C:\Program Files\dotnet\sdk\10.0.102\Sdks\Microsoft.SourceLink.AzureRepos.Git\build\Microsoft.SourceLink.AzureRepos.Git.targets" from project "E:\Study_project\C#\FoodStreet\FoodStreet\FoodStreetPoiAdmin\FoodStreetPoiAdmin.csproj" (target "_InitializeSourceControlInformationFromSourceControlManager" depends on it):
       Assembly loaded during TaskRun: Microsoft.SourceLink.AzureRepos.Git, Version=10.0.13.11305, Culture=neutral, PublicKeyToken=31bf3856ad364e35 (location: C:\Program Files\dotnet\sdk\10.0.102\Sdks\Microsoft.SourceLink.AzureRepos.Git\tools\net\Microsoft.SourceLink.AzureRepos.Git.dll, MVID: 79ea30c2-360a-4364-9d01-f9eca1d9b7f3, AssemblyLoadContext: MSBuild plugin C:\Program Files\dotnet\sdk\10.0.102\Sdks\Microsoft.SourceLink.AzureRepos.Git\tools\net\Microsoft.SourceLink.AzureRepos.Git.dll)
       Using "Microsoft.SourceLink.AzureRepos.Git.TranslateRepositoryUrls" task from assembly "C:\Program Files\dotnet\sdk\10.0.102\Sdks\Microsoft.SourceLink.AzureRepos.Git\build\..\tools\net\Microsoft.SourceLink.AzureRepos.Git.dll".
       Task "Microsoft.SourceLink.AzureRepos.Git.TranslateRepositoryUrls"
       Done executing task "Microsoft.SourceLink.AzureRepos.Git.TranslateRepositoryUrls".
   1:7>Done building target "TranslateAzureReposGitUrlsInSourceControlInformation" in project "FoodStreetPoiAdmin.csproj".
   1:7>Target "TranslateBitbucketGitUrlsInSourceControlInformation" in file "C:\Program Files\dotnet\sdk\10.0.102\Sdks\Microsoft.SourceLink.Bitbucket.Git\build\Microsoft.SourceLink.Bitbucket.Git.targets" from project "E:\Study_project\C#\FoodStreet\FoodStreet\FoodStreetPoiAdmin\FoodStreetPoiAdmin.csproj" (target "_InitializeSourceControlInformationFromSourceControlManager" depends on it):
       Assembly loaded during TaskRun: Microsoft.SourceLink.Bitbucket.Git, Version=10.0.13.11305, Culture=neutral, PublicKeyToken=31bf3856ad364e35 (location: C:\Program Files\dotnet\sdk\10.0.102\Sdks\Microsoft.SourceLink.Bitbucket.Git\tools\net\Microsoft.SourceLink.Bitbucket.Git.dll, MVID: 45aebbdf-90a2-4114-b111-5c5a964b00af, AssemblyLoadContext: MSBuild plugin C:\Program Files\dotnet\sdk\10.0.102\Sdks\Microsoft.SourceLink.Bitbucket.Git\tools\net\Microsoft.SourceLink.Bitbucket.Git.dll)
       Using "Microsoft.SourceLink.Bitbucket.Git.TranslateRepositoryUrls" task from assembly "C:\Program Files\dotnet\sdk\10.0.102\Sdks\Microsoft.SourceLink.Bitbucket.Git\build\..\tools\net\Microsoft.SourceLink.Bitbucket.Git.dll".
       Task "Microsoft.SourceLink.Bitbucket.Git.TranslateRepositoryUrls"
       Done executing task "Microsoft.SourceLink.Bitbucket.Git.TranslateRepositoryUrls".
   1:7>Done building target "TranslateBitbucketGitUrlsInSourceControlInformation" in project "FoodStreetPoiAdmin.csproj".
   1:7>Target "SourceControlManagerPublishTranslatedUrls" in file "C:\Program Files\dotnet\sdk\10.0.102\Sdks\Microsoft.SourceLink.Common\build\InitializeSourceControlInformation.targets" from project "E:\Study_project\C#\FoodStreet\FoodStreet\FoodStreetPoiAdmin\FoodStreetPoiAdmin.csproj" (target "_InitializeSourceControlInformationFromSourceControlManager" depends on it):
   1:7>Done building target "SourceControlManagerPublishTranslatedUrls" in project "FoodStreetPoiAdmin.csproj".
   1:7>Target "_InitializeSourceControlInformationFromSourceControlManager" in file "C:\Program Files\dotnet\sdk\10.0.102\Sdks\Microsoft.SourceLink.Common\build\InitializeSourceControlInformation.targets" from project "E:\Study_project\C#\FoodStreet\FoodStreet\FoodStreetPoiAdmin\FoodStreetPoiAdmin.csproj" (target "InitializeSourceControlInformation" depends on it):
   1:7>Done building target "_InitializeSourceControlInformationFromSourceControlManager" in project "FoodStreetPoiAdmin.csproj".
   1:7>Target "InitializeSourceControlInformation" in file "C:\Program Files\dotnet\sdk\10.0.102\Microsoft.Common.CurrentVersion.targets" from project "E:\Study_project\C#\FoodStreet\FoodStreet\FoodStreetPoiAdmin\FoodStreetPoiAdmin.csproj" (target "GetAssemblyAttributes" depends on it):
   1:7>Done building target "InitializeSourceControlInformation" in project "FoodStreetPoiAdmin.csproj".
       Target "GetAssemblyVersion" skipped. Previously built successfully.
       Target "InitializeSourceControlInformation" skipped. Previously built successfully.
   1:7>Target "AddSourceRevisionToInformationalVersion" in file "C:\Program Files\dotnet\sdk\10.0.102\Sdks\Microsoft.NET.Sdk\targets\Microsoft.NET.GenerateAssemblyInfo.targets" from project "E:\Study_project\C#\FoodStreet\FoodStreet\FoodStreetPoiAdmin\FoodStreetPoiAdmin.csproj" (target "GetAssemblyAttributes" depends on it):
       C:\Program Files\dotnet\sdk\10.0.102\Sdks\Microsoft.NET.Sdk\targets\Microsoft.NET.GenerateAssemblyInfo.targets(70,7): message : Property reassignment: $(InformationalVersion)="1.0.0+082c7b82283c836f545cb8504464b1989b5b9503" (previous value: "1.0.0") at C:\Program Files\dotnet\sdk\10.0.102\Sdks\Microsoft.NET.Sdk\targets\Microsoft.NET.GenerateAssemblyInfo.targets (70,7) [E:\Study_project\C#\FoodStreet\FoodStreet\FoodStreetPoiAdmin\FoodStreetPoiAdmin.csproj]
   1:7>Done building target "AddSourceRevisionToInformationalVersion" in project "FoodStreetPoiAdmin.csproj".
   1:7>Target "GetAssemblyAttributes" in file "C:\Program Files\dotnet\sdk\10.0.102\Sdks\Microsoft.NET.Sdk\targets\Microsoft.NET.GenerateAssemblyInfo.targets" from project "E:\Study_project\C#\FoodStreet\FoodStreet\FoodStreetPoiAdmin\FoodStreetPoiAdmin.csproj" (target "CreateGeneratedAssemblyInfoInputsCacheFile" depends on it):
   1:7>Done building target "GetAssemblyAttributes" in project "FoodStreetPoiAdmin.csproj".
   1:7>Target "CreateGeneratedAssemblyInfoInputsCacheFile" in file "C:\Program Files\dotnet\sdk\10.0.102\Sdks\Microsoft.NET.Sdk\targets\Microsoft.NET.GenerateAssemblyInfo.targets" from project "E:\Study_project\C#\FoodStreet\FoodStreet\FoodStreetPoiAdmin\FoodStreetPoiAdmin.csproj" (target "CoreGenerateAssemblyInfo" depends on it):
       Using "Hash" task from assembly "Microsoft.Build.Tasks.Core, Version=15.1.0.0, Culture=neutral, PublicKeyToken=b03f5f7f11d50a3a".
       Task "Hash"
       Done executing task "Hash".
       Task "WriteLinesToFile"
         Skipping write to file "obj\Debug\net10.0\FoodStreetPoiAdmin.AssemblyInfoInputs.cache" because content would not change.
       Done executing task "WriteLinesToFile".
   1:7>Done building target "CreateGeneratedAssemblyInfoInputsCacheFile" in project "FoodStreetPoiAdmin.csproj".
   1:7>Target "CoreGenerateAssemblyInfo" in file "C:\Program Files\dotnet\sdk\10.0.102\Sdks\Microsoft.NET.Sdk\targets\Microsoft.NET.GenerateAssemblyInfo.targets" from project "E:\Study_project\C#\FoodStreet\FoodStreet\FoodStreetPoiAdmin\FoodStreetPoiAdmin.csproj" (target "GenerateAssemblyInfo" depends on it):
       Skipping target "CoreGenerateAssemblyInfo" because all output files are up-to-date with respect to the input files.
       Input files: obj\Debug\net10.0\FoodStreetPoiAdmin.AssemblyInfoInputs.cache
       Output files: obj\Debug\net10.0\FoodStreetPoiAdmin.AssemblyInfo.cs
   1:7>Done building target "CoreGenerateAssemblyInfo" in project "FoodStreetPoiAdmin.csproj".
   1:7>Target "GenerateAssemblyInfo" in file "C:\Program Files\dotnet\sdk\10.0.102\Sdks\Microsoft.NET.Sdk\targets\Microsoft.NET.GenerateAssemblyInfo.targets" from project "E:\Study_project\C#\FoodStreet\FoodStreet\FoodStreetPoiAdmin\FoodStreetPoiAdmin.csproj" (target "BeforeCompile" depends on it):
   1:7>Done building target "GenerateAssemblyInfo" in project "FoodStreetPoiAdmin.csproj".
   1:7>Target "BeforeCompile" in file "C:\Program Files\dotnet\sdk\10.0.102\Microsoft.Common.CurrentVersion.targets" from project "E:\Study_project\C#\FoodStreet\FoodStreet\FoodStreetPoiAdmin\FoodStreetPoiAdmin.csproj" (target "Compile" depends on it):
   1:7>Done building target "BeforeCompile" in project "FoodStreetPoiAdmin.csproj".
       Target "ResolveAssemblyReferences" skipped. Previously built successfully.
       Target "_GenerateCompileInputs" skipped. Previously built successfully.
   1:7>Target "_GenerateCompileDependencyCache" in file "C:\Program Files\dotnet\sdk\10.0.102\Microsoft.Common.CurrentVersion.targets" from project "E:\Study_project\C#\FoodStreet\FoodStreet\FoodStreetPoiAdmin\FoodStreetPoiAdmin.csproj" (target "Compile" depends on it):
       Task "Hash"
       Done executing task "Hash".
       Task "WriteLinesToFile"
         Skipping write to file "obj\Debug\net10.0\FoodStreetPoiAdmin.csproj.CoreCompileInputs.cache" because content would not change.
       Done executing task "WriteLinesToFile".
   1:7>Done building target "_GenerateCompileDependencyCache" in project "FoodStreetPoiAdmin.csproj".
       Target "ResolveAssemblyReferences" skipped. Previously built successfully.
   1:7>Target "_DiscoverMvcApplicationParts" in file "C:\Program Files\dotnet\sdk\10.0.102\Sdks\Microsoft.NET.Sdk.Razor\targets\Microsoft.NET.Sdk.Razor.MvcApplicationPartsDiscovery.targets" from project "E:\Study_project\C#\FoodStreet\FoodStreet\FoodStreetPoiAdmin\FoodStreetPoiAdmin.csproj" (target "CoreCompile" depends on it):
       Skipping target "_DiscoverMvcApplicationParts" because all output files are up-to-date with respect to the input files.
       Input files: 
           E:\Study_project\C#\FoodStreet\FoodStreet\FoodStreetPoiAdmin\obj\project.assets.json
           E:\Study_project\C#\FoodStreet\FoodStreet\FoodStreetPoiAdmin\obj\FoodStreetPoiAdmin.csproj.nuget.g.targets
           C:\Program Files\dotnet\sdk\10.0.102\Current\Microsoft.Common.targets\ImportAfter\Microsoft.TestPlatform.ImportAfter.targets
       Output files: obj\Debug\net10.0\FoodStreetPoiAdmin.MvcApplicationPartsAssemblyInfo.cache
   1:7>Done building target "_DiscoverMvcApplicationParts" in project "FoodStreetPoiAdmin.csproj".
       Target "ResolveRazorGenerateInputs" skipped. Previously built successfully.
   1:7>Target "_ResolveMvcAssemblyAttributes" in file "C:\Program Files\dotnet\sdk\10.0.102\Sdks\Microsoft.NET.Sdk.Razor\targets\Microsoft.NET.Sdk.Razor.Configuration.targets" from project "E:\Study_project\C#\FoodStreet\FoodStreet\FoodStreetPoiAdmin\FoodStreetPoiAdmin.csproj" (target "_GenerateRazorAssemblyInfo" depends on it):
   1:7>Done building target "_ResolveMvcAssemblyAttributes" in project "FoodStreetPoiAdmin.csproj".
       Target "PrepareForBuild" skipped. Previously built successfully.
   1:7>Target "_GenerateRazorAssemblyInfo" in file "C:\Program Files\dotnet\sdk\10.0.102\Sdks\Microsoft.NET.Sdk.Razor\targets\Microsoft.NET.Sdk.Razor.GenerateAssemblyInfo.targets" from project "E:\Study_project\C#\FoodStreet\FoodStreet\FoodStreetPoiAdmin\FoodStreetPoiAdmin.csproj" (target "CoreCompile" depends on it):
   1:7>Done building target "_GenerateRazorAssemblyInfo" in project "FoodStreetPoiAdmin.csproj".
   1:7>Target "_BeforeVBCSCoreCompile" in file "C:\Program Files\dotnet\sdk\10.0.102\Roslyn\Microsoft.Managed.Core.targets" from project "E:\Study_project\C#\FoodStreet\FoodStreet\FoodStreetPoiAdmin\FoodStreetPoiAdmin.csproj" (target "CoreCompile" depends on it):
   1:7>Done building target "_BeforeVBCSCoreCompile" in project "FoodStreetPoiAdmin.csproj".
   1:7>Target "_ComputeSkipAnalyzers" in file "C:\Program Files\dotnet\sdk\10.0.102\Roslyn\Microsoft.Managed.Core.targets" from project "E:\Study_project\C#\FoodStreet\FoodStreet\FoodStreetPoiAdmin\FoodStreetPoiAdmin.csproj" (target "CoreCompile" depends on it):
   1:7>Done building target "_ComputeSkipAnalyzers" in project "FoodStreetPoiAdmin.csproj".
       Target "BeforeCompile" skipped. Previously built successfully.
       Target "InitializeSourceControlInformationFromSourceControlManager" skipped. Previously built successfully.
   1:7>Target "SetEmbeddedFilesFromSourceControlManagerUntrackedFiles" in file "C:\Program Files\dotnet\sdk\10.0.102\Sdks\Microsoft.Build.Tasks.Git\build\Microsoft.Build.Tasks.Git.targets" from project "E:\Study_project\C#\FoodStreet\FoodStreet\FoodStreetPoiAdmin\FoodStreetPoiAdmin.csproj" (target "_SetEmbeddedFilesFromSourceControlManagerUntrackedFiles" depends on it):
       Using "Microsoft.Build.Tasks.Git.GetUntrackedFiles" task from assembly "C:\Program Files\dotnet\sdk\10.0.102\Sdks\Microsoft.Build.Tasks.Git\build\..\tools\net\Microsoft.Build.Tasks.Git.dll".
       Task "Microsoft.Build.Tasks.Git.GetUntrackedFiles"
         SourceLink: Reusing cached git repository information.
       Done executing task "Microsoft.Build.Tasks.Git.GetUntrackedFiles".
   1:7>Done building target "SetEmbeddedFilesFromSourceControlManagerUntrackedFiles" in project "FoodStreetPoiAdmin.csproj".
   1:7>Target "_SetEmbeddedFilesFromSourceControlManagerUntrackedFiles" in file "C:\Program Files\dotnet\sdk\10.0.102\Sdks\Microsoft.SourceLink.Common\build\Microsoft.SourceLink.Common.targets" from project "E:\Study_project\C#\FoodStreet\FoodStreet\FoodStreetPoiAdmin\FoodStreetPoiAdmin.csproj" (target "CoreCompile" depends on it):
   1:7>Done building target "_SetEmbeddedFilesFromSourceControlManagerUntrackedFiles" in project "FoodStreetPoiAdmin.csproj".
       Target "InitializeSourceControlInformation" skipped. Previously built successfully.
   1:7>Target "_SetSourceLinkFilePath" in file "C:\Program Files\dotnet\sdk\10.0.102\Sdks\Microsoft.SourceLink.Common\build\Microsoft.SourceLink.Common.targets" from project "E:\Study_project\C#\FoodStreet\FoodStreet\FoodStreetPoiAdmin\FoodStreetPoiAdmin.csproj" (target "_GenerateSourceLinkFile" depends on it):
   1:7>Done building target "_SetSourceLinkFilePath" in project "FoodStreetPoiAdmin.csproj".
       Target "InitializeSourceControlInformation" skipped. Previously built successfully.
   1:7>Target "_InitializeSourceRootMappedPathsFromSourceControl" in file "C:\Program Files\dotnet\sdk\10.0.102\Roslyn\Microsoft.Managed.Core.targets" from project "E:\Study_project\C#\FoodStreet\FoodStreet\FoodStreetPoiAdmin\FoodStreetPoiAdmin.csproj" (target "InitializeSourceRootMappedPaths" depends on it):
   1:7>Done building target "_InitializeSourceRootMappedPathsFromSourceControl" in project "FoodStreetPoiAdmin.csproj".
   1:7>Target "InitializeSourceRootMappedPaths" in file "C:\Program Files\dotnet\sdk\10.0.102\Roslyn\Microsoft.Managed.Core.targets" from project "E:\Study_project\C#\FoodStreet\FoodStreet\FoodStreetPoiAdmin\FoodStreetPoiAdmin.csproj" (target "_InitializeSourceRootMappedPathsOpt" depends on it):
       Using "Microsoft.CodeAnalysis.BuildTasks.MapSourceRoots" task from assembly "C:\Program Files\dotnet\sdk\10.0.102\Sdks\Microsoft.NET.Sdk\targets\..\..\..\Roslyn\Microsoft.Build.Tasks.CodeAnalysis.dll".
       Task "Microsoft.CodeAnalysis.BuildTasks.MapSourceRoots"
       Done executing task "Microsoft.CodeAnalysis.BuildTasks.MapSourceRoots".
   1:7>Done building target "InitializeSourceRootMappedPaths" in project "FoodStreetPoiAdmin.csproj".
   1:7>Target "_InitializeSourceRootMappedPathsOpt" in file "C:\Program Files\dotnet\sdk\10.0.102\Sdks\Microsoft.SourceLink.Common\build\Microsoft.SourceLink.Common.targets" from project "E:\Study_project\C#\FoodStreet\FoodStreet\FoodStreetPoiAdmin\FoodStreetPoiAdmin.csproj" (target "_GenerateSourceLinkFile" depends on it):
   1:7>Done building target "_InitializeSourceRootMappedPathsOpt" in project "FoodStreetPoiAdmin.csproj".
   1:7>Target "_InitializeGitHubSourceLinkUrl" in file "C:\Program Files\dotnet\sdk\10.0.102\Sdks\Microsoft.SourceLink.GitHub\build\Microsoft.SourceLink.GitHub.targets" from project "E:\Study_project\C#\FoodStreet\FoodStreet\FoodStreetPoiAdmin\FoodStreetPoiAdmin.csproj" (target "_GenerateSourceLinkFile" depends on it):
       Building target "_InitializeGitHubSourceLinkUrl" completely.
       No input files were specified.
       Using "Microsoft.SourceLink.GitHub.GetSourceLinkUrl" task from assembly "C:\Program Files\dotnet\sdk\10.0.102\Sdks\Microsoft.SourceLink.GitHub\build\..\tools\net\Microsoft.SourceLink.GitHub.dll".
       Task "Microsoft.SourceLink.GitHub.GetSourceLinkUrl"
       Done executing task "Microsoft.SourceLink.GitHub.GetSourceLinkUrl".
   1:7>Done building target "_InitializeGitHubSourceLinkUrl" in project "FoodStreetPoiAdmin.csproj".
   1:7>Target "_InitializeGitHubSourceLinkUrl" in file "C:\Program Files\dotnet\sdk\10.0.102\Sdks\Microsoft.SourceLink.GitHub\build\Microsoft.SourceLink.GitHub.targets" from project "E:\Study_project\C#\FoodStreet\FoodStreet\FoodStreetPoiAdmin\FoodStreetPoiAdmin.csproj" (target "_GenerateSourceLinkFile" depends on it):
       Building target "_InitializeGitHubSourceLinkUrl" completely.
       No input files were specified.
       Task "Microsoft.SourceLink.GitHub.GetSourceLinkUrl"
       Done executing task "Microsoft.SourceLink.GitHub.GetSourceLinkUrl".
   1:7>Done building target "_InitializeGitHubSourceLinkUrl" in project "FoodStreetPoiAdmin.csproj".
   1:7>Target "_InitializeGitLabSourceLinkUrl" in file "C:\Program Files\dotnet\sdk\10.0.102\Sdks\Microsoft.SourceLink.GitLab\build\Microsoft.SourceLink.GitLab.targets" from project "E:\Study_project\C#\FoodStreet\FoodStreet\FoodStreetPoiAdmin\FoodStreetPoiAdmin.csproj" (target "_GenerateSourceLinkFile" depends on it):
       Building target "_InitializeGitLabSourceLinkUrl" completely.
       No input files were specified.
       Using "Microsoft.SourceLink.GitLab.GetSourceLinkUrl" task from assembly "C:\Program Files\dotnet\sdk\10.0.102\Sdks\Microsoft.SourceLink.GitLab\build\..\tools\net\Microsoft.SourceLink.GitLab.dll".
       Task "Microsoft.SourceLink.GitLab.GetSourceLinkUrl"
       C:\Program Files\dotnet\sdk\10.0.102\Sdks\Microsoft.SourceLink.GitLab\build\Microsoft.SourceLink.GitLab.targets(37,7): message : Property reassignment: $(_SourceLinkUrlToUpdate)="N/A" (previous value: "https://raw.githubusercontent.com/TinDev16/FoodStreet/082c7b82283c836f545cb8504464b1989b5b9503/*") at C:\Program Files\dotnet\sdk\10.0.102\Sdks\Microsoft.SourceLink.GitLab\build\Microsoft.SourceLink.GitLab.targets (37,7) [E:\Study_project\C#\FoodStreet\FoodStreet\FoodStreetPoiAdmin\FoodStreetPoiAdmin.csproj]
       Done executing task "Microsoft.SourceLink.GitLab.GetSourceLinkUrl".
   1:7>Done building target "_InitializeGitLabSourceLinkUrl" in project "FoodStreetPoiAdmin.csproj".
   1:7>Target "_InitializeGitLabSourceLinkUrl" in file "C:\Program Files\dotnet\sdk\10.0.102\Sdks\Microsoft.SourceLink.GitLab\build\Microsoft.SourceLink.GitLab.targets" from project "E:\Study_project\C#\FoodStreet\FoodStreet\FoodStreetPoiAdmin\FoodStreetPoiAdmin.csproj" (target "_GenerateSourceLinkFile" depends on it):
       Building target "_InitializeGitLabSourceLinkUrl" completely.
       No input files were specified.
       Task "Microsoft.SourceLink.GitLab.GetSourceLinkUrl"
       C:\Program Files\dotnet\sdk\10.0.102\Sdks\Microsoft.SourceLink.GitLab\build\Microsoft.SourceLink.GitLab.targets(37,7): message : Property reassignment: $(_SourceLinkUrlToUpdate)="N/A" (previous value: "https://raw.githubusercontent.com/TinDev16/FoodStreet/082c7b82283c836f545cb8504464b1989b5b9503/*") at C:\Program Files\dotnet\sdk\10.0.102\Sdks\Microsoft.SourceLink.GitLab\build\Microsoft.SourceLink.GitLab.targets (37,7) [E:\Study_project\C#\FoodStreet\FoodStreet\FoodStreetPoiAdmin\FoodStreetPoiAdmin.csproj]
       Done executing task "Microsoft.SourceLink.GitLab.GetSourceLinkUrl".
   1:7>Done building target "_InitializeGitLabSourceLinkUrl" in project "FoodStreetPoiAdmin.csproj".
   1:7>Target "_InitializeAzureReposGitSourceLinkUrl" in file "C:\Program Files\dotnet\sdk\10.0.102\Sdks\Microsoft.SourceLink.AzureRepos.Git\build\Microsoft.SourceLink.AzureRepos.Git.targets" from project "E:\Study_project\C#\FoodStreet\FoodStreet\FoodStreetPoiAdmin\FoodStreetPoiAdmin.csproj" (target "_GenerateSourceLinkFile" depends on it):
       Building target "_InitializeAzureReposGitSourceLinkUrl" completely.
       No input files were specified.
       Using "Microsoft.SourceLink.AzureRepos.Git.GetSourceLinkUrl" task from assembly "C:\Program Files\dotnet\sdk\10.0.102\Sdks\Microsoft.SourceLink.AzureRepos.Git\build\..\tools\net\Microsoft.SourceLink.AzureRepos.Git.dll".
       Task "Microsoft.SourceLink.AzureRepos.Git.GetSourceLinkUrl"
       Done executing task "Microsoft.SourceLink.AzureRepos.Git.GetSourceLinkUrl".
   1:7>Done building target "_InitializeAzureReposGitSourceLinkUrl" in project "FoodStreetPoiAdmin.csproj".
   1:7>Target "_InitializeAzureReposGitSourceLinkUrl" in file "C:\Program Files\dotnet\sdk\10.0.102\Sdks\Microsoft.SourceLink.AzureRepos.Git\build\Microsoft.SourceLink.AzureRepos.Git.targets" from project "E:\Study_project\C#\FoodStreet\FoodStreet\FoodStreetPoiAdmin\FoodStreetPoiAdmin.csproj" (target "_GenerateSourceLinkFile" depends on it):
       Building target "_InitializeAzureReposGitSourceLinkUrl" completely.
       No input files were specified.
       Task "Microsoft.SourceLink.AzureRepos.Git.GetSourceLinkUrl"
       Done executing task "Microsoft.SourceLink.AzureRepos.Git.GetSourceLinkUrl".
   1:7>Done building target "_InitializeAzureReposGitSourceLinkUrl" in project "FoodStreetPoiAdmin.csproj".
   1:7>Target "_InitializeBitbucketGitSourceLinkUrl" in file "C:\Program Files\dotnet\sdk\10.0.102\Sdks\Microsoft.SourceLink.Bitbucket.Git\build\Microsoft.SourceLink.Bitbucket.Git.targets" from project "E:\Study_project\C#\FoodStreet\FoodStreet\FoodStreetPoiAdmin\FoodStreetPoiAdmin.csproj" (target "_GenerateSourceLinkFile" depends on it):
       Building target "_InitializeBitbucketGitSourceLinkUrl" completely.
       No input files were specified.
       Using "Microsoft.SourceLink.Bitbucket.Git.GetSourceLinkUrl" task from assembly "C:\Program Files\dotnet\sdk\10.0.102\Sdks\Microsoft.SourceLink.Bitbucket.Git\build\..\tools\net\Microsoft.SourceLink.Bitbucket.Git.dll".
       Task "Microsoft.SourceLink.Bitbucket.Git.GetSourceLinkUrl"
       Done executing task "Microsoft.SourceLink.Bitbucket.Git.GetSourceLinkUrl".
   1:7>Done building target "_InitializeBitbucketGitSourceLinkUrl" in project "FoodStreetPoiAdmin.csproj".
   1:7>Target "_InitializeBitbucketGitSourceLinkUrl" in file "C:\Program Files\dotnet\sdk\10.0.102\Sdks\Microsoft.SourceLink.Bitbucket.Git\build\Microsoft.SourceLink.Bitbucket.Git.targets" from project "E:\Study_project\C#\FoodStreet\FoodStreet\FoodStreetPoiAdmin\FoodStreetPoiAdmin.csproj" (target "_GenerateSourceLinkFile" depends on it):
       Building target "_InitializeBitbucketGitSourceLinkUrl" completely.
       No input files were specified.
       Task "Microsoft.SourceLink.Bitbucket.Git.GetSourceLinkUrl"
       Done executing task "Microsoft.SourceLink.Bitbucket.Git.GetSourceLinkUrl".
   1:7>Done building target "_InitializeBitbucketGitSourceLinkUrl" in project "FoodStreetPoiAdmin.csproj".
   1:7>Target "_GenerateSourceLinkFile" in file "C:\Program Files\dotnet\sdk\10.0.102\Sdks\Microsoft.SourceLink.Common\build\Microsoft.SourceLink.Common.targets" from project "E:\Study_project\C#\FoodStreet\FoodStreet\FoodStreetPoiAdmin\FoodStreetPoiAdmin.csproj" (target "GenerateSourceLinkFile" depends on it):
       Building target "_GenerateSourceLinkFile" completely.
       No input files were specified.
       Using "Microsoft.SourceLink.Common.GenerateSourceLinkFile" task from assembly "C:\Program Files\dotnet\sdk\10.0.102\Sdks\Microsoft.SourceLink.Common\build\..\tools\net\Microsoft.SourceLink.Common.dll".
       Task "Microsoft.SourceLink.Common.GenerateSourceLinkFile"
         Source Link file 'obj\Debug\net10.0\FoodStreetPoiAdmin.sourcelink.json' is up-to-date.
       Done executing task "Microsoft.SourceLink.Common.GenerateSourceLinkFile".
   1:7>Done building target "_GenerateSourceLinkFile" in project "FoodStreetPoiAdmin.csproj".
   1:7>Target "GenerateSourceLinkFile" in file "C:\Program Files\dotnet\sdk\10.0.102\Sdks\Microsoft.SourceLink.Common\build\Microsoft.SourceLink.Common.targets" from project "E:\Study_project\C#\FoodStreet\FoodStreet\FoodStreetPoiAdmin\FoodStreetPoiAdmin.csproj" (target "CoreCompile" depends on it):
   1:7>Done building target "GenerateSourceLinkFile" in project "FoodStreetPoiAdmin.csproj".
   1:7>Target "AddGlobalAnalyzerConfigForPackage_MicrosoftCodeAnalysisNetAnalyzers" in file "C:\Program Files\dotnet\sdk\10.0.102\Sdks\Microsoft.NET.Sdk\analyzers\build\Microsoft.CodeAnalysis.NetAnalyzers.targets" from project "E:\Study_project\C#\FoodStreet\FoodStreet\FoodStreetPoiAdmin\FoodStreetPoiAdmin.csproj" (target "CoreCompile" depends on it):
   1:7>Done building target "AddGlobalAnalyzerConfigForPackage_MicrosoftCodeAnalysisNetAnalyzers" in project "FoodStreetPoiAdmin.csproj".
   1:7>Target "CoreCompile" in file "C:\Program Files\dotnet\sdk\10.0.102\Roslyn\Microsoft.CSharp.Core.targets" from project "E:\Study_project\C#\FoodStreet\FoodStreet\FoodStreetPoiAdmin\FoodStreetPoiAdmin.csproj" (target "Compile" depends on it):
       Building target "CoreCompile" completely.
       Output file "obj\Debug\net10.0\FoodStreetPoiAdmin.dll" does not exist.
       C:\Program Files\dotnet\sdk\10.0.102\Roslyn\Microsoft.CSharp.Core.targets(66,7): message : Property reassignment: $(NoWarn)="1701;1702;1701;1702" (previous value: "1701;1702") at C:\Program Files\dotnet\sdk\10.0.102\Roslyn\Microsoft.CSharp.Core.targets (66,7) [E:\Study_project\C#\FoodStreet\FoodStreet\FoodStreetPoiAdmin\FoodStreetPoiAdmin.csproj]
       Using "Csc" task from assembly "C:\Program Files\dotnet\sdk\10.0.102\Sdks\Microsoft.NET.Sdk\targets\..\..\..\Roslyn\Microsoft.Build.Tasks.CodeAnalysis.dll".
       Task "Csc"
         Setting DOTNET_ROOT to 'C:\Program Files\dotnet'
         Environment Variables passed to tool:
           DOTNET_ROOT=C:\Program Files\dotnet
         C:\Program Files\dotnet\sdk\10.0.102\Roslyn\bincore\csc.exe /noconfig /unsafe- /checked- /nowarn:1701,1702,1701,1702 /fullpaths /nostdlib+ /errorreport:prompt /warn:10 /define:TRACE;DEBUG;NET;NET10_0;NETCOREAPP;NET5_0_OR_GREATER;NET6_0_OR_GREATER;NET7_0_OR_GREATER;NET8_0_OR_GREATER;NET9_0_OR_GREATER;NET10_0_OR_GREATER;NETCOREAPP1_0_OR_GREATER;NETCOREAPP1_1_OR_GREATER;NETCOREAPP2_0_OR_GREATER;NETCOREAPP2_1_OR_GREATER;NETCOREAPP2_2_OR_GREATER;NETCOREAPP3_0_OR_GREATER;NETCOREAPP3_1_OR_GREATER /highentropyva+ /nullable:enable /reference:C:\Users\lenovo\.nuget\packages\bcrypt.net-next\4.0.3\lib\net6.0\BCrypt.Net-Next.dll /reference:"C:\Program Files\dotnet\packs\Microsoft.AspNetCore.App.Ref\10.0.2\ref\net10.0\Microsoft.AspNetCore.Antiforgery.dll" /reference:"C:\Program Files\dotnet\packs\Microsoft.AspNetCore.App.Ref\10.0.2\ref\net10.0\Microsoft.AspNetCore.Authentication.Abstractions.dll" /reference:"C:\Program Files\dotnet\packs\Microsoft.AspNetCore.App.Ref\10.0.2\ref\net10.0\Microsoft.AspNetCore.Authentication.BearerToken.dll" /reference:"C:\Program Files\dotnet\packs\Microsoft.AspNetCore.App.Ref\10.0.2\ref\net10.0\Microsoft.AspNetCore.Authentication.Cookies.dll" /reference:"C:\Program Files\dotnet\packs\Microsoft.AspNetCore.App.Ref\10.0.2\ref\net10.0\Microsoft.AspNetCore.Authentication.Core.dll" /reference:"C:\Program Files\dotnet\packs\Microsoft.AspNetCore.App.Ref\10.0.2\ref\net10.0\Microsoft.AspNetCore.Authentication.dll" /reference:C:\Users\lenovo\.nuget\packages\microsoft.aspnetcore.authentication.jwtbearer\10.0.0\lib\net10.0\Microsoft.AspNetCore.Authentication.JwtBearer.dll /reference:"C:\Program Files\dotnet\packs\Microsoft.AspNetCore.App.Ref\10.0.2\ref\net10.0\Microsoft.AspNetCore.Authentication.OAuth.dll" /reference:"C:\Program Files\dotnet\packs\Microsoft.AspNetCore.App.Ref\10.0.2\ref\net10.0\Microsoft.AspNetCore.Authorization.dll" /reference:"C:\Program Files\dotnet\packs\Microsoft.AspNetCore.App.Ref\10.0.2\ref\net10.0\Microsoft.AspNetCore.Authorization.Policy.dll" /reference:"C:\Program Files\dotnet\packs\Microsoft.AspNetCore.App.Ref\10.0.2\ref\net10.0\Microsoft.AspNetCore.Components.Authorization.dll" /reference:"C:\Program Files\dotnet\packs\Microsoft.AspNetCore.App.Ref\10.0.2\ref\net10.0\Microsoft.AspNetCore.Components.dll" /reference:"C:\Program Files\dotnet\packs\Microsoft.AspNetCore.App.Ref\10.0.2\ref\net10.0\Microsoft.AspNetCore.Components.Endpoints.dll" /reference:"C:\Program Files\dotnet\packs\Microsoft.AspNetCore.App.Ref\10.0.2\ref\net10.0\Microsoft.AspNetCore.Components.Forms.dll" /reference:"C:\Program Files\dotnet\packs\Microsoft.AspNetCore.App.Ref\10.0.2\ref\net10.0\Microsoft.AspNetCore.Components.Server.dll" /reference:"C:\Program Files\dotnet\packs\Microsoft.AspNetCore.App.Ref\10.0.2\ref\net10.0\Microsoft.AspNetCore.Components.Web.dll" /reference:"C:\Program Files\dotnet\packs\Microsoft.AspNetCore.App.Ref\10.0.2\ref\net10.0\Microsoft.AspNetCore.Connections.Abstractions.dll" /reference:"C:\Program Files\dotnet\packs\Microsoft.AspNetCore.App.Ref\10.0.2\ref\net10.0\Microsoft.AspNetCore.CookiePolicy.dll" /reference:"C:\Program Files\dotnet\packs\Microsoft.AspNetCore.App.Ref\10.0.2\ref\net10.0\Microsoft.AspNetCore.Cors.dll" /reference:"C:\Program Files\dotnet\packs\Microsoft.AspNetCore.App.Ref\10.0.2\ref\net10.0\Microsoft.AspNetCore.Cryptography.Internal.dll" /reference:"C:\Program Files\dotnet\packs\Microsoft.AspNetCore.App.Ref\10.0.2\ref\net10.0\Microsoft.AspNetCore.Cryptography.KeyDerivation.dll" /reference:"C:\Program Files\dotnet\packs\Microsoft.AspNetCore.App.Ref\10.0.2\ref\net10.0\Microsoft.AspNetCore.DataProtection.Abstractions.dll" /reference:"C:\Program Files\dotnet\packs\Microsoft.AspNetCore.App.Ref\10.0.2\ref\net10.0\Microsoft.AspNetCore.DataProtection.dll" /reference:"C:\Program Files\dotnet\packs\Microsoft.AspNetCore.App.Ref\10.0.2\ref\net10.0\Microsoft.AspNetCore.DataProtection.Extensions.dll" /reference:"C:\Program Files\dotnet\packs\Microsoft.AspNetCore.App.Ref\10.0.2\ref\net10.0\Microsoft.AspNetCore.Diagnostics.Abstractions.dll" /reference:"C:\Program Files\dotnet\packs\Microsoft.AspNetCore.App.Ref\10.0.2\ref\net10.0\Microsoft.AspNetCore.Diagnostics.dll" /reference:"C:\Program Files\dotnet\packs\Microsoft.AspNetCore.App.Ref\10.0.2\ref\net10.0\Microsoft.AspNetCore.Diagnostics.HealthChecks.dll" /reference:"C:\Program Files\dotnet\packs\Microsoft.AspNetCore.App.Ref\10.0.2\ref\net10.0\Microsoft.AspNetCore.dll" /reference:"C:\Program Files\dotnet\packs\Microsoft.AspNetCore.App.Ref\10.0.2\ref\net10.0\Microsoft.AspNetCore.HostFiltering.dll" /reference:"C:\Program Files\dotnet\packs\Microsoft.AspNetCore.App.Ref\10.0.2\ref\net10.0\Microsoft.AspNetCore.Hosting.Abstractions.dll" /reference:"C:\Program Files\dotnet\packs\Microsoft.AspNetCore.App.Ref\10.0.2\ref\net10.0\Microsoft.AspNetCore.Hosting.dll" /reference:"C:\Program Files\dotnet\packs\Microsoft.AspNetCore.App.Ref\10.0.2\ref\net10.0\Microsoft.AspNetCore.Hosting.Server.Abstractions.dll" /reference:"C:\Program Files\dotnet\packs\Microsoft.AspNetCore.App.Ref\10.0.2\ref\net10.0\Microsoft.AspNetCore.Html.Abstractions.dll" /reference:"C:\Program Files\dotnet\packs\Microsoft.AspNetCore.App.Ref\10.0.2\ref\net10.0\Microsoft.AspNetCore.Http.Abstractions.dll" /reference:"C:\Program Files\dotnet\packs\Microsoft.AspNetCore.App.Ref\10.0.2\ref\net10.0\Microsoft.AspNetCore.Http.Connections.Common.dll" /reference:"C:\Program Files\dotnet\packs\Microsoft.AspNetCore.App.Ref\10.0.2\ref\net10.0\Microsoft.AspNetCore.Http.Connections.dll" /reference:"C:\Program Files\dotnet\packs\Microsoft.AspNetCore.App.Ref\10.0.2\ref\net10.0\Microsoft.AspNetCore.Http.dll" /reference:"C:\Program Files\dotnet\packs\Microsoft.AspNetCore.App.Ref\10.0.2\ref\net10.0\Microsoft.AspNetCore.Http.Extensions.dll" /reference:"C:\Program Files\dotnet\packs\Microsoft.AspNetCore.App.Ref\10.0.2\ref\net10.0\Microsoft.AspNetCore.Http.Features.dll" /reference:"C:\Program Files\dotnet\packs\Microsoft.AspNetCore.App.Ref\10.0.2\ref\net10.0\Microsoft.AspNetCore.Http.Results.dll" /reference:"C:\Program Files\dotnet\packs\Microsoft.AspNetCore.App.Ref\10.0.2\ref\net10.0\Microsoft.AspNetCore.HttpLogging.dll" /reference:"C:\Program Files\dotnet\packs\Microsoft.AspNetCore.App.Ref\10.0.2\ref\net10.0\Microsoft.AspNetCore.HttpOverrides.dll" /reference:"C:\Program Files\dotnet\packs\Microsoft.AspNetCore.App.Ref\10.0.2\ref\net10.0\Microsoft.AspNetCore.HttpsPolicy.dll" /reference:"C:\Program Files\dotnet\packs\Microsoft.AspNetCore.App.Ref\10.0.2\ref\net10.0\Microsoft.AspNetCore.Identity.dll" /reference:"C:\Program Files\dotnet\packs\Microsoft.AspNetCore.App.Ref\10.0.2\ref\net10.0\Microsoft.AspNetCore.Localization.dll" /reference:"C:\Program Files\dotnet\packs\Microsoft.AspNetCore.App.Ref\10.0.2\ref\net10.0\Microsoft.AspNetCore.Localization.Routing.dll" /reference:"C:\Program Files\dotnet\packs\Microsoft.AspNetCore.App.Ref\10.0.2\ref\net10.0\Microsoft.AspNetCore.Metadata.dll" /reference:"C:\Program Files\dotnet\packs\Microsoft.AspNetCore.App.Ref\10.0.2\ref\net10.0\Microsoft.AspNetCore.Mvc.Abstractions.dll" /reference:"C:\Program Files\dotnet\packs\Microsoft.AspNetCore.App.Ref\10.0.2\ref\net10.0\Microsoft.AspNetCore.Mvc.ApiExplorer.dll" /reference:"C:\Program Files\dotnet\packs\Microsoft.AspNetCore.App.Ref\10.0.2\ref\net10.0\Microsoft.AspNetCore.Mvc.Core.dll" /reference:"C:\Program Files\dotnet\packs\Microsoft.AspNetCore.App.Ref\10.0.2\ref\net10.0\Microsoft.AspNetCore.Mvc.Cors.dll" /reference:"C:\Program Files\dotnet\packs\Microsoft.AspNetCore.App.Ref\10.0.2\ref\net10.0\Microsoft.AspNetCore.Mvc.DataAnnotations.dll" /reference:"C:\Program Files\dotnet\packs\Microsoft.AspNetCore.App.Ref\10.0.2\ref\net10.0\Microsoft.AspNetCore.Mvc.dll" /reference:"C:\Program Files\dotnet\packs\Microsoft.AspNetCore.App.Ref\10.0.2\ref\net10.0\Microsoft.AspNetCore.Mvc.Formatters.Json.dll" /reference:"C:\Program Files\dotnet\packs\Microsoft.AspNetCore.App.Ref\10.0.2\ref\net10.0\Microsoft.AspNetCore.Mvc.Formatters.Xml.dll" /reference:"C:\Program Files\dotnet\packs\Microsoft.AspNetCore.App.Ref\10.0.2\ref\net10.0\Microsoft.AspNetCore.Mvc.Localization.dll" /reference:"C:\Program Files\dotnet\packs\Microsoft.AspNetCore.App.Ref\10.0.2\ref\net10.0\Microsoft.AspNetCore.Mvc.Razor.dll" /reference:"C:\Program Files\dotnet\packs\Microsoft.AspNetCore.App.Ref\10.0.2\ref\net10.0\Microsoft.AspNetCore.Mvc.RazorPages.dll" /reference:"C:\Program Files\dotnet\packs\Microsoft.AspNetCore.App.Ref\10.0.2\ref\net10.0\Microsoft.AspNetCore.Mvc.TagHelpers.dll" /reference:"C:\Program Files\dotnet\packs\Microsoft.AspNetCore.App.Ref\10.0.2\ref\net10.0\Microsoft.AspNetCore.Mvc.ViewFeatures.dll" /reference:"C:\Program Files\dotnet\packs\Microsoft.AspNetCore.App.Ref\10.0.2\ref\net10.0\Microsoft.AspNetCore.OutputCaching.dll" /reference:"C:\Program Files\dotnet\packs\Microsoft.AspNetCore.App.Ref\10.0.2\ref\net10.0\Microsoft.AspNetCore.RateLimiting.dll" /reference:"C:\Program Files\dotnet\packs\Microsoft.AspNetCore.App.Ref\10.0.2\ref\net10.0\Microsoft.AspNetCore.Razor.dll" /reference:"C:\Program Files\dotnet\packs\Microsoft.AspNetCore.App.Ref\10.0.2\ref\net10.0\Microsoft.AspNetCore.Razor.Runtime.dll" /reference:"C:\Program Files\dotnet\packs\Microsoft.AspNetCore.App.Ref\10.0.2\ref\net10.0\Microsoft.AspNetCore.RequestDecompression.dll" /reference:"C:\Program Files\dotnet\packs\Microsoft.AspNetCore.App.Ref\10.0.2\ref\net10.0\Microsoft.AspNetCore.ResponseCaching.Abstractions.dll" /reference:"C:\Program Files\dotnet\packs\Microsoft.AspNetCore.App.Ref\10.0.2\ref\net10.0\Microsoft.AspNetCore.ResponseCaching.dll" /reference:"C:\Program Files\dotnet\packs\Microsoft.AspNetCore.App.Ref\10.0.2\ref\net10.0\Microsoft.AspNetCore.ResponseCompression.dll" /reference:"C:\Program Files\dotnet\packs\Microsoft.AspNetCore.App.Ref\10.0.2\ref\net10.0\Microsoft.AspNetCore.Rewrite.dll" /reference:"C:\Program Files\dotnet\packs\Microsoft.AspNetCore.App.Ref\10.0.2\ref\net10.0\Microsoft.AspNetCore.Routing.Abstractions.dll" /reference:"C:\Program Files\dotnet\packs\Microsoft.AspNetCore.App.Ref\10.0.2\ref\net10.0\Microsoft.AspNetCore.Routing.dll" /reference:"C:\Program Files\dotnet\packs\Microsoft.AspNetCore.App.Ref\10.0.2\ref\net10.0\Microsoft.AspNetCore.Server.HttpSys.dll" /reference:"C:\Program Files\dotnet\packs\Microsoft.AspNetCore.App.Ref\10.0.2\ref\net10.0\Microsoft.AspNetCore.Server.IIS.dll" /reference:"C:\Program Files\dotnet\packs\Microsoft.AspNetCore.App.Ref\10.0.2\ref\net10.0\Microsoft.AspNetCore.Server.IISIntegration.dll" /reference:"C:\Program Files\dotnet\packs\Microsoft.AspNetCore.App.Ref\10.0.2\ref\net10.0\Microsoft.AspNetCore.Server.Kestrel.Core.dll" /reference:"C:\Program Files\dotnet\packs\Microsoft.AspNetCore.App.Ref\10.0.2\ref\net10.0\Microsoft.AspNetCore.Server.Kestrel.dll" /reference:"C:\Program Files\dotnet\packs\Microsoft.AspNetCore.App.Ref\10.0.2\ref\net10.0\Microsoft.AspNetCore.Server.Kestrel.Transport.NamedPipes.dll" /reference:"C:\Program Files\dotnet\packs\Microsoft.AspNetCore.App.Ref\10.0.2\ref\net10.0\Microsoft.AspNetCore.Server.Kestrel.Transport.Quic.dll" /reference:"C:\Program Files\dotnet\packs\Microsoft.AspNetCore.App.Ref\10.0.2\ref\net10.0\Microsoft.AspNetCore.Server.Kestrel.Transport.Sockets.dll" /reference:"C:\Program Files\dotnet\packs\Microsoft.AspNetCore.App.Ref\10.0.2\ref\net10.0\Microsoft.AspNetCore.Session.dll" /reference:"C:\Program Files\dotnet\packs\Microsoft.AspNetCore.App.Ref\10.0.2\ref\net10.0\Microsoft.AspNetCore.SignalR.Common.dll" /reference:"C:\Program Files\dotnet\packs\Microsoft.AspNetCore.App.Ref\10.0.2\ref\net10.0\Microsoft.AspNetCore.SignalR.Core.dll" /reference:"C:\Program Files\dotnet\packs\Microsoft.AspNetCore.App.Ref\10.0.2\ref\net10.0\Microsoft.AspNetCore.SignalR.dll" /reference:"C:\Program Files\dotnet\packs\Microsoft.AspNetCore.App.Ref\10.0.2\ref\net10.0\Microsoft.AspNetCore.SignalR.Protocols.Json.dll" /reference:"C:\Program Files\dotnet\packs\Microsoft.AspNetCore.App.Ref\10.0.2\ref\net10.0\Microsoft.AspNetCore.StaticAssets.dll" /reference:"C:\Program Files\dotnet\packs\Microsoft.AspNetCore.App.Ref\10.0.2\ref\net10.0\Microsoft.AspNetCore.StaticFiles.dll" /reference:"C:\Program Files\dotnet\packs\Microsoft.AspNetCore.App.Ref\10.0.2\ref\net10.0\Microsoft.AspNetCore.WebSockets.dll" /reference:"C:\Program Files\dotnet\packs\Microsoft.AspNetCore.App.Ref\10.0.2\ref\net10.0\Microsoft.AspNetCore.WebUtilities.dll" /reference:"C:\Program Files\dotnet\packs\Microsoft.NETCore.App.Ref\10.0.2\ref\net10.0\Microsoft.CSharp.dll" /reference:C:\Users\lenovo\.nuget\packages\microsoft.data.sqlite.core\10.0.0\lib\net8.0\Microsoft.Data.Sqlite.dll /reference:"C:\Program Files\dotnet\packs\Microsoft.AspNetCore.App.Ref\10.0.2\ref\net10.0\Microsoft.Extensions.Caching.Abstractions.dll" /reference:"C:\Program Files\dotnet\packs\Microsoft.AspNetCore.App.Ref\10.0.2\ref\net10.0\Microsoft.Extensions.Caching.Memory.dll" /reference:"C:\Program Files\dotnet\packs\Microsoft.AspNetCore.App.Ref\10.0.2\ref\net10.0\Microsoft.Extensions.Configuration.Abstractions.dll" /reference:"C:\Program Files\dotnet\packs\Microsoft.AspNetCore.App.Ref\10.0.2\ref\net10.0\Microsoft.Extensions.Configuration.Binder.dll" /reference:"C:\Program Files\dotnet\packs\Microsoft.AspNetCore.App.Ref\10.0.2\ref\net10.0\Microsoft.Extensions.Configuration.CommandLine.dll" /reference:"C:\Program Files\dotnet\packs\Microsoft.AspNetCore.App.Ref\10.0.2\ref\net10.0\Microsoft.Extensions.Configuration.dll" /reference:"C:\Program Files\dotnet\packs\Microsoft.AspNetCore.App.Ref\10.0.2\ref\net10.0\Microsoft.Extensions.Configuration.EnvironmentVariables.dll" /reference:"C:\Program Files\dotnet\packs\Microsoft.AspNetCore.App.Ref\10.0.2\ref\net10.0\Microsoft.Extensions.Configuration.FileExtensions.dll" /reference:"C:\Program Files\dotnet\packs\Microsoft.AspNetCore.App.Ref\10.0.2\ref\net10.0\Microsoft.Extensions.Configuration.Ini.dll" /reference:"C:\Program Files\dotnet\packs\Microsoft.AspNetCore.App.Ref\10.0.2\ref\net10.0\Microsoft.Extensions.Configuration.Json.dll" /reference:"C:\Program Files\dotnet\packs\Microsoft.AspNetCore.App.Ref\10.0.2\ref\net10.0\Microsoft.Extensions.Configuration.KeyPerFile.dll" /reference:"C:\Program Files\dotnet\packs\Microsoft.AspNetCore.App.Ref\10.0.2\ref\net10.0\Microsoft.Extensions.Configuration.UserSecrets.dll" /reference:"C:\Program Files\dotnet\packs\Microsoft.AspNetCore.App.Ref\10.0.2\ref\net10.0\Microsoft.Extensions.Configuration.Xml.dll" /reference:"C:\Program Files\dotnet\packs\Microsoft.AspNetCore.App.Ref\10.0.2\ref\net10.0\Microsoft.Extensions.DependencyInjection.Abstractions.dll" /reference:"C:\Program Files\dotnet\packs\Microsoft.AspNetCore.App.Ref\10.0.2\ref\net10.0\Microsoft.Extensions.DependencyInjection.dll" /reference:"C:\Program Files\dotnet\packs\Microsoft.AspNetCore.App.Ref\10.0.2\ref\net10.0\Microsoft.Extensions.Diagnostics.Abstractions.dll" /reference:"C:\Program Files\dotnet\packs\Microsoft.AspNetCore.App.Ref\10.0.2\ref\net10.0\Microsoft.Extensions.Diagnostics.dll" /reference:"C:\Program Files\dotnet\packs\Microsoft.AspNetCore.App.Ref\10.0.2\ref\net10.0\Microsoft.Extensions.Diagnostics.HealthChecks.Abstractions.dll" /reference:"C:\Program Files\dotnet\packs\Microsoft.AspNetCore.App.Ref\10.0.2\ref\net10.0\Microsoft.Extensions.Diagnostics.HealthChecks.dll" /reference:"C:\Program Files\dotnet\packs\Microsoft.AspNetCore.App.Ref\10.0.2\ref\net10.0\Microsoft.Extensions.Features.dll" /reference:"C:\Program Files\dotnet\packs\Microsoft.AspNetCore.App.Ref\10.0.2\ref\net10.0\Microsoft.Extensions.FileProviders.Abstractions.dll" /reference:"C:\Program Files\dotnet\packs\Microsoft.AspNetCore.App.Ref\10.0.2\ref\net10.0\Microsoft.Extensions.FileProviders.Composite.dll" /reference:"C:\Program Files\dotnet\packs\Microsoft.AspNetCore.App.Ref\10.0.2\ref\net10.0\Microsoft.Extensions.FileProviders.Embedded.dll" /reference:"C:\Program Files\dotnet\packs\Microsoft.AspNetCore.App.Ref\10.0.2\ref\net10.0\Microsoft.Extensions.FileProviders.Physical.dll" /reference:"C:\Program Files\dotnet\packs\Microsoft.AspNetCore.App.Ref\10.0.2\ref\net10.0\Microsoft.Extensions.FileSystemGlobbing.dll" /reference:"C:\Program Files\dotnet\packs\Microsoft.AspNetCore.App.Ref\10.0.2\ref\net10.0\Microsoft.Extensions.Hosting.Abstractions.dll" /reference:"C:\Program Files\dotnet\packs\Microsoft.AspNetCore.App.Ref\10.0.2\ref\net10.0\Microsoft.Extensions.Hosting.dll" /reference:"C:\Program Files\dotnet\packs\Microsoft.AspNetCore.App.Ref\10.0.2\ref\net10.0\Microsoft.Extensions.Http.dll" /reference:"C:\Program Files\dotnet\packs\Microsoft.AspNetCore.App.Ref\10.0.2\ref\net10.0\Microsoft.Extensions.Identity.Core.dll" /reference:"C:\Program Files\dotnet\packs\Microsoft.AspNetCore.App.Ref\10.0.2\ref\net10.0\Microsoft.Extensions.Identity.Stores.dll" /reference:"C:\Program Files\dotnet\packs\Microsoft.AspNetCore.App.Ref\10.0.2\ref\net10.0\Microsoft.Extensions.Localization.Abstractions.dll" /reference:"C:\Program Files\dotnet\packs\Microsoft.AspNetCore.App.Ref\10.0.2\ref\net10.0\Microsoft.Extensions.Localization.dll" /reference:"C:\Program Files\dotnet\packs\Microsoft.AspNetCore.App.Ref\10.0.2\ref\net10.0\Microsoft.Extensions.Logging.Abstractions.dll" /reference:"C:\Program Files\dotnet\packs\Microsoft.AspNetCore.App.Ref\10.0.2\ref\net10.0\Microsoft.Extensions.Logging.Configuration.dll" /reference:"C:\Program Files\dotnet\packs\Microsoft.AspNetCore.App.Ref\10.0.2\ref\net10.0\Microsoft.Extensions.Logging.Console.dll" /reference:"C:\Program Files\dotnet\packs\Microsoft.AspNetCore.App.Ref\10.0.2\ref\net10.0\Microsoft.Extensions.Logging.Debug.dll" /reference:"C:\Program Files\dotnet\packs\Microsoft.AspNetCore.App.Ref\10.0.2\ref\net10.0\Microsoft.Extensions.Logging.dll" /reference:"C:\Program Files\dotnet\packs\Microsoft.AspNetCore.App.Ref\10.0.2\ref\net10.0\Microsoft.Extensions.Logging.EventLog.dll" /reference:"C:\Program Files\dotnet\packs\Microsoft.AspNetCore.App.Ref\10.0.2\ref\net10.0\Microsoft.Extensions.Logging.EventSource.dll" /reference:"C:\Program Files\dotnet\packs\Microsoft.AspNetCore.App.Ref\10.0.2\ref\net10.0\Microsoft.Extensions.Logging.TraceSource.dll" /reference:"C:\Program Files\dotnet\packs\Microsoft.AspNetCore.App.Ref\10.0.2\ref\net10.0\Microsoft.Extensions.ObjectPool.dll" /reference:"C:\Program Files\dotnet\packs\Microsoft.AspNetCore.App.Ref\10.0.2\ref\net10.0\Microsoft.Extensions.Options.ConfigurationExtensions.dll" /reference:"C:\Program Files\dotnet\packs\Microsoft.AspNetCore.App.Ref\10.0.2\ref\net10.0\Microsoft.Extensions.Options.DataAnnotations.dll" /reference:"C:\Program Files\dotnet\packs\Microsoft.AspNetCore.App.Ref\10.0.2\ref\net10.0\Microsoft.Extensions.Options.dll" /reference:"C:\Program Files\dotnet\packs\Microsoft.AspNetCore.App.Ref\10.0.2\ref\net10.0\Microsoft.Extensions.Primitives.dll" /reference:"C:\Program Files\dotnet\packs\Microsoft.AspNetCore.App.Ref\10.0.2\ref\net10.0\Microsoft.Extensions.Validation.dll" /reference:"C:\Program Files\dotnet\packs\Microsoft.AspNetCore.App.Ref\10.0.2\ref\net10.0\Microsoft.Extensions.WebEncoders.dll" /reference:C:\Users\lenovo\.nuget\packages\microsoft.identitymodel.abstractions\8.0.1\lib\net9.0\Microsoft.IdentityModel.Abstractions.dll /reference:C:\Users\lenovo\.nuget\packages\microsoft.identitymodel.jsonwebtokens\8.0.1\lib\net9.0\Microsoft.IdentityModel.JsonWebTokens.dll /reference:C:\Users\lenovo\.nuget\packages\microsoft.identitymodel.logging\8.0.1\lib\net9.0\Microsoft.IdentityModel.Logging.dll /reference:C:\Users\lenovo\.nuget\packages\microsoft.identitymodel.protocols\8.0.1\lib\net9.0\Microsoft.IdentityModel.Protocols.dll /reference:C:\Users\lenovo\.nuget\packages\microsoft.identitymodel.protocols.openidconnect\8.0.1\lib\net9.0\Microsoft.IdentityModel.Protocols.OpenIdConnect.dll /reference:C:\Users\lenovo\.nuget\packages\microsoft.identitymodel.tokens\8.0.1\lib\net9.0\Microsoft.IdentityModel.Tokens.dll /reference:"C:\Program Files\dotnet\packs\Microsoft.AspNetCore.App.Ref\10.0.2\ref\net10.0\Microsoft.JSInterop.dll" /reference:"C:\Program Files\dotnet\packs\Microsoft.AspNetCore.App.Ref\10.0.2\ref\net10.0\Microsoft.Net.Http.Headers.dll" /reference:"C:\Program Files\dotnet\packs\Microsoft.NETCore.App.Ref\10.0.2\ref\net10.0\Microsoft.VisualBasic.Core.dll" /reference:"C:\Program Files\dotnet\packs\Microsoft.NETCore.App.Ref\10.0.2\ref\net10.0\Microsoft.VisualBasic.dll" /reference:"C:\Program Files\dotnet\packs\Microsoft.NETCore.App.Ref\10.0.2\ref\net10.0\Microsoft.Win32.Primitives.dll" /reference:"C:\Program Files\dotnet\packs\Microsoft.NETCore.App.Ref\10.0.2\ref\net10.0\Microsoft.Win32.Registry.dll" /reference:"C:\Program Files\dotnet\packs\Microsoft.NETCore.App.Ref\10.0.2\ref\net10.0\mscorlib.dll" /reference:"C:\Program Files\dotnet\packs\Microsoft.NETCore.App.Ref\10.0.2\ref\net10.0\netstandard.dll" /reference:C:\Users\lenovo\.nuget\packages\sqlitepclraw.bundle_e_sqlite3\2.1.11\lib\netstandard2.0\SQLitePCLRaw.batteries_v2.dll /reference:C:\Users\lenovo\.nuget\packages\sqlitepclraw.core\2.1.11\lib\netstandard2.0\SQLitePCLRaw.core.dll /reference:C:\Users\lenovo\.nuget\packages\sqlitepclraw.provider.e_sqlite3\2.1.11\lib\net6.0\SQLitePCLRaw.provider.e_sqlite3.dll /reference:"C:\Program Files\dotnet\packs\Microsoft.NETCore.App.Ref\10.0.2\ref\net10.0\System.AppContext.dll" /reference:"C:\Program Files\dotnet\packs\Microsoft.NETCore.App.Ref\10.0.2\ref\net10.0\System.Buffers.dll" /reference:"C:\Program Files\dotnet\packs\Microsoft.NETCore.App.Ref\10.0.2\ref\net10.0\System.Collections.Concurrent.dll" /reference:"C:\Program Files\dotnet\packs\Microsoft.NETCore.App.Ref\10.0.2\ref\net10.0\System.Collections.dll" /reference:"C:\Program Files\dotnet\packs\Microsoft.NETCore.App.Ref\10.0.2\ref\net10.0\System.Collections.Immutable.dll" /reference:"C:\Program Files\dotnet\packs\Microsoft.NETCore.App.Ref\10.0.2\ref\net10.0\System.Collections.NonGeneric.dll" /reference:"C:\Program Files\dotnet\packs\Microsoft.NETCore.App.Ref\10.0.2\ref\net10.0\System.Collections.Specialized.dll" /reference:"C:\Program Files\dotnet\packs\Microsoft.NETCore.App.Ref\10.0.2\ref\net10.0\System.ComponentModel.Annotations.dll" /reference:"C:\Program Files\dotnet\packs\Microsoft.NETCore.App.Ref\10.0.2\ref\net10.0\System.ComponentModel.DataAnnotations.dll" /reference:"C:\Program Files\dotnet\packs\Microsoft.NETCore.App.Ref\10.0.2\ref\net10.0\System.ComponentModel.dll" /reference:"C:\Program Files\dotnet\packs\Microsoft.NETCore.App.Ref\10.0.2\ref\net10.0\System.ComponentModel.EventBasedAsync.dll" /reference:"C:\Program Files\dotnet\packs\Microsoft.NETCore.App.Ref\10.0.2\ref\net10.0\System.ComponentModel.Primitives.dll" /reference:"C:\Program Files\dotnet\packs\Microsoft.NETCore.App.Ref\10.0.2\ref\net10.0\System.ComponentModel.TypeConverter.dll" /reference:"C:\Program Files\dotnet\packs\Microsoft.NETCore.App.Ref\10.0.2\ref\net10.0\System.Configuration.dll" /reference:"C:\Program Files\dotnet\packs\Microsoft.NETCore.App.Ref\10.0.2\ref\net10.0\System.Console.dll" /reference:"C:\Program Files\dotnet\packs\Microsoft.NETCore.App.Ref\10.0.2\ref\net10.0\System.Core.dll" /reference:"C:\Program Files\dotnet\packs\Microsoft.NETCore.App.Ref\10.0.2\ref\net10.0\System.Data.Common.dll" /reference:"C:\Program Files\dotnet\packs\Microsoft.NETCore.App.Ref\10.0.2\ref\net10.0\System.Data.DataSetExtensions.dll" /reference:"C:\Program Files\dotnet\packs\Microsoft.NETCore.App.Ref\10.0.2\ref\net10.0\System.Data.dll" /reference:"C:\Program Files\dotnet\packs\Microsoft.NETCore.App.Ref\10.0.2\ref\net10.0\System.Diagnostics.Contracts.dll" /reference:"C:\Program Files\dotnet\packs\Microsoft.NETCore.App.Ref\10.0.2\ref\net10.0\System.Diagnostics.Debug.dll" /reference:"C:\Program Files\dotnet\packs\Microsoft.NETCore.App.Ref\10.0.2\ref\net10.0\System.Diagnostics.DiagnosticSource.dll" /reference:"C:\Program Files\dotnet\packs\Microsoft.AspNetCore.App.Ref\10.0.2\ref\net10.0\System.Diagnostics.EventLog.dll" /reference:"C:\Program Files\dotnet\packs\Microsoft.NETCore.App.Ref\10.0.2\ref\net10.0\System.Diagnostics.FileVersionInfo.dll" /reference:"C:\Program Files\dotnet\packs\Microsoft.NETCore.App.Ref\10.0.2\ref\net10.0\System.Diagnostics.Process.dll" /reference:"C:\Program Files\dotnet\packs\Microsoft.NETCore.App.Ref\10.0.2\ref\net10.0\System.Diagnostics.StackTrace.dll" /reference:"C:\Program Files\dotnet\packs\Microsoft.NETCore.App.Ref\10.0.2\ref\net10.0\System.Diagnostics.TextWriterTraceListener.dll" /reference:"C:\Program Files\dotnet\packs\Microsoft.NETCore.App.Ref\10.0.2\ref\net10.0\System.Diagnostics.Tools.dll" /reference:"C:\Program Files\dotnet\packs\Microsoft.NETCore.App.Ref\10.0.2\ref\net10.0\System.Diagnostics.TraceSource.dll" /reference:"C:\Program Files\dotnet\packs\Microsoft.NETCore.App.Ref\10.0.2\ref\net10.0\System.Diagnostics.Tracing.dll" /reference:"C:\Program Files\dotnet\packs\Microsoft.NETCore.App.Ref\10.0.2\ref\net10.0\System.dll" /reference:"C:\Program Files\dotnet\packs\Microsoft.NETCore.App.Ref\10.0.2\ref\net10.0\System.Drawing.dll" /reference:"C:\Program Files\dotnet\packs\Microsoft.NETCore.App.Ref\10.0.2\ref\net10.0\System.Drawing.Primitives.dll" /reference:"C:\Program Files\dotnet\packs\Microsoft.NETCore.App.Ref\10.0.2\ref\net10.0\System.Dynamic.Runtime.dll" /reference:"C:\Program Files\dotnet\packs\Microsoft.NETCore.App.Ref\10.0.2\ref\net10.0\System.Formats.Asn1.dll" /reference:"C:\Program Files\dotnet\packs\Microsoft.AspNetCore.App.Ref\10.0.2\ref\net10.0\System.Formats.Cbor.dll" /reference:"C:\Program Files\dotnet\packs\Microsoft.NETCore.App.Ref\10.0.2\ref\net10.0\System.Formats.Tar.dll" /reference:"C:\Program Files\dotnet\packs\Microsoft.NETCore.App.Ref\10.0.2\ref\net10.0\System.Globalization.Calendars.dll" /reference:"C:\Program Files\dotnet\packs\Microsoft.NETCore.App.Ref\10.0.2\ref\net10.0\System.Globalization.dll" /reference:"C:\Program Files\dotnet\packs\Microsoft.NETCore.App.Ref\10.0.2\ref\net10.0\System.Globalization.Extensions.dll" /reference:C:\Users\lenovo\.nuget\packages\system.identitymodel.tokens.jwt\8.0.1\lib\net9.0\System.IdentityModel.Tokens.Jwt.dll /reference:"C:\Program Files\dotnet\packs\Microsoft.NETCore.App.Ref\10.0.2\ref\net10.0\System.IO.Compression.Brotli.dll" /reference:"C:\Program Files\dotnet\packs\Microsoft.NETCore.App.Ref\10.0.2\ref\net10.0\System.IO.Compression.dll" /reference:"C:\Program Files\dotnet\packs\Microsoft.NETCore.App.Ref\10.0.2\ref\net10.0\System.IO.Compression.FileSystem.dll" /reference:"C:\Program Files\dotnet\packs\Microsoft.NETCore.App.Ref\10.0.2\ref\net10.0\System.IO.Compression.ZipFile.dll" /reference:"C:\Program Files\dotnet\packs\Microsoft.NETCore.App.Ref\10.0.2\ref\net10.0\System.IO.dll" /reference:"C:\Program Files\dotnet\packs\Microsoft.NETCore.App.Ref\10.0.2\ref\net10.0\System.IO.FileSystem.AccessControl.dll" /reference:"C:\Program Files\dotnet\packs\Microsoft.NETCore.App.Ref\10.0.2\ref\net10.0\System.IO.FileSystem.dll" /reference:"C:\Program Files\dotnet\packs\Microsoft.NETCore.App.Ref\10.0.2\ref\net10.0\System.IO.FileSystem.DriveInfo.dll" /reference:"C:\Program Files\dotnet\packs\Microsoft.NETCore.App.Ref\10.0.2\ref\net10.0\System.IO.FileSystem.Primitives.dll" /reference:"C:\Program Files\dotnet\packs\Microsoft.NETCore.App.Ref\10.0.2\ref\net10.0\System.IO.FileSystem.Watcher.dll" /reference:"C:\Program Files\dotnet\packs\Microsoft.NETCore.App.Ref\10.0.2\ref\net10.0\System.IO.IsolatedStorage.dll" /reference:"C:\Program Files\dotnet\packs\Microsoft.NETCore.App.Ref\10.0.2\ref\net10.0\System.IO.MemoryMappedFiles.dll" /reference:"C:\Program Files\dotnet\packs\Microsoft.NETCore.App.Ref\10.0.2\ref\net10.0\System.IO.Pipelines.dll" /reference:"C:\Program Files\dotnet\packs\Microsoft.NETCore.App.Ref\10.0.2\ref\net10.0\System.IO.Pipes.AccessControl.dll" /reference:"C:\Program Files\dotnet\packs\Microsoft.NETCore.App.Ref\10.0.2\ref\net10.0\System.IO.Pipes.dll" /reference:"C:\Program Files\dotnet\packs\Microsoft.NETCore.App.Ref\10.0.2\ref\net10.0\System.IO.UnmanagedMemoryStream.dll" /reference:"C:\Program Files\dotnet\packs\Microsoft.NETCore.App.Ref\10.0.2\ref\net10.0\System.Linq.AsyncEnumerable.dll" /reference:"C:\Program Files\dotnet\packs\Microsoft.NETCore.App.Ref\10.0.2\ref\net10.0\System.Linq.dll" /reference:"C:\Program Files\dotnet\packs\Microsoft.NETCore.App.Ref\10.0.2\ref\net10.0\System.Linq.Expressions.dll" /reference:"C:\Program Files\dotnet\packs\Microsoft.NETCore.App.Ref\10.0.2\ref\net10.0\System.Linq.Parallel.dll" /reference:"C:\Program Files\dotnet\packs\Microsoft.NETCore.App.Ref\10.0.2\ref\net10.0\System.Linq.Queryable.dll" /reference:"C:\Program Files\dotnet\packs\Microsoft.NETCore.App.Ref\10.0.2\ref\net10.0\System.Memory.dll" /reference:"C:\Program Files\dotnet\packs\Microsoft.NETCore.App.Ref\10.0.2\ref\net10.0\System.Net.dll" /reference:"C:\Program Files\dotnet\packs\Microsoft.NETCore.App.Ref\10.0.2\ref\net10.0\System.Net.Http.dll" /reference:"C:\Program Files\dotnet\packs\Microsoft.NETCore.App.Ref\10.0.2\ref\net10.0\System.Net.Http.Json.dll" /reference:"C:\Program Files\dotnet\packs\Microsoft.NETCore.App.Ref\10.0.2\ref\net10.0\System.Net.HttpListener.dll" /reference:"C:\Program Files\dotnet\packs\Microsoft.NETCore.App.Ref\10.0.2\ref\net10.0\System.Net.Mail.dll" /reference:"C:\Program Files\dotnet\packs\Microsoft.NETCore.App.Ref\10.0.2\ref\net10.0\System.Net.NameResolution.dll" /reference:"C:\Program Files\dotnet\packs\Microsoft.NETCore.App.Ref\10.0.2\ref\net10.0\System.Net.NetworkInformation.dll" /reference:"C:\Program Files\dotnet\packs\Microsoft.NETCore.App.Ref\10.0.2\ref\net10.0\System.Net.Ping.dll" /reference:"C:\Program Files\dotnet\packs\Microsoft.NETCore.App.Ref\10.0.2\ref\net10.0\System.Net.Primitives.dll" /reference:"C:\Program Files\dotnet\packs\Microsoft.NETCore.App.Ref\10.0.2\ref\net10.0\System.Net.Quic.dll" /reference:"C:\Program Files\dotnet\packs\Microsoft.NETCore.App.Ref\10.0.2\ref\net10.0\System.Net.Requests.dll" /reference:"C:\Program Files\dotnet\packs\Microsoft.NETCore.App.Ref\10.0.2\ref\net10.0\System.Net.Security.dll" /reference:"C:\Program Files\dotnet\packs\Microsoft.NETCore.App.Ref\10.0.2\ref\net10.0\System.Net.ServerSentEvents.dll" /reference:"C:\Program Files\dotnet\packs\Microsoft.NETCore.App.Ref\10.0.2\ref\net10.0\System.Net.ServicePoint.dll" /reference:"C:\Program Files\dotnet\packs\Microsoft.NETCore.App.Ref\10.0.2\ref\net10.0\System.Net.Sockets.dll" /reference:"C:\Program Files\dotnet\packs\Microsoft.NETCore.App.Ref\10.0.2\ref\net10.0\System.Net.WebClient.dll" /reference:"C:\Program Files\dotnet\packs\Microsoft.NETCore.App.Ref\10.0.2\ref\net10.0\System.Net.WebHeaderCollection.dll" /reference:"C:\Program Files\dotnet\packs\Microsoft.NETCore.App.Ref\10.0.2\ref\net10.0\System.Net.WebProxy.dll" /reference:"C:\Program Files\dotnet\packs\Microsoft.NETCore.App.Ref\10.0.2\ref\net10.0\System.Net.WebSockets.Client.dll" /reference:"C:\Program Files\dotnet\packs\Microsoft.NETCore.App.Ref\10.0.2\ref\net10.0\System.Net.WebSockets.dll" /reference:"C:\Program Files\dotnet\packs\Microsoft.NETCore.App.Ref\10.0.2\ref\net10.0\System.Numerics.dll" /reference:"C:\Program Files\dotnet\packs\Microsoft.NETCore.App.Ref\10.0.2\ref\net10.0\System.Numerics.Vectors.dll" /reference:"C:\Program Files\dotnet\packs\Microsoft.NETCore.App.Ref\10.0.2\ref\net10.0\System.ObjectModel.dll" /reference:"C:\Program Files\dotnet\packs\Microsoft.NETCore.App.Ref\10.0.2\ref\net10.0\System.Reflection.DispatchProxy.dll" /reference:"C:\Program Files\dotnet\packs\Microsoft.NETCore.App.Ref\10.0.2\ref\net10.0\System.Reflection.dll" /reference:"C:\Program Files\dotnet\packs\Microsoft.NETCore.App.Ref\10.0.2\ref\net10.0\System.Reflection.Emit.dll" /reference:"C:\Program Files\dotnet\packs\Microsoft.NETCore.App.Ref\10.0.2\ref\net10.0\System.Reflection.Emit.ILGeneration.dll" /reference:"C:\Program Files\dotnet\packs\Microsoft.NETCore.App.Ref\10.0.2\ref\net10.0\System.Reflection.Emit.Lightweight.dll" /reference:"C:\Program Files\dotnet\packs\Microsoft.NETCore.App.Ref\10.0.2\ref\net10.0\System.Reflection.Extensions.dll" /reference:"C:\Program Files\dotnet\packs\Microsoft.NETCore.App.Ref\10.0.2\ref\net10.0\System.Reflection.Metadata.dll" /reference:"C:\Program Files\dotnet\packs\Microsoft.NETCore.App.Ref\10.0.2\ref\net10.0\System.Reflection.Primitives.dll" /reference:"C:\Program Files\dotnet\packs\Microsoft.NETCore.App.Ref\10.0.2\ref\net10.0\System.Reflection.TypeExtensions.dll" /reference:"C:\Program Files\dotnet\packs\Microsoft.NETCore.App.Ref\10.0.2\ref\net10.0\System.Resources.Reader.dll" /reference:"C:\Program Files\dotnet\packs\Microsoft.NETCore.App.Ref\10.0.2\ref\net10.0\System.Resources.ResourceManager.dll" /reference:"C:\Program Files\dotnet\packs\Microsoft.NETCore.App.Ref\10.0.2\ref\net10.0\System.Resources.Writer.dll" /reference:"C:\Program Files\dotnet\packs\Microsoft.NETCore.App.Ref\10.0.2\ref\net10.0\System.Runtime.CompilerServices.Unsafe.dll" /reference:"C:\Program Files\dotnet\packs\Microsoft.NETCore.App.Ref\10.0.2\ref\net10.0\System.Runtime.CompilerServices.VisualC.dll" /reference:"C:\Program Files\dotnet\packs\Microsoft.NETCore.App.Ref\10.0.2\ref\net10.0\System.Runtime.dll" /reference:"C:\Program Files\dotnet\packs\Microsoft.NETCore.App.Ref\10.0.2\ref\net10.0\System.Runtime.Extensions.dll" /reference:"C:\Program Files\dotnet\packs\Microsoft.NETCore.App.Ref\10.0.2\ref\net10.0\System.Runtime.Handles.dll" /reference:"C:\Program Files\dotnet\packs\Microsoft.NETCore.App.Ref\10.0.2\ref\net10.0\System.Runtime.InteropServices.dll" /reference:"C:\Program Files\dotnet\packs\Microsoft.NETCore.App.Ref\10.0.2\ref\net10.0\System.Runtime.InteropServices.JavaScript.dll" /reference:"C:\Program Files\dotnet\packs\Microsoft.NETCore.App.Ref\10.0.2\ref\net10.0\System.Runtime.InteropServices.RuntimeInformation.dll" /reference:"C:\Program Files\dotnet\packs\Microsoft.NETCore.App.Ref\10.0.2\ref\net10.0\System.Runtime.Intrinsics.dll" /reference:"C:\Program Files\dotnet\packs\Microsoft.NETCore.App.Ref\10.0.2\ref\net10.0\System.Runtime.Loader.dll" /reference:"C:\Program Files\dotnet\packs\Microsoft.NETCore.App.Ref\10.0.2\ref\net10.0\System.Runtime.Numerics.dll" /reference:"C:\Program Files\dotnet\packs\Microsoft.NETCore.App.Ref\10.0.2\ref\net10.0\System.Runtime.Serialization.dll" /reference:"C:\Program Files\dotnet\packs\Microsoft.NETCore.App.Ref\10.0.2\ref\net10.0\System.Runtime.Serialization.Formatters.dll" /reference:"C:\Program Files\dotnet\packs\Microsoft.NETCore.App.Ref\10.0.2\ref\net10.0\System.Runtime.Serialization.Json.dll" /reference:"C:\Program Files\dotnet\packs\Microsoft.NETCore.App.Ref\10.0.2\ref\net10.0\System.Runtime.Serialization.Primitives.dll" /reference:"C:\Program Files\dotnet\packs\Microsoft.NETCore.App.Ref\10.0.2\ref\net10.0\System.Runtime.Serialization.Xml.dll" /reference:"C:\Program Files\dotnet\packs\Microsoft.NETCore.App.Ref\10.0.2\ref\net10.0\System.Security.AccessControl.dll" /reference:"C:\Program Files\dotnet\packs\Microsoft.NETCore.App.Ref\10.0.2\ref\net10.0\System.Security.Claims.dll" /reference:"C:\Program Files\dotnet\packs\Microsoft.NETCore.App.Ref\10.0.2\ref\net10.0\System.Security.Cryptography.Algorithms.dll" /reference:"C:\Program Files\dotnet\packs\Microsoft.NETCore.App.Ref\10.0.2\ref\net10.0\System.Security.Cryptography.Cng.dll" /reference:"C:\Program Files\dotnet\packs\Microsoft.NETCore.App.Ref\10.0.2\ref\net10.0\System.Security.Cryptography.Csp.dll" /reference:"C:\Program Files\dotnet\packs\Microsoft.NETCore.App.Ref\10.0.2\ref\net10.0\System.Security.Cryptography.dll" /reference:"C:\Program Files\dotnet\packs\Microsoft.NETCore.App.Ref\10.0.2\ref\net10.0\System.Security.Cryptography.Encoding.dll" /reference:"C:\Program Files\dotnet\packs\Microsoft.NETCore.App.Ref\10.0.2\ref\net10.0\System.Security.Cryptography.OpenSsl.dll" /reference:"C:\Program Files\dotnet\packs\Microsoft.NETCore.App.Ref\10.0.2\ref\net10.0\System.Security.Cryptography.Primitives.dll" /reference:"C:\Program Files\dotnet\packs\Microsoft.NETCore.App.Ref\10.0.2\ref\net10.0\System.Security.Cryptography.X509Certificates.dll" /reference:"C:\Program Files\dotnet\packs\Microsoft.AspNetCore.App.Ref\10.0.2\ref\net10.0\System.Security.Cryptography.Xml.dll" /reference:"C:\Program Files\dotnet\packs\Microsoft.NETCore.App.Ref\10.0.2\ref\net10.0\System.Security.dll" /reference:"C:\Program Files\dotnet\packs\Microsoft.NETCore.App.Ref\10.0.2\ref\net10.0\System.Security.Principal.dll" /reference:"C:\Program Files\dotnet\packs\Microsoft.NETCore.App.Ref\10.0.2\ref\net10.0\System.Security.Principal.Windows.dll" /reference:"C:\Program Files\dotnet\packs\Microsoft.NETCore.App.Ref\10.0.2\ref\net10.0\System.Security.SecureString.dll" /reference:"C:\Program Files\dotnet\packs\Microsoft.NETCore.App.Ref\10.0.2\ref\net10.0\System.ServiceModel.Web.dll" /reference:"C:\Program Files\dotnet\packs\Microsoft.NETCore.App.Ref\10.0.2\ref\net10.0\System.ServiceProcess.dll" /reference:"C:\Program Files\dotnet\packs\Microsoft.NETCore.App.Ref\10.0.2\ref\net10.0\System.Text.Encoding.CodePages.dll" /reference:"C:\Program Files\dotnet\packs\Microsoft.NETCore.App.Ref\10.0.2\ref\net10.0\System.Text.Encoding.dll" /reference:"C:\Program Files\dotnet\packs\Microsoft.NETCore.App.Ref\10.0.2\ref\net10.0\System.Text.Encoding.Extensions.dll" /reference:"C:\Program Files\dotnet\packs\Microsoft.NETCore.App.Ref\10.0.2\ref\net10.0\System.Text.Encodings.Web.dll" /reference:"C:\Program Files\dotnet\packs\Microsoft.NETCore.App.Ref\10.0.2\ref\net10.0\System.Text.Json.dll" /reference:"C:\Program Files\dotnet\packs\Microsoft.NETCore.App.Ref\10.0.2\ref\net10.0\System.Text.RegularExpressions.dll" /reference:"C:\Program Files\dotnet\packs\Microsoft.NETCore.App.Ref\10.0.2\ref\net10.0\System.Threading.AccessControl.dll" /reference:"C:\Program Files\dotnet\packs\Microsoft.NETCore.App.Ref\10.0.2\ref\net10.0\System.Threading.Channels.dll" /reference:"C:\Program Files\dotnet\packs\Microsoft.NETCore.App.Ref\10.0.2\ref\net10.0\System.Threading.dll" /reference:"C:\Program Files\dotnet\packs\Microsoft.NETCore.App.Ref\10.0.2\ref\net10.0\System.Threading.Overlapped.dll" /reference:"C:\Program Files\dotnet\packs\Microsoft.AspNetCore.App.Ref\10.0.2\ref\net10.0\System.Threading.RateLimiting.dll" /reference:"C:\Program Files\dotnet\packs\Microsoft.NETCore.App.Ref\10.0.2\ref\net10.0\System.Threading.Tasks.Dataflow.dll" /reference:"C:\Program Files\dotnet\packs\Microsoft.NETCore.App.Ref\10.0.2\ref\net10.0\System.Threading.Tasks.dll" /reference:"C:\Program Files\dotnet\packs\Microsoft.NETCore.App.Ref\10.0.2\ref\net10.0\System.Threading.Tasks.Extensions.dll" /reference:"C:\Program Files\dotnet\packs\Microsoft.NETCore.App.Ref\10.0.2\ref\net10.0\System.Threading.Tasks.Parallel.dll" /reference:"C:\Program Files\dotnet\packs\Microsoft.NETCore.App.Ref\10.0.2\ref\net10.0\System.Threading.Thread.dll" /reference:"C:\Program Files\dotnet\packs\Microsoft.NETCore.App.Ref\10.0.2\ref\net10.0\System.Threading.ThreadPool.dll" /reference:"C:\Program Files\dotnet\packs\Microsoft.NETCore.App.Ref\10.0.2\ref\net10.0\System.Threading.Timer.dll" /reference:"C:\Program Files\dotnet\packs\Microsoft.NETCore.App.Ref\10.0.2\ref\net10.0\System.Transactions.dll" /reference:"C:\Program Files\dotnet\packs\Microsoft.NETCore.App.Ref\10.0.2\ref\net10.0\System.Transactions.Local.dll" /reference:"C:\Program Files\dotnet\packs\Microsoft.NETCore.App.Ref\10.0.2\ref\net10.0\System.ValueTuple.dll" /reference:"C:\Program Files\dotnet\packs\Microsoft.NETCore.App.Ref\10.0.2\ref\net10.0\System.Web.dll" /reference:"C:\Program Files\dotnet\packs\Microsoft.NETCore.App.Ref\10.0.2\ref\net10.0\System.Web.HttpUtility.dll" /reference:"C:\Program Files\dotnet\packs\Microsoft.NETCore.App.Ref\10.0.2\ref\net10.0\System.Windows.dll" /reference:"C:\Program Files\dotnet\packs\Microsoft.NETCore.App.Ref\10.0.2\ref\net10.0\System.Xml.dll" /reference:"C:\Program Files\dotnet\packs\Microsoft.NETCore.App.Ref\10.0.2\ref\net10.0\System.Xml.Linq.dll" /reference:"C:\Program Files\dotnet\packs\Microsoft.NETCore.App.Ref\10.0.2\ref\net10.0\System.Xml.ReaderWriter.dll" /reference:"C:\Program Files\dotnet\packs\Microsoft.NETCore.App.Ref\10.0.2\ref\net10.0\System.Xml.Serialization.dll" /reference:"C:\Program Files\dotnet\packs\Microsoft.NETCore.App.Ref\10.0.2\ref\net10.0\System.Xml.XDocument.dll" /reference:"C:\Program Files\dotnet\packs\Microsoft.NETCore.App.Ref\10.0.2\ref\net10.0\System.Xml.XmlDocument.dll" /reference:"C:\Program Files\dotnet\packs\Microsoft.NETCore.App.Ref\10.0.2\ref\net10.0\System.Xml.XmlSerializer.dll" /reference:"C:\Program Files\dotnet\packs\Microsoft.NETCore.App.Ref\10.0.2\ref\net10.0\System.Xml.XPath.dll" /reference:"C:\Program Files\dotnet\packs\Microsoft.NETCore.App.Ref\10.0.2\ref\net10.0\System.Xml.XPath.XDocument.dll" /reference:"C:\Program Files\dotnet\packs\Microsoft.NETCore.App.Ref\10.0.2\ref\net10.0\WindowsBase.dll" /features:"InterceptorsNamespaces=;Microsoft.Extensions.Validation.Generated" /debug+ /debug:portable /filealign:512 /optimize- /out:obj\Debug\net10.0\FoodStreetPoiAdmin.dll /refout:obj\Debug\net10.0\refint\FoodStreetPoiAdmin.dll /target:exe /warnaserror- /utf8output /deterministic+ /sourcelink:obj\Debug\net10.0\FoodStreetPoiAdmin.sourcelink.json /langversion:14.0 /features:use-roslyn-tokenizer=true /embed:obj\Debug\net10.0\FoodStreetPoiAdmin.GlobalUsings.g.cs /embed:"obj\Debug\net10.0\.NETCoreApp,Version=v10.0.AssemblyAttributes.cs" /embed:obj\Debug\net10.0\FoodStreetPoiAdmin.AssemblyInfo.cs /analyzerconfig:obj\Debug\net10.0\FoodStreetPoiAdmin.GeneratedMSBuildEditorConfig.editorconfig /analyzerconfig:"C:\Program Files\dotnet\sdk\10.0.102\Sdks\Microsoft.NET.Sdk\analyzers\build\config\analysislevel_10_default.globalconfig" /analyzer:"C:\Program Files\dotnet\sdk\10.0.102\Sdks\Microsoft.NET.Sdk.Web\analyzers\cs\Microsoft.AspNetCore.Analyzers.dll" /analyzer:"C:\Program Files\dotnet\sdk\10.0.102\Sdks\Microsoft.NET.Sdk.Web\analyzers\cs\Microsoft.AspNetCore.Mvc.Analyzers.dll" /analyzer:"C:\Program Files\dotnet\sdk\10.0.102\Sdks\Microsoft.NET.Sdk\targets\..\analyzers\Microsoft.CodeAnalysis.CSharp.NetAnalyzers.dll" /analyzer:"C:\Program Files\dotnet\sdk\10.0.102\Sdks\Microsoft.NET.Sdk\targets\..\analyzers\Microsoft.CodeAnalysis.NetAnalyzers.dll" /analyzer:"C:\Program Files\dotnet\packs\Microsoft.NETCore.App.Ref\10.0.2\analyzers/dotnet/cs/Microsoft.Interop.ComInterfaceGenerator.dll" /analyzer:"C:\Program Files\dotnet\packs\Microsoft.NETCore.App.Ref\10.0.2\analyzers/dotnet/cs/Microsoft.Interop.JavaScript.JSImportGenerator.dll" /analyzer:"C:\Program Files\dotnet\packs\Microsoft.NETCore.App.Ref\10.0.2\analyzers/dotnet/cs/Microsoft.Interop.LibraryImportGenerator.dll" /analyzer:"C:\Program Files\dotnet\packs\Microsoft.NETCore.App.Ref\10.0.2\analyzers/dotnet/cs/Microsoft.Interop.SourceGeneration.dll" /analyzer:"C:\Program Files\dotnet\packs\Microsoft.NETCore.App.Ref\10.0.2\analyzers/dotnet/cs/System.Text.Json.SourceGeneration.dll" /analyzer:"C:\Program Files\dotnet\packs\Microsoft.NETCore.App.Ref\10.0.2\analyzers/dotnet/cs/System.Text.RegularExpressions.Generator.dll" /analyzer:"C:\Program Files\dotnet\packs\Microsoft.AspNetCore.App.Ref\10.0.2\analyzers/dotnet/cs/Microsoft.AspNetCore.App.Analyzers.dll" /analyzer:"C:\Program Files\dotnet\packs\Microsoft.AspNetCore.App.Ref\10.0.2\analyzers/dotnet/cs/Microsoft.AspNetCore.App.CodeFixes.dll" /analyzer:"C:\Program Files\dotnet\packs\Microsoft.AspNetCore.App.Ref\10.0.2\analyzers/dotnet/cs/Microsoft.AspNetCore.App.SourceGenerators.dll" /analyzer:"C:\Program Files\dotnet\packs\Microsoft.AspNetCore.App.Ref\10.0.2\analyzers/dotnet/cs/Microsoft.AspNetCore.Components.Analyzers.dll" /analyzer:"C:\Program Files\dotnet\packs\Microsoft.AspNetCore.App.Ref\10.0.2\analyzers/dotnet/cs/Microsoft.Extensions.Validation.ValidationsGenerator.dll" /analyzer:"C:\Program Files\dotnet\packs\Microsoft.AspNetCore.App.Ref\10.0.2\analyzers/dotnet/cs/Microsoft.Extensions.Logging.Generators.dll" /analyzer:"C:\Program Files\dotnet\packs\Microsoft.AspNetCore.App.Ref\10.0.2\analyzers/dotnet/cs/Microsoft.Extensions.Options.SourceGeneration.dll" /analyzer:"C:\Program Files\dotnet\sdk\10.0.102\Sdks\Microsoft.NET.Sdk.Razor\targets\..\source-generators\Microsoft.AspNetCore.Razor.Utilities.Shared.dll" /analyzer:"C:\Program Files\dotnet\sdk\10.0.102\Sdks\Microsoft.NET.Sdk.Razor\targets\..\source-generators\Microsoft.CodeAnalysis.Razor.Compiler.dll" /analyzer:"C:\Program Files\dotnet\sdk\10.0.102\Sdks\Microsoft.NET.Sdk.Razor\targets\..\source-generators\Microsoft.Extensions.ObjectPool.dll" Program.cs obj\Debug\net10.0\FoodStreetPoiAdmin.GlobalUsings.g.cs "obj\Debug\net10.0\.NETCoreApp,Version=v10.0.AssemblyAttributes.cs" obj\Debug\net10.0\FoodStreetPoiAdmin.AssemblyInfo.cs /warnaserror+:NU1605,SYSLIB0011
         Compilation request FoodStreetPoiAdmin (net10.0), PathToTool=C:\Program Files\dotnet\sdk\10.0.102\Roslyn\bincore\csc.exe
         CommandLine = ' /noconfig'
         BuildResponseFile = '/unsafe- /checked- /nowarn:1701,1702,1701,1702 /fullpaths /nostdlib+ /errorreport:prompt /warn:10 /define:TRACE;DEBUG;NET;NET10_0;NETCOREAPP;NET5_0_OR_GREATER;NET6_0_OR_GREATER;NET7_0_OR_GREATER;NET8_0_OR_GREATER;NET9_0_OR_GREATER;NET10_0_OR_GREATER;NETCOREAPP1_0_OR_GREATER;NETCOREAPP1_1_OR_GREATER;NETCOREAPP2_0_OR_GREATER;NETCOREAPP2_1_OR_GREATER;NETCOREAPP2_2_OR_GREATER;NETCOREAPP3_0_OR_GREATER;NETCOREAPP3_1_OR_GREATER /highentropyva+ /nullable:enable /reference:C:\Users\lenovo\.nuget\packages\bcrypt.net-next\4.0.3\lib\net6.0\BCrypt.Net-Next.dll /reference:"C:\Program Files\dotnet\packs\Microsoft.AspNetCore.App.Ref\10.0.2\ref\net10.0\Microsoft.AspNetCore.Antiforgery.dll" /reference:"C:\Program Files\dotnet\packs\Microsoft.AspNetCore.App.Ref\10.0.2\ref\net10.0\Microsoft.AspNetCore.Authentication.Abstractions.dll" /reference:"C:\Program Files\dotnet\packs\Microsoft.AspNetCore.App.Ref\10.0.2\ref\net10.0\Microsoft.AspNetCore.Authentication.BearerToken.dll" /reference:"C:\Program Files\dotnet\packs\Microsoft.AspNetCore.App.Ref\10.0.2\ref\net10.0\Microsoft.AspNetCore.Authentication.Cookies.dll" /reference:"C:\Program Files\dotnet\packs\Microsoft.AspNetCore.App.Ref\10.0.2\ref\net10.0\Microsoft.AspNetCore.Authentication.Core.dll" /reference:"C:\Program Files\dotnet\packs\Microsoft.AspNetCore.App.Ref\10.0.2\ref\net10.0\Microsoft.AspNetCore.Authentication.dll" /reference:C:\Users\lenovo\.nuget\packages\microsoft.aspnetcore.authentication.jwtbearer\10.0.0\lib\net10.0\Microsoft.AspNetCore.Authentication.JwtBearer.dll /reference:"C:\Program Files\dotnet\packs\Microsoft.AspNetCore.App.Ref\10.0.2\ref\net10.0\Microsoft.AspNetCore.Authentication.OAuth.dll" /reference:"C:\Program Files\dotnet\packs\Microsoft.AspNetCore.App.Ref\10.0.2\ref\net10.0\Microsoft.AspNetCore.Authorization.dll" /reference:"C:\Program Files\dotnet\packs\Microsoft.AspNetCore.App.Ref\10.0.2\ref\net10.0\Microsoft.AspNetCore.Authorization.Policy.dll" /reference:"C:\Program Files\dotnet\packs\Microsoft.AspNetCore.App.Ref\10.0.2\ref\net10.0\Microsoft.AspNetCore.Components.Authorization.dll" /reference:"C:\Program Files\dotnet\packs\Microsoft.AspNetCore.App.Ref\10.0.2\ref\net10.0\Microsoft.AspNetCore.Components.dll" /reference:"C:\Program Files\dotnet\packs\Microsoft.AspNetCore.App.Ref\10.0.2\ref\net10.0\Microsoft.AspNetCore.Components.Endpoints.dll" /reference:"C:\Program Files\dotnet\packs\Microsoft.AspNetCore.App.Ref\10.0.2\ref\net10.0\Microsoft.AspNetCore.Components.Forms.dll" /reference:"C:\Program Files\dotnet\packs\Microsoft.AspNetCore.App.Ref\10.0.2\ref\net10.0\Microsoft.AspNetCore.Components.Server.dll" /reference:"C:\Program Files\dotnet\packs\Microsoft.AspNetCore.App.Ref\10.0.2\ref\net10.0\Microsoft.AspNetCore.Components.Web.dll" /reference:"C:\Program Files\dotnet\packs\Microsoft.AspNetCore.App.Ref\10.0.2\ref\net10.0\Microsoft.AspNetCore.Connections.Abstractions.dll" /reference:"C:\Program Files\dotnet\packs\Microsoft.AspNetCore.App.Ref\10.0.2\ref\net10.0\Microsoft.AspNetCore.CookiePolicy.dll" /reference:"C:\Program Files\dotnet\packs\Microsoft.AspNetCore.App.Ref\10.0.2\ref\net10.0\Microsoft.AspNetCore.Cors.dll" /reference:"C:\Program Files\dotnet\packs\Microsoft.AspNetCore.App.Ref\10.0.2\ref\net10.0\Microsoft.AspNetCore.Cryptography.Internal.dll" /reference:"C:\Program Files\dotnet\packs\Microsoft.AspNetCore.App.Ref\10.0.2\ref\net10.0\Microsoft.AspNetCore.Cryptography.KeyDerivation.dll" /reference:"C:\Program Files\dotnet\packs\Microsoft.AspNetCore.App.Ref\10.0.2\ref\net10.0\Microsoft.AspNetCore.DataProtection.Abstractions.dll" /reference:"C:\Program Files\dotnet\packs\Microsoft.AspNetCore.App.Ref\10.0.2\ref\net10.0\Microsoft.AspNetCore.DataProtection.dll" /reference:"C:\Program Files\dotnet\packs\Microsoft.AspNetCore.App.Ref\10.0.2\ref\net10.0\Microsoft.AspNetCore.DataProtection.Extensions.dll" /reference:"C:\Program Files\dotnet\packs\Microsoft.AspNetCore.App.Ref\10.0.2\ref\net10.0\Microsoft.AspNetCore.Diagnostics.Abstractions.dll" /reference:"C:\Program Files\dotnet\packs\Microsoft.AspNetCore.App.Ref\10.0.2\ref\net10.0\Microsoft.AspNetCore.Diagnostics.dll" /reference:"C:\Program Files\dotnet\packs\Microsoft.AspNetCore.App.Ref\10.0.2\ref\net10.0\Microsoft.AspNetCore.Diagnostics.HealthChecks.dll" /reference:"C:\Program Files\dotnet\packs\Microsoft.AspNetCore.App.Ref\10.0.2\ref\net10.0\Microsoft.AspNetCore.dll" /reference:"C:\Program Files\dotnet\packs\Microsoft.AspNetCore.App.Ref\10.0.2\ref\net10.0\Microsoft.AspNetCore.HostFiltering.dll" /reference:"C:\Program Files\dotnet\packs\Microsoft.AspNetCore.App.Ref\10.0.2\ref\net10.0\Microsoft.AspNetCore.Hosting.Abstractions.dll" /reference:"C:\Program Files\dotnet\packs\Microsoft.AspNetCore.App.Ref\10.0.2\ref\net10.0\Microsoft.AspNetCore.Hosting.dll" /reference:"C:\Program Files\dotnet\packs\Microsoft.AspNetCore.App.Ref\10.0.2\ref\net10.0\Microsoft.AspNetCore.Hosting.Server.Abstractions.dll" /reference:"C:\Program Files\dotnet\packs\Microsoft.AspNetCore.App.Ref\10.0.2\ref\net10.0\Microsoft.AspNetCore.Html.Abstractions.dll" /reference:"C:\Program Files\dotnet\packs\Microsoft.AspNetCore.App.Ref\10.0.2\ref\net10.0\Microsoft.AspNetCore.Http.Abstractions.dll" /reference:"C:\Program Files\dotnet\packs\Microsoft.AspNetCore.App.Ref\10.0.2\ref\net10.0\Microsoft.AspNetCore.Http.Connections.Common.dll" /reference:"C:\Program Files\dotnet\packs\Microsoft.AspNetCore.App.Ref\10.0.2\ref\net10.0\Microsoft.AspNetCore.Http.Connections.dll" /reference:"C:\Program Files\dotnet\packs\Microsoft.AspNetCore.App.Ref\10.0.2\ref\net10.0\Microsoft.AspNetCore.Http.dll" /reference:"C:\Program Files\dotnet\packs\Microsoft.AspNetCore.App.Ref\10.0.2\ref\net10.0\Microsoft.AspNetCore.Http.Extensions.dll" /reference:"C:\Program Files\dotnet\packs\Microsoft.AspNetCore.App.Ref\10.0.2\ref\net10.0\Microsoft.AspNetCore.Http.Features.dll" /reference:"C:\Program Files\dotnet\packs\Microsoft.AspNetCore.App.Ref\10.0.2\ref\net10.0\Microsoft.AspNetCore.Http.Results.dll" /reference:"C:\Program Files\dotnet\packs\Microsoft.AspNetCore.App.Ref\10.0.2\ref\net10.0\Microsoft.AspNetCore.HttpLogging.dll" /reference:"C:\Program Files\dotnet\packs\Microsoft.AspNetCore.App.Ref\10.0.2\ref\net10.0\Microsoft.AspNetCore.HttpOverrides.dll" /reference:"C:\Program Files\dotnet\packs\Microsoft.AspNetCore.App.Ref\10.0.2\ref\net10.0\Microsoft.AspNetCore.HttpsPolicy.dll" /reference:"C:\Program Files\dotnet\packs\Microsoft.AspNetCore.App.Ref\10.0.2\ref\net10.0\Microsoft.AspNetCore.Identity.dll" /reference:"C:\Program Files\dotnet\packs\Microsoft.AspNetCore.App.Ref\10.0.2\ref\net10.0\Microsoft.AspNetCore.Localization.dll" /reference:"C:\Program Files\dotnet\packs\Microsoft.AspNetCore.App.Ref\10.0.2\ref\net10.0\Microsoft.AspNetCore.Localization.Routing.dll" /reference:"C:\Program Files\dotnet\packs\Microsoft.AspNetCore.App.Ref\10.0.2\ref\net10.0\Microsoft.AspNetCore.Metadata.dll" /reference:"C:\Program Files\dotnet\packs\Microsoft.AspNetCore.App.Ref\10.0.2\ref\net10.0\Microsoft.AspNetCore.Mvc.Abstractions.dll" /reference:"C:\Program Files\dotnet\packs\Microsoft.AspNetCore.App.Ref\10.0.2\ref\net10.0\Microsoft.AspNetCore.Mvc.ApiExplorer.dll" /reference:"C:\Program Files\dotnet\packs\Microsoft.AspNetCore.App.Ref\10.0.2\ref\net10.0\Microsoft.AspNetCore.Mvc.Core.dll" /reference:"C:\Program Files\dotnet\packs\Microsoft.AspNetCore.App.Ref\10.0.2\ref\net10.0\Microsoft.AspNetCore.Mvc.Cors.dll" /reference:"C:\Program Files\dotnet\packs\Microsoft.AspNetCore.App.Ref\10.0.2\ref\net10.0\Microsoft.AspNetCore.Mvc.DataAnnotations.dll" /reference:"C:\Program Files\dotnet\packs\Microsoft.AspNetCore.App.Ref\10.0.2\ref\net10.0\Microsoft.AspNetCore.Mvc.dll" /reference:"C:\Program Files\dotnet\packs\Microsoft.AspNetCore.App.Ref\10.0.2\ref\net10.0\Microsoft.AspNetCore.Mvc.Formatters.Json.dll" /reference:"C:\Program Files\dotnet\packs\Microsoft.AspNetCore.App.Ref\10.0.2\ref\net10.0\Microsoft.AspNetCore.Mvc.Formatters.Xml.dll" /reference:"C:\Program Files\dotnet\packs\Microsoft.AspNetCore.App.Ref\10.0.2\ref\net10.0\Microsoft.AspNetCore.Mvc.Localization.dll" /reference:"C:\Program Files\dotnet\packs\Microsoft.AspNetCore.App.Ref\10.0.2\ref\net10.0\Microsoft.AspNetCore.Mvc.Razor.dll" /reference:"C:\Program Files\dotnet\packs\Microsoft.AspNetCore.App.Ref\10.0.2\ref\net10.0\Microsoft.AspNetCore.Mvc.RazorPages.dll" /reference:"C:\Program Files\dotnet\packs\Microsoft.AspNetCore.App.Ref\10.0.2\ref\net10.0\Microsoft.AspNetCore.Mvc.TagHelpers.dll" /reference:"C:\Program Files\dotnet\packs\Microsoft.AspNetCore.App.Ref\10.0.2\ref\net10.0\Microsoft.AspNetCore.Mvc.ViewFeatures.dll" /reference:"C:\Program Files\dotnet\packs\Microsoft.AspNetCore.App.Ref\10.0.2\ref\net10.0\Microsoft.AspNetCore.OutputCaching.dll" /reference:"C:\Program Files\dotnet\packs\Microsoft.AspNetCore.App.Ref\10.0.2\ref\net10.0\Microsoft.AspNetCore.RateLimiting.dll" /reference:"C:\Program Files\dotnet\packs\Microsoft.AspNetCore.App.Ref\10.0.2\ref\net10.0\Microsoft.AspNetCore.Razor.dll" /reference:"C:\Program Files\dotnet\packs\Microsoft.AspNetCore.App.Ref\10.0.2\ref\net10.0\Microsoft.AspNetCore.Razor.Runtime.dll" /reference:"C:\Program Files\dotnet\packs\Microsoft.AspNetCore.App.Ref\10.0.2\ref\net10.0\Microsoft.AspNetCore.RequestDecompression.dll" /reference:"C:\Program Files\dotnet\packs\Microsoft.AspNetCore.App.Ref\10.0.2\ref\net10.0\Microsoft.AspNetCore.ResponseCaching.Abstractions.dll" /reference:"C:\Program Files\dotnet\packs\Microsoft.AspNetCore.App.Ref\10.0.2\ref\net10.0\Microsoft.AspNetCore.ResponseCaching.dll" /reference:"C:\Program Files\dotnet\packs\Microsoft.AspNetCore.App.Ref\10.0.2\ref\net10.0\Microsoft.AspNetCore.ResponseCompression.dll" /reference:"C:\Program Files\dotnet\packs\Microsoft.AspNetCore.App.Ref\10.0.2\ref\net10.0\Microsoft.AspNetCore.Rewrite.dll" /reference:"C:\Program Files\dotnet\packs\Microsoft.AspNetCore.App.Ref\10.0.2\ref\net10.0\Microsoft.AspNetCore.Routing.Abstractions.dll" /reference:"C:\Program Files\dotnet\packs\Microsoft.AspNetCore.App.Ref\10.0.2\ref\net10.0\Microsoft.AspNetCore.Routing.dll" /reference:"C:\Program Files\dotnet\packs\Microsoft.AspNetCore.App.Ref\10.0.2\ref\net10.0\Microsoft.AspNetCore.Server.HttpSys.dll" /reference:"C:\Program Files\dotnet\packs\Microsoft.AspNetCore.App.Ref\10.0.2\ref\net10.0\Microsoft.AspNetCore.Server.IIS.dll" /reference:"C:\Program Files\dotnet\packs\Microsoft.AspNetCore.App.Ref\10.0.2\ref\net10.0\Microsoft.AspNetCore.Server.IISIntegration.dll" /reference:"C:\Program Files\dotnet\packs\Microsoft.AspNetCore.App.Ref\10.0.2\ref\net10.0\Microsoft.AspNetCore.Server.Kestrel.Core.dll" /reference:"C:\Program Files\dotnet\packs\Microsoft.AspNetCore.App.Ref\10.0.2\ref\net10.0\Microsoft.AspNetCore.Server.Kestrel.dll" /reference:"C:\Program Files\dotnet\packs\Microsoft.AspNetCore.App.Ref\10.0.2\ref\net10.0\Microsoft.AspNetCore.Server.Kestrel.Transport.NamedPipes.dll" /reference:"C:\Program Files\dotnet\packs\Microsoft.AspNetCore.App.Ref\10.0.2\ref\net10.0\Microsoft.AspNetCore.Server.Kestrel.Transport.Quic.dll" /reference:"C:\Program Files\dotnet\packs\Microsoft.AspNetCore.App.Ref\10.0.2\ref\net10.0\Microsoft.AspNetCore.Server.Kestrel.Transport.Sockets.dll" /reference:"C:\Program Files\dotnet\packs\Microsoft.AspNetCore.App.Ref\10.0.2\ref\net10.0\Microsoft.AspNetCore.Session.dll" /reference:"C:\Program Files\dotnet\packs\Microsoft.AspNetCore.App.Ref\10.0.2\ref\net10.0\Microsoft.AspNetCore.SignalR.Common.dll" /reference:"C:\Program Files\dotnet\packs\Microsoft.AspNetCore.App.Ref\10.0.2\ref\net10.0\Microsoft.AspNetCore.SignalR.Core.dll" /reference:"C:\Program Files\dotnet\packs\Microsoft.AspNetCore.App.Ref\10.0.2\ref\net10.0\Microsoft.AspNetCore.SignalR.dll" /reference:"C:\Program Files\dotnet\packs\Microsoft.AspNetCore.App.Ref\10.0.2\ref\net10.0\Microsoft.AspNetCore.SignalR.Protocols.Json.dll" /reference:"C:\Program Files\dotnet\packs\Microsoft.AspNetCore.App.Ref\10.0.2\ref\net10.0\Microsoft.AspNetCore.StaticAssets.dll" /reference:"C:\Program Files\dotnet\packs\Microsoft.AspNetCore.App.Ref\10.0.2\ref\net10.0\Microsoft.AspNetCore.StaticFiles.dll" /reference:"C:\Program Files\dotnet\packs\Microsoft.AspNetCore.App.Ref\10.0.2\ref\net10.0\Microsoft.AspNetCore.WebSockets.dll" /reference:"C:\Program Files\dotnet\packs\Microsoft.AspNetCore.App.Ref\10.0.2\ref\net10.0\Microsoft.AspNetCore.WebUtilities.dll" /reference:"C:\Program Files\dotnet\packs\Microsoft.NETCore.App.Ref\10.0.2\ref\net10.0\Microsoft.CSharp.dll" /reference:C:\Users\lenovo\.nuget\packages\microsoft.data.sqlite.core\10.0.0\lib\net8.0\Microsoft.Data.Sqlite.dll /reference:"C:\Program Files\dotnet\packs\Microsoft.AspNetCore.App.Ref\10.0.2\ref\net10.0\Microsoft.Extensions.Caching.Abstractions.dll" /reference:"C:\Program Files\dotnet\packs\Microsoft.AspNetCore.App.Ref\10.0.2\ref\net10.0\Microsoft.Extensions.Caching.Memory.dll" /reference:"C:\Program Files\dotnet\packs\Microsoft.AspNetCore.App.Ref\10.0.2\ref\net10.0\Microsoft.Extensions.Configuration.Abstractions.dll" /reference:"C:\Program Files\dotnet\packs\Microsoft.AspNetCore.App.Ref\10.0.2\ref\net10.0\Microsoft.Extensions.Configuration.Binder.dll" /reference:"C:\Program Files\dotnet\packs\Microsoft.AspNetCore.App.Ref\10.0.2\ref\net10.0\Microsoft.Extensions.Configuration.CommandLine.dll" /reference:"C:\Program Files\dotnet\packs\Microsoft.AspNetCore.App.Ref\10.0.2\ref\net10.0\Microsoft.Extensions.Configuration.dll" /reference:"C:\Program Files\dotnet\packs\Microsoft.AspNetCore.App.Ref\10.0.2\ref\net10.0\Microsoft.Extensions.Configuration.EnvironmentVariables.dll" /reference:"C:\Program Files\dotnet\packs\Microsoft.AspNetCore.App.Ref\10.0.2\ref\net10.0\Microsoft.Extensions.Configuration.FileExtensions.dll" /reference:"C:\Program Files\dotnet\packs\Microsoft.AspNetCore.App.Ref\10.0.2\ref\net10.0\Microsoft.Extensions.Configuration.Ini.dll" /reference:"C:\Program Files\dotnet\packs\Microsoft.AspNetCore.App.Ref\10.0.2\ref\net10.0\Microsoft.Extensions.Configuration.Json.dll" /reference:"C:\Program Files\dotnet\packs\Microsoft.AspNetCore.App.Ref\10.0.2\ref\net10.0\Microsoft.Extensions.Configuration.KeyPerFile.dll" /reference:"C:\Program Files\dotnet\packs\Microsoft.AspNetCore.App.Ref\10.0.2\ref\net10.0\Microsoft.Extensions.Configuration.UserSecrets.dll" /reference:"C:\Program Files\dotnet\packs\Microsoft.AspNetCore.App.Ref\10.0.2\ref\net10.0\Microsoft.Extensions.Configuration.Xml.dll" /reference:"C:\Program Files\dotnet\packs\Microsoft.AspNetCore.App.Ref\10.0.2\ref\net10.0\Microsoft.Extensions.DependencyInjection.Abstractions.dll" /reference:"C:\Program Files\dotnet\packs\Microsoft.AspNetCore.App.Ref\10.0.2\ref\net10.0\Microsoft.Extensions.DependencyInjection.dll" /reference:"C:\Program Files\dotnet\packs\Microsoft.AspNetCore.App.Ref\10.0.2\ref\net10.0\Microsoft.Extensions.Diagnostics.Abstractions.dll" /reference:"C:\Program Files\dotnet\packs\Microsoft.AspNetCore.App.Ref\10.0.2\ref\net10.0\Microsoft.Extensions.Diagnostics.dll" /reference:"C:\Program Files\dotnet\packs\Microsoft.AspNetCore.App.Ref\10.0.2\ref\net10.0\Microsoft.Extensions.Diagnostics.HealthChecks.Abstractions.dll" /reference:"C:\Program Files\dotnet\packs\Microsoft.AspNetCore.App.Ref\10.0.2\ref\net10.0\Microsoft.Extensions.Diagnostics.HealthChecks.dll" /reference:"C:\Program Files\dotnet\packs\Microsoft.AspNetCore.App.Ref\10.0.2\ref\net10.0\Microsoft.Extensions.Features.dll" /reference:"C:\Program Files\dotnet\packs\Microsoft.AspNetCore.App.Ref\10.0.2\ref\net10.0\Microsoft.Extensions.FileProviders.Abstractions.dll" /reference:"C:\Program Files\dotnet\packs\Microsoft.AspNetCore.App.Ref\10.0.2\ref\net10.0\Microsoft.Extensions.FileProviders.Composite.dll" /reference:"C:\Program Files\dotnet\packs\Microsoft.AspNetCore.App.Ref\10.0.2\ref\net10.0\Microsoft.Extensions.FileProviders.Embedded.dll" /reference:"C:\Program Files\dotnet\packs\Microsoft.AspNetCore.App.Ref\10.0.2\ref\net10.0\Microsoft.Extensions.FileProviders.Physical.dll" /reference:"C:\Program Files\dotnet\packs\Microsoft.AspNetCore.App.Ref\10.0.2\ref\net10.0\Microsoft.Extensions.FileSystemGlobbing.dll" /reference:"C:\Program Files\dotnet\packs\Microsoft.AspNetCore.App.Ref\10.0.2\ref\net10.0\Microsoft.Extensions.Hosting.Abstractions.dll" /reference:"C:\Program Files\dotnet\packs\Microsoft.AspNetCore.App.Ref\10.0.2\ref\net10.0\Microsoft.Extensions.Hosting.dll" /reference:"C:\Program Files\dotnet\packs\Microsoft.AspNetCore.App.Ref\10.0.2\ref\net10.0\Microsoft.Extensions.Http.dll" /reference:"C:\Program Files\dotnet\packs\Microsoft.AspNetCore.App.Ref\10.0.2\ref\net10.0\Microsoft.Extensions.Identity.Core.dll" /reference:"C:\Program Files\dotnet\packs\Microsoft.AspNetCore.App.Ref\10.0.2\ref\net10.0\Microsoft.Extensions.Identity.Stores.dll" /reference:"C:\Program Files\dotnet\packs\Microsoft.AspNetCore.App.Ref\10.0.2\ref\net10.0\Microsoft.Extensions.Localization.Abstractions.dll" /reference:"C:\Program Files\dotnet\packs\Microsoft.AspNetCore.App.Ref\10.0.2\ref\net10.0\Microsoft.Extensions.Localization.dll" /reference:"C:\Program Files\dotnet\packs\Microsoft.AspNetCore.App.Ref\10.0.2\ref\net10.0\Microsoft.Extensions.Logging.Abstractions.dll" /reference:"C:\Program Files\dotnet\packs\Microsoft.AspNetCore.App.Ref\10.0.2\ref\net10.0\Microsoft.Extensions.Logging.Configuration.dll" /reference:"C:\Program Files\dotnet\packs\Microsoft.AspNetCore.App.Ref\10.0.2\ref\net10.0\Microsoft.Extensions.Logging.Console.dll" /reference:"C:\Program Files\dotnet\packs\Microsoft.AspNetCore.App.Ref\10.0.2\ref\net10.0\Microsoft.Extensions.Logging.Debug.dll" /reference:"C:\Program Files\dotnet\packs\Microsoft.AspNetCore.App.Ref\10.0.2\ref\net10.0\Microsoft.Extensions.Logging.dll" /reference:"C:\Program Files\dotnet\packs\Microsoft.AspNetCore.App.Ref\10.0.2\ref\net10.0\Microsoft.Extensions.Logging.EventLog.dll" /reference:"C:\Program Files\dotnet\packs\Microsoft.AspNetCore.App.Ref\10.0.2\ref\net10.0\Microsoft.Extensions.Logging.EventSource.dll" /reference:"C:\Program Files\dotnet\packs\Microsoft.AspNetCore.App.Ref\10.0.2\ref\net10.0\Microsoft.Extensions.Logging.TraceSource.dll" /reference:"C:\Program Files\dotnet\packs\Microsoft.AspNetCore.App.Ref\10.0.2\ref\net10.0\Microsoft.Extensions.ObjectPool.dll" /reference:"C:\Program Files\dotnet\packs\Microsoft.AspNetCore.App.Ref\10.0.2\ref\net10.0\Microsoft.Extensions.Options.ConfigurationExtensions.dll" /reference:"C:\Program Files\dotnet\packs\Microsoft.AspNetCore.App.Ref\10.0.2\ref\net10.0\Microsoft.Extensions.Options.DataAnnotations.dll" /reference:"C:\Program Files\dotnet\packs\Microsoft.AspNetCore.App.Ref\10.0.2\ref\net10.0\Microsoft.Extensions.Options.dll" /reference:"C:\Program Files\dotnet\packs\Microsoft.AspNetCore.App.Ref\10.0.2\ref\net10.0\Microsoft.Extensions.Primitives.dll" /reference:"C:\Program Files\dotnet\packs\Microsoft.AspNetCore.App.Ref\10.0.2\ref\net10.0\Microsoft.Extensions.Validation.dll" /reference:"C:\Program Files\dotnet\packs\Microsoft.AspNetCore.App.Ref\10.0.2\ref\net10.0\Microsoft.Extensions.WebEncoders.dll" /reference:C:\Users\lenovo\.nuget\packages\microsoft.identitymodel.abstractions\8.0.1\lib\net9.0\Microsoft.IdentityModel.Abstractions.dll /reference:C:\Users\lenovo\.nuget\packages\microsoft.identitymodel.jsonwebtokens\8.0.1\lib\net9.0\Microsoft.IdentityModel.JsonWebTokens.dll /reference:C:\Users\lenovo\.nuget\packages\microsoft.identitymodel.logging\8.0.1\lib\net9.0\Microsoft.IdentityModel.Logging.dll /reference:C:\Users\lenovo\.nuget\packages\microsoft.identitymodel.protocols\8.0.1\lib\net9.0\Microsoft.IdentityModel.Protocols.dll /reference:C:\Users\lenovo\.nuget\packages\microsoft.identitymodel.protocols.openidconnect\8.0.1\lib\net9.0\Microsoft.IdentityModel.Protocols.OpenIdConnect.dll /reference:C:\Users\lenovo\.nuget\packages\microsoft.identitymodel.tokens\8.0.1\lib\net9.0\Microsoft.IdentityModel.Tokens.dll /reference:"C:\Program Files\dotnet\packs\Microsoft.AspNetCore.App.Ref\10.0.2\ref\net10.0\Microsoft.JSInterop.dll" /reference:"C:\Program Files\dotnet\packs\Microsoft.AspNetCore.App.Ref\10.0.2\ref\net10.0\Microsoft.Net.Http.Headers.dll" /reference:"C:\Program Files\dotnet\packs\Microsoft.NETCore.App.Ref\10.0.2\ref\net10.0\Microsoft.VisualBasic.Core.dll" /reference:"C:\Program Files\dotnet\packs\Microsoft.NETCore.App.Ref\10.0.2\ref\net10.0\Microsoft.VisualBasic.dll" /reference:"C:\Program Files\dotnet\packs\Microsoft.NETCore.App.Ref\10.0.2\ref\net10.0\Microsoft.Win32.Primitives.dll" /reference:"C:\Program Files\dotnet\packs\Microsoft.NETCore.App.Ref\10.0.2\ref\net10.0\Microsoft.Win32.Registry.dll" /reference:"C:\Program Files\dotnet\packs\Microsoft.NETCore.App.Ref\10.0.2\ref\net10.0\mscorlib.dll" /reference:"C:\Program Files\dotnet\packs\Microsoft.NETCore.App.Ref\10.0.2\ref\net10.0\netstandard.dll" /reference:C:\Users\lenovo\.nuget\packages\sqlitepclraw.bundle_e_sqlite3\2.1.11\lib\netstandard2.0\SQLitePCLRaw.batteries_v2.dll /reference:C:\Users\lenovo\.nuget\packages\sqlitepclraw.core\2.1.11\lib\netstandard2.0\SQLitePCLRaw.core.dll /reference:C:\Users\lenovo\.nuget\packages\sqlitepclraw.provider.e_sqlite3\2.1.11\lib\net6.0\SQLitePCLRaw.provider.e_sqlite3.dll /reference:"C:\Program Files\dotnet\packs\Microsoft.NETCore.App.Ref\10.0.2\ref\net10.0\System.AppContext.dll" /reference:"C:\Program Files\dotnet\packs\Microsoft.NETCore.App.Ref\10.0.2\ref\net10.0\System.Buffers.dll" /reference:"C:\Program Files\dotnet\packs\Microsoft.NETCore.App.Ref\10.0.2\ref\net10.0\System.Collections.Concurrent.dll" /reference:"C:\Program Files\dotnet\packs\Microsoft.NETCore.App.Ref\10.0.2\ref\net10.0\System.Collections.dll" /reference:"C:\Program Files\dotnet\packs\Microsoft.NETCore.App.Ref\10.0.2\ref\net10.0\System.Collections.Immutable.dll" /reference:"C:\Program Files\dotnet\packs\Microsoft.NETCore.App.Ref\10.0.2\ref\net10.0\System.Collections.NonGeneric.dll" /reference:"C:\Program Files\dotnet\packs\Microsoft.NETCore.App.Ref\10.0.2\ref\net10.0\System.Collections.Specialized.dll" /reference:"C:\Program Files\dotnet\packs\Microsoft.NETCore.App.Ref\10.0.2\ref\net10.0\System.ComponentModel.Annotations.dll" /reference:"C:\Program Files\dotnet\packs\Microsoft.NETCore.App.Ref\10.0.2\ref\net10.0\System.ComponentModel.DataAnnotations.dll" /reference:"C:\Program Files\dotnet\packs\Microsoft.NETCore.App.Ref\10.0.2\ref\net10.0\System.ComponentModel.dll" /reference:"C:\Program Files\dotnet\packs\Microsoft.NETCore.App.Ref\10.0.2\ref\net10.0\System.ComponentModel.EventBasedAsync.dll" /reference:"C:\Program Files\dotnet\packs\Microsoft.NETCore.App.Ref\10.0.2\ref\net10.0\System.ComponentModel.Primitives.dll" /reference:"C:\Program Files\dotnet\packs\Microsoft.NETCore.App.Ref\10.0.2\ref\net10.0\System.ComponentModel.TypeConverter.dll" /reference:"C:\Program Files\dotnet\packs\Microsoft.NETCore.App.Ref\10.0.2\ref\net10.0\System.Configuration.dll" /reference:"C:\Program Files\dotnet\packs\Microsoft.NETCore.App.Ref\10.0.2\ref\net10.0\System.Console.dll" /reference:"C:\Program Files\dotnet\packs\Microsoft.NETCore.App.Ref\10.0.2\ref\net10.0\System.Core.dll" /reference:"C:\Program Files\dotnet\packs\Microsoft.NETCore.App.Ref\10.0.2\ref\net10.0\System.Data.Common.dll" /reference:"C:\Program Files\dotnet\packs\Microsoft.NETCore.App.Ref\10.0.2\ref\net10.0\System.Data.DataSetExtensions.dll" /reference:"C:\Program Files\dotnet\packs\Microsoft.NETCore.App.Ref\10.0.2\ref\net10.0\System.Data.dll" /reference:"C:\Program Files\dotnet\packs\Microsoft.NETCore.App.Ref\10.0.2\ref\net10.0\System.Diagnostics.Contracts.dll" /reference:"C:\Program Files\dotnet\packs\Microsoft.NETCore.App.Ref\10.0.2\ref\net10.0\System.Diagnostics.Debug.dll" /reference:"C:\Program Files\dotnet\packs\Microsoft.NETCore.App.Ref\10.0.2\ref\net10.0\System.Diagnostics.DiagnosticSource.dll" /reference:"C:\Program Files\dotnet\packs\Microsoft.AspNetCore.App.Ref\10.0.2\ref\net10.0\System.Diagnostics.EventLog.dll" /reference:"C:\Program Files\dotnet\packs\Microsoft.NETCore.App.Ref\10.0.2\ref\net10.0\System.Diagnostics.FileVersionInfo.dll" /reference:"C:\Program Files\dotnet\packs\Microsoft.NETCore.App.Ref\10.0.2\ref\net10.0\System.Diagnostics.Process.dll" /reference:"C:\Program Files\dotnet\packs\Microsoft.NETCore.App.Ref\10.0.2\ref\net10.0\System.Diagnostics.StackTrace.dll" /reference:"C:\Program Files\dotnet\packs\Microsoft.NETCore.App.Ref\10.0.2\ref\net10.0\System.Diagnostics.TextWriterTraceListener.dll" /reference:"C:\Program Files\dotnet\packs\Microsoft.NETCore.App.Ref\10.0.2\ref\net10.0\System.Diagnostics.Tools.dll" /reference:"C:\Program Files\dotnet\packs\Microsoft.NETCore.App.Ref\10.0.2\ref\net10.0\System.Diagnostics.TraceSource.dll" /reference:"C:\Program Files\dotnet\packs\Microsoft.NETCore.App.Ref\10.0.2\ref\net10.0\System.Diagnostics.Tracing.dll" /reference:"C:\Program Files\dotnet\packs\Microsoft.NETCore.App.Ref\10.0.2\ref\net10.0\System.dll" /reference:"C:\Program Files\dotnet\packs\Microsoft.NETCore.App.Ref\10.0.2\ref\net10.0\System.Drawing.dll" /reference:"C:\Program Files\dotnet\packs\Microsoft.NETCore.App.Ref\10.0.2\ref\net10.0\System.Drawing.Primitives.dll" /reference:"C:\Program Files\dotnet\packs\Microsoft.NETCore.App.Ref\10.0.2\ref\net10.0\System.Dynamic.Runtime.dll" /reference:"C:\Program Files\dotnet\packs\Microsoft.NETCore.App.Ref\10.0.2\ref\net10.0\System.Formats.Asn1.dll" /reference:"C:\Program Files\dotnet\packs\Microsoft.AspNetCore.App.Ref\10.0.2\ref\net10.0\System.Formats.Cbor.dll" /reference:"C:\Program Files\dotnet\packs\Microsoft.NETCore.App.Ref\10.0.2\ref\net10.0\System.Formats.Tar.dll" /reference:"C:\Program Files\dotnet\packs\Microsoft.NETCore.App.Ref\10.0.2\ref\net10.0\System.Globalization.Calendars.dll" /reference:"C:\Program Files\dotnet\packs\Microsoft.NETCore.App.Ref\10.0.2\ref\net10.0\System.Globalization.dll" /reference:"C:\Program Files\dotnet\packs\Microsoft.NETCore.App.Ref\10.0.2\ref\net10.0\System.Globalization.Extensions.dll" /reference:C:\Users\lenovo\.nuget\packages\system.identitymodel.tokens.jwt\8.0.1\lib\net9.0\System.IdentityModel.Tokens.Jwt.dll /reference:"C:\Program Files\dotnet\packs\Microsoft.NETCore.App.Ref\10.0.2\ref\net10.0\System.IO.Compression.Brotli.dll" /reference:"C:\Program Files\dotnet\packs\Microsoft.NETCore.App.Ref\10.0.2\ref\net10.0\System.IO.Compression.dll" /reference:"C:\Program Files\dotnet\packs\Microsoft.NETCore.App.Ref\10.0.2\ref\net10.0\System.IO.Compression.FileSystem.dll" /reference:"C:\Program Files\dotnet\packs\Microsoft.NETCore.App.Ref\10.0.2\ref\net10.0\System.IO.Compression.ZipFile.dll" /reference:"C:\Program Files\dotnet\packs\Microsoft.NETCore.App.Ref\10.0.2\ref\net10.0\System.IO.dll" /reference:"C:\Program Files\dotnet\packs\Microsoft.NETCore.App.Ref\10.0.2\ref\net10.0\System.IO.FileSystem.AccessControl.dll" /reference:"C:\Program Files\dotnet\packs\Microsoft.NETCore.App.Ref\10.0.2\ref\net10.0\System.IO.FileSystem.dll" /reference:"C:\Program Files\dotnet\packs\Microsoft.NETCore.App.Ref\10.0.2\ref\net10.0\System.IO.FileSystem.DriveInfo.dll" /reference:"C:\Program Files\dotnet\packs\Microsoft.NETCore.App.Ref\10.0.2\ref\net10.0\System.IO.FileSystem.Primitives.dll" /reference:"C:\Program Files\dotnet\packs\Microsoft.NETCore.App.Ref\10.0.2\ref\net10.0\System.IO.FileSystem.Watcher.dll" /reference:"C:\Program Files\dotnet\packs\Microsoft.NETCore.App.Ref\10.0.2\ref\net10.0\System.IO.IsolatedStorage.dll" /reference:"C:\Program Files\dotnet\packs\Microsoft.NETCore.App.Ref\10.0.2\ref\net10.0\System.IO.MemoryMappedFiles.dll" /reference:"C:\Program Files\dotnet\packs\Microsoft.NETCore.App.Ref\10.0.2\ref\net10.0\System.IO.Pipelines.dll" /reference:"C:\Program Files\dotnet\packs\Microsoft.NETCore.App.Ref\10.0.2\ref\net10.0\System.IO.Pipes.AccessControl.dll" /reference:"C:\Program Files\dotnet\packs\Microsoft.NETCore.App.Ref\10.0.2\ref\net10.0\System.IO.Pipes.dll" /reference:"C:\Program Files\dotnet\packs\Microsoft.NETCore.App.Ref\10.0.2\ref\net10.0\System.IO.UnmanagedMemoryStream.dll" /reference:"C:\Program Files\dotnet\packs\Microsoft.NETCore.App.Ref\10.0.2\ref\net10.0\System.Linq.AsyncEnumerable.dll" /reference:"C:\Program Files\dotnet\packs\Microsoft.NETCore.App.Ref\10.0.2\ref\net10.0\System.Linq.dll" /reference:"C:\Program Files\dotnet\packs\Microsoft.NETCore.App.Ref\10.0.2\ref\net10.0\System.Linq.Expressions.dll" /reference:"C:\Program Files\dotnet\packs\Microsoft.NETCore.App.Ref\10.0.2\ref\net10.0\System.Linq.Parallel.dll" /reference:"C:\Program Files\dotnet\packs\Microsoft.NETCore.App.Ref\10.0.2\ref\net10.0\System.Linq.Queryable.dll" /reference:"C:\Program Files\dotnet\packs\Microsoft.NETCore.App.Ref\10.0.2\ref\net10.0\System.Memory.dll" /reference:"C:\Program Files\dotnet\packs\Microsoft.NETCore.App.Ref\10.0.2\ref\net10.0\System.Net.dll" /reference:"C:\Program Files\dotnet\packs\Microsoft.NETCore.App.Ref\10.0.2\ref\net10.0\System.Net.Http.dll" /reference:"C:\Program Files\dotnet\packs\Microsoft.NETCore.App.Ref\10.0.2\ref\net10.0\System.Net.Http.Json.dll" /reference:"C:\Program Files\dotnet\packs\Microsoft.NETCore.App.Ref\10.0.2\ref\net10.0\System.Net.HttpListener.dll" /reference:"C:\Program Files\dotnet\packs\Microsoft.NETCore.App.Ref\10.0.2\ref\net10.0\System.Net.Mail.dll" /reference:"C:\Program Files\dotnet\packs\Microsoft.NETCore.App.Ref\10.0.2\ref\net10.0\System.Net.NameResolution.dll" /reference:"C:\Program Files\dotnet\packs\Microsoft.NETCore.App.Ref\10.0.2\ref\net10.0\System.Net.NetworkInformation.dll" /reference:"C:\Program Files\dotnet\packs\Microsoft.NETCore.App.Ref\10.0.2\ref\net10.0\System.Net.Ping.dll" /reference:"C:\Program Files\dotnet\packs\Microsoft.NETCore.App.Ref\10.0.2\ref\net10.0\System.Net.Primitives.dll" /reference:"C:\Program Files\dotnet\packs\Microsoft.NETCore.App.Ref\10.0.2\ref\net10.0\System.Net.Quic.dll" /reference:"C:\Program Files\dotnet\packs\Microsoft.NETCore.App.Ref\10.0.2\ref\net10.0\System.Net.Requests.dll" /reference:"C:\Program Files\dotnet\packs\Microsoft.NETCore.App.Ref\10.0.2\ref\net10.0\System.Net.Security.dll" /reference:"C:\Program Files\dotnet\packs\Microsoft.NETCore.App.Ref\10.0.2\ref\net10.0\System.Net.ServerSentEvents.dll" /reference:"C:\Program Files\dotnet\packs\Microsoft.NETCore.App.Ref\10.0.2\ref\net10.0\System.Net.ServicePoint.dll" /reference:"C:\Program Files\dotnet\packs\Microsoft.NETCore.App.Ref\10.0.2\ref\net10.0\System.Net.Sockets.dll" /reference:"C:\Program Files\dotnet\packs\Microsoft.NETCore.App.Ref\10.0.2\ref\net10.0\System.Net.WebClient.dll" /reference:"C:\Program Files\dotnet\packs\Microsoft.NETCore.App.Ref\10.0.2\ref\net10.0\System.Net.WebHeaderCollection.dll" /reference:"C:\Program Files\dotnet\packs\Microsoft.NETCore.App.Ref\10.0.2\ref\net10.0\System.Net.WebProxy.dll" /reference:"C:\Program Files\dotnet\packs\Microsoft.NETCore.App.Ref\10.0.2\ref\net10.0\System.Net.WebSockets.Client.dll" /reference:"C:\Program Files\dotnet\packs\Microsoft.NETCore.App.Ref\10.0.2\ref\net10.0\System.Net.WebSockets.dll" /reference:"C:\Program Files\dotnet\packs\Microsoft.NETCore.App.Ref\10.0.2\ref\net10.0\System.Numerics.dll" /reference:"C:\Program Files\dotnet\packs\Microsoft.NETCore.App.Ref\10.0.2\ref\net10.0\System.Numerics.Vectors.dll" /reference:"C:\Program Files\dotnet\packs\Microsoft.NETCore.App.Ref\10.0.2\ref\net10.0\System.ObjectModel.dll" /reference:"C:\Program Files\dotnet\packs\Microsoft.NETCore.App.Ref\10.0.2\ref\net10.0\System.Reflection.DispatchProxy.dll" /reference:"C:\Program Files\dotnet\packs\Microsoft.NETCore.App.Ref\10.0.2\ref\net10.0\System.Reflection.dll" /reference:"C:\Program Files\dotnet\packs\Microsoft.NETCore.App.Ref\10.0.2\ref\net10.0\System.Reflection.Emit.dll" /reference:"C:\Program Files\dotnet\packs\Microsoft.NETCore.App.Ref\10.0.2\ref\net10.0\System.Reflection.Emit.ILGeneration.dll" /reference:"C:\Program Files\dotnet\packs\Microsoft.NETCore.App.Ref\10.0.2\ref\net10.0\System.Reflection.Emit.Lightweight.dll" /reference:"C:\Program Files\dotnet\packs\Microsoft.NETCore.App.Ref\10.0.2\ref\net10.0\System.Reflection.Extensions.dll" /reference:"C:\Program Files\dotnet\packs\Microsoft.NETCore.App.Ref\10.0.2\ref\net10.0\System.Reflection.Metadata.dll" /reference:"C:\Program Files\dotnet\packs\Microsoft.NETCore.App.Ref\10.0.2\ref\net10.0\System.Reflection.Primitives.dll" /reference:"C:\Program Files\dotnet\packs\Microsoft.NETCore.App.Ref\10.0.2\ref\net10.0\System.Reflection.TypeExtensions.dll" /reference:"C:\Program Files\dotnet\packs\Microsoft.NETCore.App.Ref\10.0.2\ref\net10.0\System.Resources.Reader.dll" /reference:"C:\Program Files\dotnet\packs\Microsoft.NETCore.App.Ref\10.0.2\ref\net10.0\System.Resources.ResourceManager.dll" /reference:"C:\Program Files\dotnet\packs\Microsoft.NETCore.App.Ref\10.0.2\ref\net10.0\System.Resources.Writer.dll" /reference:"C:\Program Files\dotnet\packs\Microsoft.NETCore.App.Ref\10.0.2\ref\net10.0\System.Runtime.CompilerServices.Unsafe.dll" /reference:"C:\Program Files\dotnet\packs\Microsoft.NETCore.App.Ref\10.0.2\ref\net10.0\System.Runtime.CompilerServices.VisualC.dll" /reference:"C:\Program Files\dotnet\packs\Microsoft.NETCore.App.Ref\10.0.2\ref\net10.0\System.Runtime.dll" /reference:"C:\Program Files\dotnet\packs\Microsoft.NETCore.App.Ref\10.0.2\ref\net10.0\System.Runtime.Extensions.dll" /reference:"C:\Program Files\dotnet\packs\Microsoft.NETCore.App.Ref\10.0.2\ref\net10.0\System.Runtime.Handles.dll" /reference:"C:\Program Files\dotnet\packs\Microsoft.NETCore.App.Ref\10.0.2\ref\net10.0\System.Runtime.InteropServices.dll" /reference:"C:\Program Files\dotnet\packs\Microsoft.NETCore.App.Ref\10.0.2\ref\net10.0\System.Runtime.InteropServices.JavaScript.dll" /reference:"C:\Program Files\dotnet\packs\Microsoft.NETCore.App.Ref\10.0.2\ref\net10.0\System.Runtime.InteropServices.RuntimeInformation.dll" /reference:"C:\Program Files\dotnet\packs\Microsoft.NETCore.App.Ref\10.0.2\ref\net10.0\System.Runtime.Intrinsics.dll" /reference:"C:\Program Files\dotnet\packs\Microsoft.NETCore.App.Ref\10.0.2\ref\net10.0\System.Runtime.Loader.dll" /reference:"C:\Program Files\dotnet\packs\Microsoft.NETCore.App.Ref\10.0.2\ref\net10.0\System.Runtime.Numerics.dll" /reference:"C:\Program Files\dotnet\packs\Microsoft.NETCore.App.Ref\10.0.2\ref\net10.0\System.Runtime.Serialization.dll" /reference:"C:\Program Files\dotnet\packs\Microsoft.NETCore.App.Ref\10.0.2\ref\net10.0\System.Runtime.Serialization.Formatters.dll" /reference:"C:\Program Files\dotnet\packs\Microsoft.NETCore.App.Ref\10.0.2\ref\net10.0\System.Runtime.Serialization.Json.dll" /reference:"C:\Program Files\dotnet\packs\Microsoft.NETCore.App.Ref\10.0.2\ref\net10.0\System.Runtime.Serialization.Primitives.dll" /reference:"C:\Program Files\dotnet\packs\Microsoft.NETCore.App.Ref\10.0.2\ref\net10.0\System.Runtime.Serialization.Xml.dll" /reference:"C:\Program Files\dotnet\packs\Microsoft.NETCore.App.Ref\10.0.2\ref\net10.0\System.Security.AccessControl.dll" /reference:"C:\Program Files\dotnet\packs\Microsoft.NETCore.App.Ref\10.0.2\ref\net10.0\System.Security.Claims.dll" /reference:"C:\Program Files\dotnet\packs\Microsoft.NETCore.App.Ref\10.0.2\ref\net10.0\System.Security.Cryptography.Algorithms.dll" /reference:"C:\Program Files\dotnet\packs\Microsoft.NETCore.App.Ref\10.0.2\ref\net10.0\System.Security.Cryptography.Cng.dll" /reference:"C:\Program Files\dotnet\packs\Microsoft.NETCore.App.Ref\10.0.2\ref\net10.0\System.Security.Cryptography.Csp.dll" /reference:"C:\Program Files\dotnet\packs\Microsoft.NETCore.App.Ref\10.0.2\ref\net10.0\System.Security.Cryptography.dll" /reference:"C:\Program Files\dotnet\packs\Microsoft.NETCore.App.Ref\10.0.2\ref\net10.0\System.Security.Cryptography.Encoding.dll" /reference:"C:\Program Files\dotnet\packs\Microsoft.NETCore.App.Ref\10.0.2\ref\net10.0\System.Security.Cryptography.OpenSsl.dll" /reference:"C:\Program Files\dotnet\packs\Microsoft.NETCore.App.Ref\10.0.2\ref\net10.0\System.Security.Cryptography.Primitives.dll" /reference:"C:\Program Files\dotnet\packs\Microsoft.NETCore.App.Ref\10.0.2\ref\net10.0\System.Security.Cryptography.X509Certificates.dll" /reference:"C:\Program Files\dotnet\packs\Microsoft.AspNetCore.App.Ref\10.0.2\ref\net10.0\System.Security.Cryptography.Xml.dll" /reference:"C:\Program Files\dotnet\packs\Microsoft.NETCore.App.Ref\10.0.2\ref\net10.0\System.Security.dll" /reference:"C:\Program Files\dotnet\packs\Microsoft.NETCore.App.Ref\10.0.2\ref\net10.0\System.Security.Principal.dll" /reference:"C:\Program Files\dotnet\packs\Microsoft.NETCore.App.Ref\10.0.2\ref\net10.0\System.Security.Principal.Windows.dll" /reference:"C:\Program Files\dotnet\packs\Microsoft.NETCore.App.Ref\10.0.2\ref\net10.0\System.Security.SecureString.dll" /reference:"C:\Program Files\dotnet\packs\Microsoft.NETCore.App.Ref\10.0.2\ref\net10.0\System.ServiceModel.Web.dll" /reference:"C:\Program Files\dotnet\packs\Microsoft.NETCore.App.Ref\10.0.2\ref\net10.0\System.ServiceProcess.dll" /reference:"C:\Program Files\dotnet\packs\Microsoft.NETCore.App.Ref\10.0.2\ref\net10.0\System.Text.Encoding.CodePages.dll" /reference:"C:\Program Files\dotnet\packs\Microsoft.NETCore.App.Ref\10.0.2\ref\net10.0\System.Text.Encoding.dll" /reference:"C:\Program Files\dotnet\packs\Microsoft.NETCore.App.Ref\10.0.2\ref\net10.0\System.Text.Encoding.Extensions.dll" /reference:"C:\Program Files\dotnet\packs\Microsoft.NETCore.App.Ref\10.0.2\ref\net10.0\System.Text.Encodings.Web.dll" /reference:"C:\Program Files\dotnet\packs\Microsoft.NETCore.App.Ref\10.0.2\ref\net10.0\System.Text.Json.dll" /reference:"C:\Program Files\dotnet\packs\Microsoft.NETCore.App.Ref\10.0.2\ref\net10.0\System.Text.RegularExpressions.dll" /reference:"C:\Program Files\dotnet\packs\Microsoft.NETCore.App.Ref\10.0.2\ref\net10.0\System.Threading.AccessControl.dll" /reference:"C:\Program Files\dotnet\packs\Microsoft.NETCore.App.Ref\10.0.2\ref\net10.0\System.Threading.Channels.dll" /reference:"C:\Program Files\dotnet\packs\Microsoft.NETCore.App.Ref\10.0.2\ref\net10.0\System.Threading.dll" /reference:"C:\Program Files\dotnet\packs\Microsoft.NETCore.App.Ref\10.0.2\ref\net10.0\System.Threading.Overlapped.dll" /reference:"C:\Program Files\dotnet\packs\Microsoft.AspNetCore.App.Ref\10.0.2\ref\net10.0\System.Threading.RateLimiting.dll" /reference:"C:\Program Files\dotnet\packs\Microsoft.NETCore.App.Ref\10.0.2\ref\net10.0\System.Threading.Tasks.Dataflow.dll" /reference:"C:\Program Files\dotnet\packs\Microsoft.NETCore.App.Ref\10.0.2\ref\net10.0\System.Threading.Tasks.dll" /reference:"C:\Program Files\dotnet\packs\Microsoft.NETCore.App.Ref\10.0.2\ref\net10.0\System.Threading.Tasks.Extensions.dll" /reference:"C:\Program Files\dotnet\packs\Microsoft.NETCore.App.Ref\10.0.2\ref\net10.0\System.Threading.Tasks.Parallel.dll" /reference:"C:\Program Files\dotnet\packs\Microsoft.NETCore.App.Ref\10.0.2\ref\net10.0\System.Threading.Thread.dll" /reference:"C:\Program Files\dotnet\packs\Microsoft.NETCore.App.Ref\10.0.2\ref\net10.0\System.Threading.ThreadPool.dll" /reference:"C:\Program Files\dotnet\packs\Microsoft.NETCore.App.Ref\10.0.2\ref\net10.0\System.Threading.Timer.dll" /reference:"C:\Program Files\dotnet\packs\Microsoft.NETCore.App.Ref\10.0.2\ref\net10.0\System.Transactions.dll" /reference:"C:\Program Files\dotnet\packs\Microsoft.NETCore.App.Ref\10.0.2\ref\net10.0\System.Transactions.Local.dll" /reference:"C:\Program Files\dotnet\packs\Microsoft.NETCore.App.Ref\10.0.2\ref\net10.0\System.ValueTuple.dll" /reference:"C:\Program Files\dotnet\packs\Microsoft.NETCore.App.Ref\10.0.2\ref\net10.0\System.Web.dll" /reference:"C:\Program Files\dotnet\packs\Microsoft.NETCore.App.Ref\10.0.2\ref\net10.0\System.Web.HttpUtility.dll" /reference:"C:\Program Files\dotnet\packs\Microsoft.NETCore.App.Ref\10.0.2\ref\net10.0\System.Windows.dll" /reference:"C:\Program Files\dotnet\packs\Microsoft.NETCore.App.Ref\10.0.2\ref\net10.0\System.Xml.dll" /reference:"C:\Program Files\dotnet\packs\Microsoft.NETCore.App.Ref\10.0.2\ref\net10.0\System.Xml.Linq.dll" /reference:"C:\Program Files\dotnet\packs\Microsoft.NETCore.App.Ref\10.0.2\ref\net10.0\System.Xml.ReaderWriter.dll" /reference:"C:\Program Files\dotnet\packs\Microsoft.NETCore.App.Ref\10.0.2\ref\net10.0\System.Xml.Serialization.dll" /reference:"C:\Program Files\dotnet\packs\Microsoft.NETCore.App.Ref\10.0.2\ref\net10.0\System.Xml.XDocument.dll" /reference:"C:\Program Files\dotnet\packs\Microsoft.NETCore.App.Ref\10.0.2\ref\net10.0\System.Xml.XmlDocument.dll" /reference:"C:\Program Files\dotnet\packs\Microsoft.NETCore.App.Ref\10.0.2\ref\net10.0\System.Xml.XmlSerializer.dll" /reference:"C:\Program Files\dotnet\packs\Microsoft.NETCore.App.Ref\10.0.2\ref\net10.0\System.Xml.XPath.dll" /reference:"C:\Program Files\dotnet\packs\Microsoft.NETCore.App.Ref\10.0.2\ref\net10.0\System.Xml.XPath.XDocument.dll" /reference:"C:\Program Files\dotnet\packs\Microsoft.NETCore.App.Ref\10.0.2\ref\net10.0\WindowsBase.dll" /features:"InterceptorsNamespaces=;Microsoft.Extensions.Validation.Generated" /debug+ /debug:portable /filealign:512 /optimize- /out:obj\Debug\net10.0\FoodStreetPoiAdmin.dll /refout:obj\Debug\net10.0\refint\FoodStreetPoiAdmin.dll /target:exe /warnaserror- /utf8output /deterministic+ /sourcelink:obj\Debug\net10.0\FoodStreetPoiAdmin.sourcelink.json /langversion:14.0 /features:use-roslyn-tokenizer=true /embed:obj\Debug\net10.0\FoodStreetPoiAdmin.GlobalUsings.g.cs /embed:"obj\Debug\net10.0\.NETCoreApp,Version=v10.0.AssemblyAttributes.cs" /embed:obj\Debug\net10.0\FoodStreetPoiAdmin.AssemblyInfo.cs /analyzerconfig:obj\Debug\net10.0\FoodStreetPoiAdmin.GeneratedMSBuildEditorConfig.editorconfig /analyzerconfig:"C:\Program Files\dotnet\sdk\10.0.102\Sdks\Microsoft.NET.Sdk\analyzers\build\config\analysislevel_10_default.globalconfig" /analyzer:"C:\Program Files\dotnet\sdk\10.0.102\Sdks\Microsoft.NET.Sdk.Web\analyzers\cs\Microsoft.AspNetCore.Analyzers.dll" /analyzer:"C:\Program Files\dotnet\sdk\10.0.102\Sdks\Microsoft.NET.Sdk.Web\analyzers\cs\Microsoft.AspNetCore.Mvc.Analyzers.dll" /analyzer:"C:\Program Files\dotnet\sdk\10.0.102\Sdks\Microsoft.NET.Sdk\targets\..\analyzers\Microsoft.CodeAnalysis.CSharp.NetAnalyzers.dll" /analyzer:"C:\Program Files\dotnet\sdk\10.0.102\Sdks\Microsoft.NET.Sdk\targets\..\analyzers\Microsoft.CodeAnalysis.NetAnalyzers.dll" /analyzer:"C:\Program Files\dotnet\packs\Microsoft.NETCore.App.Ref\10.0.2\analyzers/dotnet/cs/Microsoft.Interop.ComInterfaceGenerator.dll" /analyzer:"C:\Program Files\dotnet\packs\Microsoft.NETCore.App.Ref\10.0.2\analyzers/dotnet/cs/Microsoft.Interop.JavaScript.JSImportGenerator.dll" /analyzer:"C:\Program Files\dotnet\packs\Microsoft.NETCore.App.Ref\10.0.2\analyzers/dotnet/cs/Microsoft.Interop.LibraryImportGenerator.dll" /analyzer:"C:\Program Files\dotnet\packs\Microsoft.NETCore.App.Ref\10.0.2\analyzers/dotnet/cs/Microsoft.Interop.SourceGeneration.dll" /analyzer:"C:\Program Files\dotnet\packs\Microsoft.NETCore.App.Ref\10.0.2\analyzers/dotnet/cs/System.Text.Json.SourceGeneration.dll" /analyzer:"C:\Program Files\dotnet\packs\Microsoft.NETCore.App.Ref\10.0.2\analyzers/dotnet/cs/System.Text.RegularExpressions.Generator.dll" /analyzer:"C:\Program Files\dotnet\packs\Microsoft.AspNetCore.App.Ref\10.0.2\analyzers/dotnet/cs/Microsoft.AspNetCore.App.Analyzers.dll" /analyzer:"C:\Program Files\dotnet\packs\Microsoft.AspNetCore.App.Ref\10.0.2\analyzers/dotnet/cs/Microsoft.AspNetCore.App.CodeFixes.dll" /analyzer:"C:\Program Files\dotnet\packs\Microsoft.AspNetCore.App.Ref\10.0.2\analyzers/dotnet/cs/Microsoft.AspNetCore.App.SourceGenerators.dll" /analyzer:"C:\Program Files\dotnet\packs\Microsoft.AspNetCore.App.Ref\10.0.2\analyzers/dotnet/cs/Microsoft.AspNetCore.Components.Analyzers.dll" /analyzer:"C:\Program Files\dotnet\packs\Microsoft.AspNetCore.App.Ref\10.0.2\analyzers/dotnet/cs/Microsoft.Extensions.Validation.ValidationsGenerator.dll" /analyzer:"C:\Program Files\dotnet\packs\Microsoft.AspNetCore.App.Ref\10.0.2\analyzers/dotnet/cs/Microsoft.Extensions.Logging.Generators.dll" /analyzer:"C:\Program Files\dotnet\packs\Microsoft.AspNetCore.App.Ref\10.0.2\analyzers/dotnet/cs/Microsoft.Extensions.Options.SourceGeneration.dll" /analyzer:"C:\Program Files\dotnet\sdk\10.0.102\Sdks\Microsoft.NET.Sdk.Razor\targets\..\source-generators\Microsoft.AspNetCore.Razor.Utilities.Shared.dll" /analyzer:"C:\Program Files\dotnet\sdk\10.0.102\Sdks\Microsoft.NET.Sdk.Razor\targets\..\source-generators\Microsoft.CodeAnalysis.Razor.Compiler.dll" /analyzer:"C:\Program Files\dotnet\sdk\10.0.102\Sdks\Microsoft.NET.Sdk.Razor\targets\..\source-generators\Microsoft.Extensions.ObjectPool.dll" Program.cs obj\Debug\net10.0\FoodStreetPoiAdmin.GlobalUsings.g.cs "obj\Debug\net10.0\.NETCoreApp,Version=v10.0.AssemblyAttributes.cs" obj\Debug\net10.0\FoodStreetPoiAdmin.AssemblyInfo.cs /warnaserror+:NU1605,SYSLIB0011'
         Assembly loaded during TaskRun (Microsoft.CodeAnalysis.BuildTasks.Csc): System.IO.Pipes, Version=10.0.0.0, Culture=neutral, PublicKeyToken=b03f5f7f11d50a3a (location: C:\Program Files\dotnet\shared\Microsoft.NETCore.App\10.0.2\System.IO.Pipes.dll, MVID: 879194cf-a07a-488b-a4ba-fcb665bcea2a, AssemblyLoadContext: Default)
         Attempt to open named pipe 'LD4UgRTs47XrEwdCYEljCRl8d2KEkAauVFWkQldhTkU'
         Attempt to connect named pipe 'LD4UgRTs47XrEwdCYEljCRl8d2KEkAauVFWkQldhTkU'
         Assembly loaded during TaskRun (Microsoft.CodeAnalysis.BuildTasks.Csc): System.Security.AccessControl, Version=10.0.0.0, Culture=neutral, PublicKeyToken=b03f5f7f11d50a3a (location: C:\Program Files\dotnet\shared\Microsoft.NETCore.App\10.0.2\System.Security.AccessControl.dll, MVID: 02a0c108-9520-40ca-89a5-b6d6d5addac0, AssemblyLoadContext: Default)
         Named pipe 'LD4UgRTs47XrEwdCYEljCRl8d2KEkAauVFWkQldhTkU' connected
         Begin writing request for FoodStreetPoiAdmin (net10.0)
         End writing request for FoodStreetPoiAdmin (net10.0)
         Begin reading response for FoodStreetPoiAdmin (net10.0)
         End reading response for FoodStreetPoiAdmin (net10.0)
         Microsoft (R) Visual C# Compiler version 5.0.0-2.25612.105 (44525024)
         Copyright (C) Microsoft Corporation. All rights reserved.
   1:7>E:\Study_project\C#\FoodStreet\FoodStreet\FoodStreetPoiAdmin\Program.cs(4028,21): error CS0117: 'PoiMobileDto' does not contain a definition for 'AudioLang' [E:\Study_project\C#\FoodStreet\FoodStreet\FoodStreetPoiAdmin\FoodStreetPoiAdmin.csproj]
   1:7>E:\Study_project\C#\FoodStreet\FoodStreet\FoodStreetPoiAdmin\Program.cs(171,38): error CS1061: 'AdminResult' does not contain a definition for 'Value' and no accessible extension method 'Value' accepting a first argument of type 'AdminResult' could be found (are you missing a using directive or an assembly reference?) [E:\Study_project\C#\FoodStreet\FoodStreet\FoodStreetPoiAdmin\FoodStreetPoiAdmin.csproj]
   1:7>E:\Study_project\C#\FoodStreet\FoodStreet\FoodStreetPoiAdmin\Program.cs(171,54): error CS1061: 'AdminResult' does not contain a definition for 'Value' and no accessible extension method 'Value' accepting a first argument of type 'AdminResult' could be found (are you missing a using directive or an assembly reference?) [E:\Study_project\C#\FoodStreet\FoodStreet\FoodStreetPoiAdmin\FoodStreetPoiAdmin.csproj]
   1:7>E:\Study_project\C#\FoodStreet\FoodStreet\FoodStreetPoiAdmin\Program.cs(171,76): error CS1061: 'AdminResult' does not contain a definition for 'Value' and no accessible extension method 'Value' accepting a first argument of type 'AdminResult' could be found (are you missing a using directive or an assembly reference?) [E:\Study_project\C#\FoodStreet\FoodStreet\FoodStreetPoiAdmin\FoodStreetPoiAdmin.csproj]
   1:7>E:\Study_project\C#\FoodStreet\FoodStreet\FoodStreetPoiAdmin\Program.cs(171,94): error CS1061: 'AdminResult' does not contain a definition for 'Value' and no accessible extension method 'Value' accepting a first argument of type 'AdminResult' could be found (are you missing a using directive or an assembly reference?) [E:\Study_project\C#\FoodStreet\FoodStreet\FoodStreetPoiAdmin\FoodStreetPoiAdmin.csproj]
   1:7>E:\Study_project\C#\FoodStreet\FoodStreet\FoodStreetPoiAdmin\Program.cs(177,24): error CS1061: 'AdminResult' does not contain a definition for 'Value' and no accessible extension method 'Value' accepting a first argument of type 'AdminResult' could be found (are you missing a using directive or an assembly reference?) [E:\Study_project\C#\FoodStreet\FoodStreet\FoodStreetPoiAdmin\FoodStreetPoiAdmin.csproj]
   1:7>E:\Study_project\C#\FoodStreet\FoodStreet\FoodStreetPoiAdmin\Program.cs(178,30): error CS1061: 'AdminResult' does not contain a definition for 'Value' and no accessible extension method 'Value' accepting a first argument of type 'AdminResult' could be found (are you missing a using directive or an assembly reference?) [E:\Study_project\C#\FoodStreet\FoodStreet\FoodStreetPoiAdmin\FoodStreetPoiAdmin.csproj]
   1:7>E:\Study_project\C#\FoodStreet\FoodStreet\FoodStreetPoiAdmin\Program.cs(179,26): error CS1061: 'AdminResult' does not contain a definition for 'Value' and no accessible extension method 'Value' accepting a first argument of type 'AdminResult' could be found (are you missing a using directive or an assembly reference?) [E:\Study_project\C#\FoodStreet\FoodStreet\FoodStreetPoiAdmin\FoodStreetPoiAdmin.csproj]
   1:7>E:\Study_project\C#\FoodStreet\FoodStreet\FoodStreetPoiAdmin\Program.cs(180,30): error CS1061: 'AdminResult' does not contain a definition for 'Value' and no accessible extension method 'Value' accepting a first argument of type 'AdminResult' could be found (are you missing a using directive or an assembly reference?) [E:\Study_project\C#\FoodStreet\FoodStreet\FoodStreetPoiAdmin\FoodStreetPoiAdmin.csproj]
   1:7>E:\Study_project\C#\FoodStreet\FoodStreet\FoodStreetPoiAdmin\Program.cs(2361,78): warning CS8321: The local function 'FindAdminForLoginAsync' is declared but never used [E:\Study_project\C#\FoodStreet\FoodStreet\FoodStreetPoiAdmin\FoodStreetPoiAdmin.csproj]
   1:7>E:\Study_project\C#\FoodStreet\FoodStreet\FoodStreetPoiAdmin\Program.cs(2397,42): warning CS8321: The local function 'GetOwnerAccountsAsync' is declared but never used [E:\Study_project\C#\FoodStreet\FoodStreet\FoodStreetPoiAdmin\FoodStreetPoiAdmin.csproj]
   1:7>E:\Study_project\C#\FoodStreet\FoodStreet\FoodStreetPoiAdmin\Program.cs(2592,39): warning CS8321: The local function 'GetPoisForMobileAsync' is declared but never used [E:\Study_project\C#\FoodStreet\FoodStreet\FoodStreetPoiAdmin\FoodStreetPoiAdmin.csproj]
   1:7>E:\Study_project\C#\FoodStreet\FoodStreet\FoodStreetPoiAdmin\Program.cs(3213,25): warning CS8321: The local function 'RecordUserActivityAsync' is declared but never used [E:\Study_project\C#\FoodStreet\FoodStreet\FoodStreetPoiAdmin\FoodStreetPoiAdmin.csproj]
         CompilerServer: server - server processed compilation - FoodStreetPoiAdmin (net10.0)
       Done executing task "Csc" -- FAILED.
   1:7>Done building target "CoreCompile" in project "FoodStreetPoiAdmin.csproj" -- FAILED.
   1:7>Target "_CheckForCompileOutputs" in file "C:\Program Files\dotnet\sdk\10.0.102\Microsoft.Common.CurrentVersion.targets" from project "E:\Study_project\C#\FoodStreet\FoodStreet\FoodStreetPoiAdmin\FoodStreetPoiAdmin.csproj" (target "_CleanGetCurrentAndPriorFileWrites" depends on it):
       C:\Program Files\dotnet\sdk\10.0.102\Microsoft.Common.CurrentVersion.targets(5576,7): message : Property reassignment: $(_DebugSymbolsProduced)="false" (previous value: "true") at C:\Program Files\dotnet\sdk\10.0.102\Microsoft.Common.CurrentVersion.targets (5576,7) [E:\Study_project\C#\FoodStreet\FoodStreet\FoodStreetPoiAdmin\FoodStreetPoiAdmin.csproj]
   1:7>Done building target "_CheckForCompileOutputs" in project "FoodStreetPoiAdmin.csproj".
   1:7>Target "_CleanGetCurrentAndPriorFileWrites" in file "C:\Program Files\dotnet\sdk\10.0.102\Microsoft.Common.CurrentVersion.targets" from project "E:\Study_project\C#\FoodStreet\FoodStreet\FoodStreetPoiAdmin\FoodStreetPoiAdmin.csproj" (target "_CleanRecordFileWrites" depends on it):
       Using "ReadLinesFromFile" task from assembly "Microsoft.Build.Tasks.Core, Version=15.1.0.0, Culture=neutral, PublicKeyToken=b03f5f7f11d50a3a".
       Task "ReadLinesFromFile"
       Done executing task "ReadLinesFromFile".
       Task "ConvertToAbsolutePath"
       Done executing task "ConvertToAbsolutePath".
       Using "FindUnderPath" task from assembly "Microsoft.Build.Tasks.Core, Version=15.1.0.0, Culture=neutral, PublicKeyToken=b03f5f7f11d50a3a".
       Task "FindUnderPath"
         Comparison path is "E:\Study_project\C#\FoodStreet\FoodStreet\FoodStreetPoiAdmin".
       Done executing task "FindUnderPath".
       Task "FindUnderPath"
         Comparison path is "bin\Debug\net10.0\".
       Done executing task "FindUnderPath".
       Task "FindUnderPath"
         Comparison path is "obj\Debug\net10.0\".
       Done executing task "FindUnderPath".
       Task "RemoveDuplicates"
       Done executing task "RemoveDuplicates".
   1:7>Done building target "_CleanGetCurrentAndPriorFileWrites" in project "FoodStreetPoiAdmin.csproj".
   1:7>Target "_CleanRecordFileWrites" in file "C:\Program Files\dotnet\sdk\10.0.102\Microsoft.Common.CurrentVersion.targets" from project "E:\Study_project\C#\FoodStreet\FoodStreet\FoodStreetPoiAdmin\FoodStreetPoiAdmin.csproj" (target "CoreBuild" depends on it):
       Task "RemoveDuplicates"
       Done executing task "RemoveDuplicates".
       Task "MakeDir"
       Done executing task "MakeDir".
       Task "WriteLinesToFile"
         Skipping write to file "obj\Debug\net10.0\FoodStreetPoiAdmin.csproj.FileListAbsolute.txt" because content would not change.
       Done executing task "WriteLinesToFile".
   1:7>Done building target "_CleanRecordFileWrites" in project "FoodStreetPoiAdmin.csproj".
   1:7>Done Building Project "E:\Study_project\C#\FoodStreet\FoodStreet\FoodStreetPoiAdmin\FoodStreetPoiAdmin.csproj" (default targets) -- FAILED.

Build FAILED.

       "E:\Study_project\C#\FoodStreet\FoodStreet\FoodStreetPoiAdmin\FoodStreetPoiAdmin.csproj" (default target) (1:7) ->
       (CoreCompile target) -> 
         E:\Study_project\C#\FoodStreet\FoodStreet\FoodStreetPoiAdmin\Program.cs(2361,78): warning CS8321: The local function 'FindAdminForLoginAsync' is declared but never used [E:\Study_project\C#\FoodStreet\FoodStreet\FoodStreetPoiAdmin\FoodStreetPoiAdmin.csproj]
         E:\Study_project\C#\FoodStreet\FoodStreet\FoodStreetPoiAdmin\Program.cs(2397,42): warning CS8321: The local function 'GetOwnerAccountsAsync' is declared but never used [E:\Study_project\C#\FoodStreet\FoodStreet\FoodStreetPoiAdmin\FoodStreetPoiAdmin.csproj]
         E:\Study_project\C#\FoodStreet\FoodStreet\FoodStreetPoiAdmin\Program.cs(2592,39): warning CS8321: The local function 'GetPoisForMobileAsync' is declared but never used [E:\Study_project\C#\FoodStreet\FoodStreet\FoodStreetPoiAdmin\FoodStreetPoiAdmin.csproj]
         E:\Study_project\C#\FoodStreet\FoodStreet\FoodStreetPoiAdmin\Program.cs(3213,25): warning CS8321: The local function 'RecordUserActivityAsync' is declared but never used [E:\Study_project\C#\FoodStreet\FoodStreet\FoodStreetPoiAdmin\FoodStreetPoiAdmin.csproj]


       "E:\Study_project\C#\FoodStreet\FoodStreet\FoodStreetPoiAdmin\FoodStreetPoiAdmin.csproj" (default target) (1:7) ->
       (CoreCompile target) -> 
         E:\Study_project\C#\FoodStreet\FoodStreet\FoodStreetPoiAdmin\Program.cs(4028,21): error CS0117: 'PoiMobileDto' does not contain a definition for 'AudioLang' [E:\Study_project\C#\FoodStreet\FoodStreet\FoodStreetPoiAdmin\FoodStreetPoiAdmin.csproj]
         E:\Study_project\C#\FoodStreet\FoodStreet\FoodStreetPoiAdmin\Program.cs(171,38): error CS1061: 'AdminResult' does not contain a definition for 'Value' and no accessible extension method 'Value' accepting a first argument of type 'AdminResult' could be found (are you missing a using directive or an assembly reference?) [E:\Study_project\C#\FoodStreet\FoodStreet\FoodStreetPoiAdmin\FoodStreetPoiAdmin.csproj]
         E:\Study_project\C#\FoodStreet\FoodStreet\FoodStreetPoiAdmin\Program.cs(171,54): error CS1061: 'AdminResult' does not contain a definition for 'Value' and no accessible extension method 'Value' accepting a first argument of type 'AdminResult' could be found (are you missing a using directive or an assembly reference?) [E:\Study_project\C#\FoodStreet\FoodStreet\FoodStreetPoiAdmin\FoodStreetPoiAdmin.csproj]
         E:\Study_project\C#\FoodStreet\FoodStreet\FoodStreetPoiAdmin\Program.cs(171,76): error CS1061: 'AdminResult' does not contain a definition for 'Value' and no accessible extension method 'Value' accepting a first argument of type 'AdminResult' could be found (are you missing a using directive or an assembly reference?) [E:\Study_project\C#\FoodStreet\FoodStreet\FoodStreetPoiAdmin\FoodStreetPoiAdmin.csproj]
         E:\Study_project\C#\FoodStreet\FoodStreet\FoodStreetPoiAdmin\Program.cs(171,94): error CS1061: 'AdminResult' does not contain a definition for 'Value' and no accessible extension method 'Value' accepting a first argument of type 'AdminResult' could be found (are you missing a using directive or an assembly reference?) [E:\Study_project\C#\FoodStreet\FoodStreet\FoodStreetPoiAdmin\FoodStreetPoiAdmin.csproj]
         E:\Study_project\C#\FoodStreet\FoodStreet\FoodStreetPoiAdmin\Program.cs(177,24): error CS1061: 'AdminResult' does not contain a definition for 'Value' and no accessible extension method 'Value' accepting a first argument of type 'AdminResult' could be found (are you missing a using directive or an assembly reference?) [E:\Study_project\C#\FoodStreet\FoodStreet\FoodStreetPoiAdmin\FoodStreetPoiAdmin.csproj]
         E:\Study_project\C#\FoodStreet\FoodStreet\FoodStreetPoiAdmin\Program.cs(178,30): error CS1061: 'AdminResult' does not contain a definition for 'Value' and no accessible extension method 'Value' accepting a first argument of type 'AdminResult' could be found (are you missing a using directive or an assembly reference?) [E:\Study_project\C#\FoodStreet\FoodStreet\FoodStreetPoiAdmin\FoodStreetPoiAdmin.csproj]
         E:\Study_project\C#\FoodStreet\FoodStreet\FoodStreetPoiAdmin\Program.cs(179,26): error CS1061: 'AdminResult' does not contain a definition for 'Value' and no accessible extension method 'Value' accepting a first argument of type 'AdminResult' could be found (are you missing a using directive or an assembly reference?) [E:\Study_project\C#\FoodStreet\FoodStreet\FoodStreetPoiAdmin\FoodStreetPoiAdmin.csproj]
         E:\Study_project\C#\FoodStreet\FoodStreet\FoodStreetPoiAdmin\Program.cs(180,30): error CS1061: 'AdminResult' does not contain a definition for 'Value' and no accessible extension method 'Value' accepting a first argument of type 'AdminResult' could be found (are you missing a using directive or an assembly reference?) [E:\Study_project\C#\FoodStreet\FoodStreet\FoodStreetPoiAdmin\FoodStreetPoiAdmin.csproj]

    4 Warning(s)
    9 Error(s)

Time Elapsed 00:00:02.66
